passenger_id,first_name,last_name,frequent_flyer,weight,travel_style,baggage_count,check_in_preference,hair,eyes,skin_tone,clothes
P0001,Rin,Nowak,NO,3,SOLO,1,KIOSK,black_f,black,tone_4,blue
P0002,Quang,Agyeman,NO,3,BUSINESS,1,DESK,black_f,blue,tone_2,suit
P0003,Trang,Campbell,NO,3,SOLO,2,ONLINE,black,blue,tone_1,red
P0004,Nathan,Campbell,NO,2,BUSINESS,1,ONLINE,brunette_f,black,tone_6,blue
P0005,Phoebe,Agyeman,YES,5,LEISURE,1,ONLINE,brunette,black,tone_1,blue
P0006,Jasleen,Malhotra,YES,9,LEISURE,1,DESK,brunette,black,tone_2,suit
P0007,Khalid,Ito,NO,3,LEISURE,1,KIOSK,blonde_f,blue,tone_4,olive+green
P0008,Meera,Russell,YES,8,LEISURE,1,KIOSK,brunette_f,black,tone_2,suit
P0009,Nathan,Stewart,NO,2,LEISURE,0,KIOSK,brunette_f,blue,tone_2,suit
P0010,Chloe,Kaminski,NO,1,BUSINESS,1,KIOSK,blonde,blue,tone_4,suit
P0011,Jordan,Byrne,YES,10,LEISURE,1,ONLINE,blonde,black,tone_4,olive+green
P0012,Linh,Wilson,NO,1,LEISURE,1,ONLINE,black,black,tone_3,suit
P0013,Vivaan,Rahman,NO,1,LEISURE,1,DESK,blonde_f,blue,tone_3,olive+green
P0014,Hao,Watson,YES,7,LEISURE,2,DESK,blonde,black,tone_3,blue
P0015,Wei,Rao,NO,2,SOLO,1,DESK,black_f,black,tone_3,blue
P0016,Benjamin,Nowak,NO,1,FAMILY,2,DESK,blonde,black,tone_3,suit
P0017,Casey,Moretti,NO,2,BUSINESS,0,ONLINE,blonde,black,tone_6,olive+green
P0018,Rin,Ferrari,NO,1,LEISURE,2,ONLINE,brunette_f,blue,tone_1,suit
P0019,Tariq,Young,NO,1,BUSINESS,0,ONLINE,blonde,black,tone_2,suit
P0020,Matteo,Hall,YES,10,LEISURE,2,DESK,brunette_f,blue,tone_5,olive+green
P0021,Camille,Moreau,NO,1,LEISURE,1,DESK,blonde,black,tone_2,red
P0022,Anja,Shah,NO,2,LEISURE,1,KIOSK,black_f,black,tone_6,olive+green
P0023,Ren,Eze,NO,1,LEISURE,0,KIOSK,brunette_f,blue,tone_5,red
P0024,Yasmin,Yamamoto,NO,1,FAMILY,2,DESK,brunette_f,black,tone_5,suit
P0025,Riya,Boateng,NO,1,SOLO,1,DESK,blonde_f,black,tone_3,red
P0026,Hannah,Adams,NO,1,LEISURE,1,KIOSK,brunette,blue,tone_4,suit
P0027,Obinna,Francis,NO,1,FAMILY,3,DESK,black,blue,tone_3,red
P0028,Camila,Boateng,NO,1,BUSINESS,0,ONLINE,brunette,blue,tone_3,suit
P0029,Jack,Camara,NO,2,SOLO,0,KIOSK,black,blue,tone_5,suit
P0030,Nisha,Hussain,NO,1,LEISURE,1,DESK,blonde,blue,tone_4,suit
P0031,Nhi,Li,NO,2,FAMILY,2,ONLINE,brunette_f,blue,tone_3,suit
P0032,Ryan,Malik,NO,2,LEISURE,0,ONLINE,blonde,blue,tone_3,suit
P0033,Obinna,Chen,NO,1,FAMILY,2,KIOSK,blonde,blue,tone_5,olive+green
P0034,Karim,Huynh,NO,3,LEISURE,1,ONLINE,blonde,blue,tone_5,suit
P0035,Jian,Petit,NO,1,LEISURE,0,ONLINE,blonde,black,tone_1,olive+green
P0036,Karim,Jackson,NO,1,SOLO,0,DESK,black,blue,tone_6,suit
P0037,James,Garcia,YES,6,FAMILY,2,DESK,brunette_f,blue,tone_1,blue
P0038,Casey,Byrne,NO,3,LEISURE,1,DESK,brunette,black,tone_1,red
P0039,David,Morgan,NO,2,LEISURE,1,ONLINE,brunette,blue,tone_2,blue
P0040,Joon,Taylor,NO,3,BUSINESS,1,KIOSK,black,black,tone_4,olive+green
P0041,Nathan,Akhtar,YES,10,LEISURE,2,ONLINE,blonde_f,blue,tone_2,blue
P0042,Oisin,Romano,NO,2,FAMILY,2,DESK,black_f,black,tone_2,olive+green
P0043,Johanna,Schneider,NO,2,SOLO,0,ONLINE,brunette_f,blue,tone_4,red
P0044,Lucie,Phan,NO,2,FAMILY,1,DESK,black,black,tone_5,blue
P0045,Alfie,Kim,NO,2,SOLO,0,DESK,blonde_f,blue,tone_6,olive+green
P0046,Neil,Nair,NO,2,LEISURE,1,DESK,blonde_f,blue,tone_2,red
P0047,Leo,White,NO,2,LEISURE,0,ONLINE,blonde_f,black,tone_3,olive+green
P0048,Diya,Murphy,YES,5,LEISURE,1,ONLINE,brunette,black,tone_1,red
P0049,Bilal,Zhang,NO,2,BUSINESS,1,ONLINE,black_f,blue,tone_5,red
P0050,Simran,Jimenez,NO,3,LEISURE,1,KIOSK,blonde_f,blue,tone_5,olive+green
P0051,Alessia,Liu,NO,2,BUSINESS,1,ONLINE,black_f,black,tone_4,red
P0052,Yasmin,Sow,NO,1,FAMILY,3,DESK,blonde_f,blue,tone_1,suit
P0053,Jack,Sharma,YES,9,FAMILY,2,DESK,blonde_f,black,tone_3,olive+green
P0054,Kojo,Young,NO,1,SOLO,1,ONLINE,black,blue,tone_2,olive+green
P0055,Alessia,Bianchi,NO,3,LEISURE,0,KIOSK,brunette_f,blue,tone_4,suit
P0056,Sami,Zhang,YES,6,BUSINESS,1,ONLINE,black,black,tone_6,olive+green
P0057,Nari,Owusu,NO,2,LEISURE,1,ONLINE,brunette_f,black,tone_3,suit
P0058,Henry,Singh,YES,7,BUSINESS,1,KIOSK,brunette,blue,tone_6,blue
P0059,Sota,Nwosu,YES,5,LEISURE,0,ONLINE,brunette_f,black,tone_6,red
P0060,Ibrahim,Phan,YES,6,BUSINESS,1,KIOSK,blonde,blue,tone_3,blue
P0061,Aanya,Jones,NO,3,FAMILY,2,ONLINE,black,blue,tone_4,red
P0062,Charlotte,Wisniewski,NO,2,BUSINESS,0,ONLINE,brunette_f,blue,tone_4,blue
P0063,Ahmed,Nwosu,NO,2,BUSINESS,0,DESK,black_f,black,tone_6,suit
P0064,Henry,Rahman,NO,3,LEISURE,1,DESK,black,black,tone_6,olive+green
P0065,Declan,Nowak,NO,2,BUSINESS,1,ONLINE,blonde_f,blue,tone_5,blue
P0066,Alessia,Russell,NO,1,FAMILY,3,ONLINE,brunette_f,blue,tone_5,red
P0067,Lena,Roberts,NO,1,SOLO,1,KIOSK,blonde,blue,tone_2,red
P0068,David,Scott,NO,3,SOLO,0,DESK,brunette_f,blue,tone_3,suit
P0069,Ruby,Watson,YES,7,SOLO,1,KIOSK,blonde_f,black,tone_3,blue
P0070,Veer,Kowalski,NO,3,LEISURE,1,ONLINE,brunette_f,blue,tone_5,olive+green
P0071,Hassan,Mahmood,NO,2,LEISURE,1,DESK,brunette_f,blue,tone_1,olive+green
P0072,Jacob,Boateng,NO,2,BUSINESS,0,KIOSK,brunette,blue,tone_5,suit
P0073,Ali,Mitchell,NO,2,LEISURE,1,KIOSK,black_f,blue,tone_6,red
P0074,Jordan,Lopez,YES,5,LEISURE,1,DESK,brunette,blue,tone_2,red
P0075,Declan,Kang,NO,1,LEISURE,2,KIOSK,black,black,tone_2,red
P0076,Bilal,Kim,NO,1,SOLO,0,ONLINE,blonde,black,tone_3,suit
P0077,Mai,Verma,NO,1,SOLO,2,ONLINE,brunette,black,tone_2,olive+green
P0078,Mariam,Lewandowski,NO,2,LEISURE,2,KIOSK,brunette,blue,tone_2,blue
P0079,Lily,Stewart,NO,1,LEISURE,1,KIOSK,brunette,black,tone_1,red
P0080,Vihaan,Weber,YES,6,BUSINESS,1,DESK,brunette_f,black,tone_2,red
P0081,Sam,Perez,NO,1,LEISURE,1,DESK,brunette,blue,tone_1,suit
P0082,Jordan,Kaminski,NO,1,LEISURE,1,DESK,brunette_f,black,tone_6,olive+green
P0083,Anja,Petit,NO,3,BUSINESS,0,ONLINE,blonde,blue,tone_6,suit
P0084,Molly,Sidhu,NO,2,FAMILY,2,DESK,blonde_f,blue,tone_1,blue
P0085,Phoebe,Mensah,NO,1,FAMILY,2,DESK,black_f,blue,tone_2,suit
P0086,Michael,Roberts,NO,1,FAMILY,2,KIOSK,brunette,black,tone_1,blue
P0087,Alex,Leroy,NO,2,LEISURE,1,KIOSK,black_f,black,tone_3,red
P0088,Charlie,Ryan,NO,3,LEISURE,2,DESK,blonde,blue,tone_6,red
P0089,Jordan,Phan,NO,3,BUSINESS,0,ONLINE,blonde,blue,tone_1,suit
P0090,Tara,Robinson,NO,2,SOLO,1,ONLINE,black_f,blue,tone_5,red
P0091,Isabella,Foster,NO,3,SOLO,1,DESK,blonde,black,tone_4,blue
P0092,Arnav,Bennett,NO,3,SOLO,0,DESK,blonde,black,tone_4,blue
P0093,Hamza,Bailey,NO,3,BUSINESS,0,ONLINE,black,blue,tone_1,olive+green
P0094,Lily,Brar,NO,2,BUSINESS,1,ONLINE,black,black,tone_1,red
P0095,Diego,Zielinski,YES,9,LEISURE,1,DESK,black_f,blue,tone_3,blue
P0096,Amina,White,YES,6,SOLO,2,DESK,black_f,blue,tone_5,olive+green
P0097,Isla,Lewandowski,NO,1,SOLO,0,DESK,brunette_f,black,tone_4,blue
P0098,Kojo,Jackson,NO,2,SOLO,2,ONLINE,black_f,blue,tone_4,suit
P0099,Riya,Bennett,NO,2,FAMILY,2,DESK,black_f,black,tone_2,olive+green
P0100,Ayana,Liu,YES,10,SOLO,1,ONLINE,black_f,blue,tone_3,olive+green
P0101,Grace,Rodriguez,YES,7,BUSINESS,1,ONLINE,blonde,blue,tone_2,suit
P0102,Manon,Wang,NO,1,FAMILY,3,DESK,black,black,tone_4,suit
P0103,Manon,Malhotra,NO,2,LEISURE,1,KIOSK,blonde_f,black,tone_3,blue
P0104,Kojo,Ferrari,YES,8,LEISURE,1,KIOSK,black_f,black,tone_1,olive+green
P0105,Cian,Siddiqui,NO,2,FAMILY,2,DESK,blonde,blue,tone_5,olive+green
P0106,Kacper,Vu,NO,1,LEISURE,1,KIOSK,black,black,tone_6,olive+green
P0107,Ren,Jones,NO,1,LEISURE,1,ONLINE,blonde_f,black,tone_6,suit
P0108,Cameron,Walker,NO,3,SOLO,1,KIOSK,brunette,black,tone_4,olive+green
P0109,Imani,Taylor,NO,1,LEISURE,1,DESK,black_f,blue,tone_1,blue
P0110,Niamh,Reddy,NO,3,SOLO,0,DESK,brunette,blue,tone_6,red
P0111,Charlotte,Okafor,NO,1,BUSINESS,1,KIOSK,brunette,blue,tone_4,blue
P0112,Manpreet,White,NO,2,BUSINESS,1,DESK,blonde_f,blue,tone_1,suit
P0113,Joon,Hussain,NO,3,FAMILY,1,DESK,blonde,black,tone_4,suit
P0114,Jian,Watson,NO,1,FAMILY,1,DESK,brunette,black,tone_2,red
P0115,Bao,Nasser,NO,1,FAMILY,1,DESK,brunette,black,tone_5,blue
P0116,Michael,Cho,NO,2,LEISURE,0,KIOSK,black,black,tone_3,blue
P0117,Minho,Wilson,NO,1,BUSINESS,0,ONLINE,blonde_f,black,tone_4,olive+green
P0118,Minji,Gomez,NO,2,SOLO,2,ONLINE,blonde_f,black,tone_3,red
P0119,Aryan,Watson,NO,1,LEISURE,0,ONLINE,blonde_f,blue,tone_3,suit
P0120,Arjun,Bose,NO,2,LEISURE,0,ONLINE,blonde,black,tone_2,red
P0121,Camille,Mehta,NO,2,LEISURE,2,DESK,brunette_f,black,tone_3,suit
P0122,Lily,Anderson,NO,1,BUSINESS,1,ONLINE,blonde_f,black,tone_5,blue
P0123,Kwame,Kumar,NO,2,BUSINESS,0,ONLINE,brunette,blue,tone_5,blue
P0124,Emilia,Sidhu,YES,6,LEISURE,1,KIOSK,brunette_f,blue,tone_1,suit
P0125,Isla,Kapoor,NO,2,FAMILY,2,ONLINE,brunette_f,blue,tone_2,olive+green
P0126,Isha,Weber,NO,2,LEISURE,1,DESK,blonde_f,blue,tone_5,suit
P0127,Mila,Ito,NO,2,FAMILY,1,DESK,black,blue,tone_2,olive+green
P0128,Simran,Keita,NO,3,BUSINESS,0,KIOSK,blonde,blue,tone_5,suit
P0129,Jordan,Evans,NO,2,FAMILY,1,ONLINE,brunette,blue,tone_2,olive+green
P0130,Henry,Garcia,NO,1,LEISURE,1,DESK,brunette_f,blue,tone_5,red
P0131,Ibrahim,Francis,YES,7,BUSINESS,0,ONLINE,black_f,blue,tone_6,suit
P0132,Hana,Wisniewski,NO,1,LEISURE,1,DESK,black,black,tone_4,red
P0133,Mia,Collins,NO,1,FAMILY,2,DESK,brunette_f,blue,tone_4,olive+green
P0134,Hamza,Francis,NO,1,LEISURE,1,ONLINE,blonde_f,black,tone_1,olive+green
P0135,Veer,Boateng,YES,5,LEISURE,1,DESK,black_f,blue,tone_1,blue
P0136,Vivaan,Dubois,NO,3,LEISURE,1,KIOSK,brunette_f,black,tone_6,blue
P0137,Jacob,Muller,NO,1,FAMILY,3,KIOSK,blonde_f,blue,tone_3,suit
P0138,Phoebe,Mehta,NO,1,SOLO,1,DESK,blonde,blue,tone_1,suit
P0139,Sota,Kelly,NO,1,LEISURE,0,DESK,black_f,black,tone_4,red
P0140,Felix,Okafor,NO,2,LEISURE,1,ONLINE,black,black,tone_2,suit
P0141,Isabella,Ahmed,YES,5,LEISURE,1,ONLINE,blonde_f,black,tone_6,olive+green
P0142,Ahmed,Kaminski,NO,1,SOLO,1,DESK,black,black,tone_3,olive+green
P0143,Jakub,Lee,NO,1,LEISURE,2,ONLINE,brunette_f,blue,tone_5,blue
P0144,Lucie,Durand,NO,1,SOLO,1,ONLINE,black,black,tone_1,blue
P0145,Luca,Kaminski,NO,3,FAMILY,3,KIOSK,black,black,tone_5,blue
P0146,Mariam,Okafor,NO,1,BUSINESS,0,ONLINE,blonde,blue,tone_5,blue
P0147,Layla,Traore,NO,2,LEISURE,1,KIOSK,blonde,black,tone_5,olive+green
P0148,Meera,Mensah,NO,1,LEISURE,2,ONLINE,black_f,black,tone_3,blue
P0149,Imran,Haddad,YES,5,FAMILY,1,DESK,black,blue,tone_6,olive+green
P0150,Dev,Toure,YES,8,BUSINESS,0,ONLINE,black,blue,tone_5,suit
P0151,Sakura,Owusu,NO,2,BUSINESS,2,ONLINE,black,black,tone_2,blue
P0152,Ryan,Owusu,NO,2,LEISURE,1,KIOSK,brunette,blue,tone_5,suit
P0153,Chidi,Huang,NO,2,BUSINESS,0,DESK,black_f,black,tone_1,olive+green
P0154,Alfie,Adeyemi,NO,1,LEISURE,1,KIOSK,blonde,black,tone_5,suit
P0155,Bethany,Carter,NO,1,LEISURE,2,DESK,black_f,black,tone_5,red
P0156,Minho,Camara,NO,3,FAMILY,2,DESK,blonde,black,tone_3,suit
P0157,Gurpreet,Keita,NO,1,SOLO,1,ONLINE,blonde,black,tone_5,olive+green
P0158,Zuri,Fofana,NO,2,LEISURE,0,DESK,black_f,black,tone_5,suit
P0159,Nia,Owusu,NO,2,BUSINESS,1,ONLINE,black_f,blue,tone_5,suit
P0160,Yusuf,Walker,NO,1,LEISURE,1,ONLINE,brunette_f,black,tone_6,blue
P0161,Isha,Camara,NO,3,LEISURE,1,KIOSK,black,blue,tone_3,olive+green
P0162,Adam,Gomez,NO,2,LEISURE,0,KIOSK,blonde,black,tone_2,blue
P0163,Harriet,Bose,NO,2,LEISURE,1,ONLINE,black,blue,tone_6,blue
P0164,Sebastian,Shah,NO,1,SOLO,2,KIOSK,brunette,blue,tone_3,red
P0165,Linh,Watanabe,NO,3,LEISURE,1,DESK,black,black,tone_5,olive+green
P0166,Wei,Jung,NO,3,LEISURE,2,ONLINE,brunette,black,tone_2,suit
P0167,Daichi,Shah,NO,2,LEISURE,1,ONLINE,brunette_f,blue,tone_5,suit
P0168,Imran,Morgan,NO,1,BUSINESS,0,ONLINE,blonde,blue,tone_1,suit
P0169,Louis,Park,NO,2,SOLO,1,ONLINE,brunette,blue,tone_1,red
P0170,Aarav,Agyeman,NO,3,LEISURE,1,ONLINE,blonde,black,tone_2,red
P0171,Bethany,Desai,NO,3,LEISURE,1,ONLINE,black,blue,tone_3,blue
P0172,Akira,Okafor,NO,1,LEISURE,0,ONLINE,brunette,black,tone_2,suit
P0173,Manpreet,Siddiqui,YES,10,LEISURE,0,ONLINE,brunette,blue,tone_3,olive+green
P0174,Adam,Chen,NO,2,LEISURE,1,ONLINE,brunette,blue,tone_5,red
P0175,Minji,Jimenez,NO,3,FAMILY,2,DESK,brunette,black,tone_4,olive+green
P0176,Krish,Moretti,NO,1,LEISURE,1,DESK,blonde,black,tone_2,blue
P0177,Nisha,Stewart,NO,1,SOLO,1,KIOSK,brunette,black,tone_5,red
P0178,Greta,Gray,NO,2,LEISURE,2,ONLINE,black,black,tone_2,red
P0179,Vivaan,Asante,NO,1,LEISURE,1,DESK,brunette_f,blue,tone_1,blue
P0180,Lily,Dang,NO,2,FAMILY,2,DESK,brunette,blue,tone_6,red
P0181,Sophie,Suzuki,NO,2,BUSINESS,1,ONLINE,black_f,black,tone_2,olive+green
P0182,Muhammad,Moreau,YES,7,BUSINESS,1,ONLINE,brunette_f,blue,tone_6,blue
P0183,Rin,Owusu,NO,1,LEISURE,2,DESK,brunette,black,tone_5,red
P0184,Ruby,Smith,YES,10,BUSINESS,0,ONLINE,blonde_f,blue,tone_4,olive+green
P0185,Rahul,Byrne,NO,2,LEISURE,1,DESK,brunette,black,tone_1,olive+green
P0186,Kenji,Kumar,NO,3,BUSINESS,1,ONLINE,black,blue,tone_1,olive+green
P0187,Jack,Kapoor,YES,7,SOLO,2,DESK,black_f,blue,tone_5,red
P0188,Sophie,Leroy,YES,5,BUSINESS,1,DESK,black,blue,tone_3,blue
P0189,Luca,Williams,NO,1,BUSINESS,1,ONLINE,brunette,black,tone_4,suit
P0190,Rohan,Boateng,NO,1,SOLO,1,DESK,black,black,tone_2,olive+green
P0191,Georgia,Evans,NO,1,LEISURE,1,DESK,brunette_f,blue,tone_1,blue
P0192,Femi,Young,NO,1,LEISURE,2,DESK,brunette_f,blue,tone_3,blue
P0193,Jamie,Malhotra,NO,1,LEISURE,1,ONLINE,brunette_f,blue,tone_2,olive+green
P0194,Matteo,Yamamoto,NO,3,SOLO,1,ONLINE,brunette,black,tone_1,suit
P0195,Casey,Chen,NO,1,FAMILY,3,DESK,black,black,tone_2,blue
P0196,Evie,Bamba,NO,2,FAMILY,3,DESK,black,blue,tone_6,red
P0197,Ming,Ali,YES,9,SOLO,1,ONLINE,brunette_f,black,tone_1,suit
P0198,Bao,Vu,NO,2,LEISURE,2,ONLINE,black,blue,tone_6,suit
P0199,Harpreet,Scott,NO,1,LEISURE,1,ONLINE,blonde,blue,tone_5,olive+green
P0200,Isha,Durand,NO,1,SOLO,1,ONLINE,brunette,black,tone_2,red
P0201,Ayaan,Diallo,NO,2,LEISURE,1,ONLINE,brunette,blue,tone_5,olive+green
P0202,Ali,Williams,NO,1,SOLO,1,ONLINE,blonde_f,blue,tone_1,blue
P0203,Dhruv,Garcia,NO,3,LEISURE,1,ONLINE,brunette_f,blue,tone_4,suit
P0204,Vihaan,Huynh,NO,3,FAMILY,2,DESK,blonde_f,black,tone_1,red
P0205,Johanna,Sharma,NO,2,LEISURE,0,ONLINE,brunette_f,black,tone_1,olive+green
P0206,Hassan,Rodriguez,NO,1,LEISURE,1,KIOSK,brunette_f,blue,tone_6,blue
P0207,Tomasz,Camara,YES,6,SOLO,1,ONLINE,blonde_f,blue,tone_2,suit
P0208,Khalid,Dang,NO,2,BUSINESS,1,ONLINE,brunette_f,blue,tone_2,suit
P0209,Alejandro,Kang,NO,2,SOLO,1,ONLINE,black_f,blue,tone_5,blue
P0210,Ahmed,Conti,YES,7,LEISURE,2,ONLINE,brunette_f,black,tone_3,blue
P0211,Camila,Jung,NO,1,FAMILY,2,KIOSK,brunette_f,blue,tone_2,olive+green
P0212,Dev,Boateng,YES,10,LEISURE,1,ONLINE,blonde,blue,tone_2,blue
P0213,Ngozi,Yang,NO,1,LEISURE,0,DESK,brunette,blue,tone_3,olive+green
P0214,Diego,Mehta,YES,10,LEISURE,1,DESK,brunette_f,blue,tone_5,red
P0215,Ali,Yang,NO,3,SOLO,1,ONLINE,black,black,tone_6,suit
P0216,Ronan,Baker,NO,1,LEISURE,1,ONLINE,black_f,blue,tone_3,olive+green
P0217,Marco,Gallagher,YES,10,SOLO,0,DESK,black_f,black,tone_6,suit
P0218,Jakub,Bailey,YES,8,BUSINESS,1,ONLINE,blonde_f,blue,tone_3,red
P0219,Luca,Ferrari,NO,1,BUSINESS,1,ONLINE,black,black,tone_4,red
P0220,Aanya,Reddy,NO,2,BUSINESS,2,ONLINE,blonde_f,blue,tone_2,red
P0221,Anh,Khalil,NO,1,FAMILY,2,DESK,black_f,blue,tone_1,olive+green
P0222,Kiet,Johnson,NO,1,LEISURE,1,ONLINE,blonde_f,black,tone_5,olive+green
P0223,Mariam,Hussain,NO,2,LEISURE,0,ONLINE,brunette,black,tone_6,red
P0224,Imani,Evans,NO,2,LEISURE,1,ONLINE,blonde_f,black,tone_6,blue
P0225,Samir,Baker,NO,1,LEISURE,1,ONLINE,brunette_f,black,tone_3,red
P0226,Phoebe,Lee,NO,1,BUSINESS,1,KIOSK,black,black,tone_6,red
P0227,Aditya,Ryan,YES,5,BUSINESS,0,ONLINE,brunette_f,blue,tone_2,red
P0228,Emilia,Haddad,YES,9,BUSINESS,1,ONLINE,blonde,blue,tone_1,suit
P0229,Mandeep,Petit,NO,1,LEISURE,1,ONLINE,black_f,black,tone_3,blue
P0230,Sakura,Brown,YES,7,LEISURE,0,KIOSK,black_f,blue,tone_1,suit
P0231,Jasleen,Campbell,YES,7,SOLO,0,KIOSK,black,blue,tone_2,suit
P0232,Mai,Nasser,NO,2,LEISURE,1,ONLINE,brunette,blue,tone_5,suit
P0233,Kabir,Gomez,NO,2,LEISURE,0,ONLINE,black,black,tone_4,red
P0234,Louis,Yoon,NO,3,LEISURE,1,KIOSK,blonde_f,blue,tone_3,suit
P0235,Arthur,Bianchi,YES,7,BUSINESS,0,DESK,blonde,blue,tone_3,suit
P0236,Alex,Anderson,NO,2,LEISURE,0,ONLINE,blonde_f,blue,tone_3,red
P0237,Hugo,Keita,YES,9,FAMILY,2,ONLINE,black_f,black,tone_2,olive+green
P0238,Gabriel,Suzuki,YES,8,FAMILY,2,KIOSK,black_f,blue,tone_6,olive+green
P0239,Hannah,Scott,YES,7,BUSINESS,0,KIOSK,blonde,blue,tone_1,blue
P0240,Isabella,Singh,NO,3,LEISURE,1,ONLINE,brunette_f,blue,tone_5,red
P0241,Daichi,Kaminski,NO,1,SOLO,1,ONLINE,black,blue,tone_5,suit
P0242,Isla,Sow,NO,2,LEISURE,1,DESK,brunette,blue,tone_4,red
P0243,Grace,Gomez,NO,1,LEISURE,1,KIOSK,brunette_f,black,tone_3,blue
P0244,Giulia,Scott,NO,2,SOLO,1,DESK,brunette,black,tone_5,suit
P0245,Chidi,Young,YES,5,FAMILY,1,DESK,blonde_f,blue,tone_4,blue
P0246,Anja,Huang,YES,5,LEISURE,1,DESK,black,blue,tone_5,suit
P0247,Niamh,Robinson,NO,1,SOLO,1,DESK,blonde_f,black,tone_5,red
P0248,Amina,Ruiz,NO,2,BUSINESS,1,ONLINE,blonde,black,tone_5,blue
P0249,Tara,Durand,NO,1,LEISURE,1,ONLINE,blonde_f,black,tone_1,red
P0250,Eoin,Reed,NO,2,LEISURE,2,ONLINE,brunette_f,blue,tone_5,blue
P0251,Ryan,Yang,NO,1,LEISURE,0,ONLINE,brunette_f,blue,tone_4,red
P0252,Jasleen,Ruiz,YES,6,LEISURE,1,ONLINE,brunette,black,tone_4,red
P0253,Mai,Wilson,NO,2,FAMILY,2,DESK,blonde_f,black,tone_1,blue
P0254,Niamh,Mahmood,NO,1,LEISURE,0,DESK,black_f,blue,tone_6,olive+green
P0255,Tariq,Leroy,NO,1,LEISURE,0,ONLINE,black,black,tone_3,blue
P0256,Karim,Martinez,NO,1,BUSINESS,0,KIOSK,blonde_f,black,tone_5,blue
P0257,Rahul,Adams,NO,3,LEISURE,1,DESK,brunette_f,blue,tone_6,suit
P0258,Bao,Conti,NO,2,FAMILY,2,KIOSK,black,black,tone_2,suit
P0259,Camila,Mensah,NO,3,BUSINESS,1,ONLINE,black_f,blue,tone_6,suit
P0260,Haruto,Richards,NO,3,FAMILY,3,DESK,black_f,black,tone_4,blue
P0261,Jaspreet,Clarke,NO,1,LEISURE,1,KIOSK,blonde_f,blue,tone_5,red
P0262,Amelia,Nasser,YES,6,LEISURE,1,DESK,black_f,black,tone_3,suit
P0263,Cian,Wu,NO,3,BUSINESS,0,KIOSK,black_f,blue,tone_3,blue
P0264,Alfie,Kelly,NO,2,LEISURE,2,KIOSK,black,blue,tone_1,blue
P0265,Evie,Bennett,NO,3,BUSINESS,1,DESK,brunette,black,tone_1,suit
P0266,Jaspreet,Adams,NO,2,BUSINESS,1,ONLINE,black,black,tone_3,red
P0267,Ella,Fofana,YES,5,BUSINESS,0,ONLINE,blonde,black,tone_2,red
P0268,Yuki,Le,NO,1,FAMILY,3,ONLINE,blonde,blue,tone_4,suit
P0269,Obinna,Morgan,NO,3,LEISURE,1,KIOSK,black_f,blue,tone_3,olive+green
P0270,Nari,Chopra,NO,1,LEISURE,0,ONLINE,brunette,blue,tone_5,blue
P0271,Joon,Singh,YES,10,BUSINESS,0,KIOSK,blonde,blue,tone_5,blue
P0272,Tunde,Saleh,NO,1,FAMILY,3,DESK,brunette,blue,tone_5,olive+green
P0273,Luke,Takahashi,NO,1,LEISURE,1,ONLINE,brunette,black,tone_3,blue
P0274,Sota,Pham,NO,2,FAMILY,2,DESK,brunette_f,blue,tone_1,blue
P0275,Amrit,Martinez,NO,1,LEISURE,0,ONLINE,brunette_f,black,tone_1,red
P0276,Hassan,Malhotra,NO,1,LEISURE,1,ONLINE,blonde_f,black,tone_1,olive+green
P0277,Jasleen,Wilson,YES,7,LEISURE,0,KIOSK,brunette,black,tone_5,suit
P0278,Daichi,Tanaka,NO,2,SOLO,1,DESK,black,blue,tone_4,suit
P0279,Luca,Tran,YES,10,FAMILY,2,DESK,black,black,tone_2,blue
P0280,Greta,Rahman,NO,1,SOLO,0,ONLINE,brunette_f,blue,tone_1,red
P0281,Veer,Park,NO,2,SOLO,2,ONLINE,black,black,tone_1,suit
P0282,Yasmin,Ferrari,NO,2,BUSINESS,0,KIOSK,blonde,black,tone_3,olive+green
P0283,Isla,Shah,NO,1,LEISURE,0,ONLINE,brunette_f,blue,tone_3,red
P0284,Tao,Joshi,NO,1,FAMILY,2,ONLINE,blonde,blue,tone_2,olive+green
P0285,Yuki,Bianchi,NO,1,FAMILY,3,ONLINE,black,black,tone_3,suit
P0286,Mandeep,Hussain,NO,1,FAMILY,1,DESK,black,blue,tone_6,red
P0287,Karim,Ahmed,NO,1,SOLO,1,ONLINE,brunette,black,tone_6,suit
P0288,Minji,Jackson,NO,1,LEISURE,0,DESK,black,blue,tone_4,suit
P0289,Camila,O'Brien,NO,2,BUSINESS,1,KIOSK,brunette_f,black,tone_2,olive+green
P0290,Hao,Martinez,NO,1,SOLO,0,DESK,black_f,black,tone_5,blue
P0291,Cian,Moreau,YES,5,LEISURE,1,ONLINE,black,black,tone_4,red
P0292,Camille,Robinson,NO,1,SOLO,1,DESK,blonde_f,blue,tone_4,red
P0293,Sophia,Kaur,NO,1,BUSINESS,0,ONLINE,black_f,black,tone_3,suit
P0294,Michael,Okafor,NO,3,BUSINESS,1,ONLINE,brunette_f,black,tone_1,blue
P0295,Gurpreet,Ali,YES,9,FAMILY,2,DESK,brunette,blue,tone_4,olive+green
P0296,Jelani,Walker,NO,3,LEISURE,1,ONLINE,blonde_f,blue,tone_5,red
P0297,Mai,Rahman,NO,1,FAMILY,2,KIOSK,blonde_f,blue,tone_1,olive+green
P0298,Georgia,Bennett,NO,1,FAMILY,3,ONLINE,blonde,black,tone_5,red
P0299,Grace,Schmidt,NO,1,FAMILY,3,KIOSK,brunette,blue,tone_5,blue
P0300,Niklas,Doyle,NO,1,BUSINESS,1,KIOSK,black,blue,tone_3,blue
P0301,Salma,Rossi,YES,9,FAMILY,3,DESK,blonde,blue,tone_3,olive+green
P0302,Phoebe,Wu,NO,2,LEISURE,1,ONLINE,blonde,black,tone_5,suit
P0303,Obinna,Mahmood,NO,1,FAMILY,3,DESK,brunette,blue,tone_1,olive+green
P0304,Thomas,Martinez,NO,1,LEISURE,1,ONLINE,black_f,blue,tone_5,blue
P0305,Niklas,Jackson,NO,2,LEISURE,1,DESK,brunette_f,black,tone_4,red
P0306,Omar,Rahman,YES,9,LEISURE,1,KIOSK,black_f,black,tone_5,red
P0307,Avery,Hussain,YES,9,SOLO,2,ONLINE,brunette_f,black,tone_5,blue
P0308,Neil,Williams,YES,7,BUSINESS,1,ONLINE,black,blue,tone_5,red
P0309,Lena,Nair,NO,1,LEISURE,1,DESK,brunette_f,black,tone_5,suit
P0310,Kavya,Howard,NO,2,BUSINESS,1,ONLINE,black_f,black,tone_1,olive+green
P0311,Jack,Morgan,NO,1,LEISURE,1,DESK,blonde_f,blue,tone_5,suit
P0312,Giulia,Akhtar,YES,10,BUSINESS,0,KIOSK,blonde,blue,tone_4,red
P0313,Mei,Fischer,YES,9,LEISURE,1,ONLINE,blonde,blue,tone_3,blue
P0314,Khalid,Boateng,NO,3,LEISURE,0,DESK,blonde_f,black,tone_3,red
P0315,Hana,Mitchell,NO,1,BUSINESS,1,ONLINE,black,blue,tone_5,suit
P0316,Imran,Grant,YES,6,LEISURE,1,ONLINE,brunette,black,tone_6,olive+green
P0317,Rohan,Rossi,NO,1,LEISURE,2,KIOSK,blonde_f,blue,tone_4,olive+green
P0318,Camila,Tanaka,NO,1,LEISURE,1,DESK,blonde,blue,tone_2,blue
P0319,Samir,Asante,NO,2,LEISURE,0,KIOSK,brunette_f,black,tone_6,olive+green
P0320,Karim,Taylor,NO,1,LEISURE,2,ONLINE,black,blue,tone_4,olive+green
P0321,Ella,Gray,YES,5,BUSINESS,1,DESK,black,black,tone_1,suit
P0322,Ibrahim,Schmidt,NO,1,BUSINESS,0,DESK,blonde_f,blue,tone_5,red
P0323,Molly,Wang,NO,1,BUSINESS,1,ONLINE,black,blue,tone_6,red
P0324,Isla,Rodriguez,NO,2,LEISURE,0,DESK,blonde,black,tone_2,blue
P0325,Meera,Ricci,NO,3,FAMILY,3,ONLINE,blonde_f,black,tone_2,olive+green
P0326,Riley,Roberts,NO,1,SOLO,1,DESK,blonde,blue,tone_4,red
P0327,Aditya,Suzuki,NO,2,SOLO,0,ONLINE,brunette,blue,tone_4,olive+green
P0328,Charlotte,Mahmood,NO,1,SOLO,1,ONLINE,brunette,blue,tone_4,blue
P0329,Kabir,Francis,NO,3,BUSINESS,1,ONLINE,black,blue,tone_2,suit
P0330,Jules,Scott,NO,3,BUSINESS,1,ONLINE,blonde,blue,tone_2,red
P0331,Declan,Gomez,YES,6,SOLO,1,ONLINE,brunette,black,tone_5,suit
P0332,Kavya,Chen,NO,3,LEISURE,2,KIOSK,brunette_f,blue,tone_1,suit
P0333,Lena,Conti,NO,1,LEISURE,1,KIOSK,brunette_f,blue,tone_3,olive+green
P0334,Akira,Khalil,YES,8,FAMILY,3,KIOSK,black,blue,tone_1,olive+green
P0335,Aanya,Jackson,NO,3,LEISURE,0,DESK,brunette_f,blue,tone_5,olive+green
P0336,Hugo,Thomas,NO,1,BUSINESS,0,ONLINE,black,black,tone_4,olive+green
P0337,Eoin,Rossi,NO,1,SOLO,2,DESK,brunette,black,tone_1,blue
P0338,James,Clarke,YES,8,LEISURE,0,ONLINE,blonde_f,blue,tone_6,olive+green
P0339,Imran,Verma,NO,1,SOLO,2,KIOSK,brunette_f,black,tone_2,suit
P0340,Salma,Sandhu,NO,2,LEISURE,1,KIOSK,black,black,tone_6,olive+green
P0341,Rahul,Murphy,NO,2,LEISURE,2,ONLINE,blonde,blue,tone_5,blue
P0342,Aanya,Schmidt,NO,2,LEISURE,0,KIOSK,black_f,blue,tone_1,olive+green
P0343,Harpreet,Ahmed,NO,3,LEISURE,1,ONLINE,black,black,tone_5,blue
P0344,Kavya,Rahman,NO,1,FAMILY,3,ONLINE,blonde_f,black,tone_3,suit
P0345,Victoria,Ruiz,NO,2,FAMILY,3,KIOSK,black_f,blue,tone_2,blue
P0346,Mateo,Toure,NO,1,LEISURE,0,KIOSK,brunette,black,tone_6,blue
P0347,Thomas,Kelly,NO,1,LEISURE,0,ONLINE,black,black,tone_1,red
P0348,Niklas,Kelly,NO,2,LEISURE,0,DESK,black_f,black,tone_6,suit
P0349,Kenji,Weber,NO,3,BUSINESS,1,ONLINE,brunette_f,blue,tone_2,suit
P0350,Gurpreet,Li,YES,6,LEISURE,1,DESK,black,black,tone_3,blue
P0351,Manon,Balogun,NO,1,FAMILY,1,DESK,brunette_f,black,tone_5,blue
P0352,Hyejin,Robinson,NO,2,FAMILY,3,ONLINE,black_f,blue,tone_1,red
P0353,Jules,Kim,NO,1,LEISURE,1,ONLINE,black,black,tone_6,blue
P0354,Avery,Malik,YES,7,LEISURE,0,KIOSK,black_f,black,tone_4,suit
P0355,Kacper,Sanchez,YES,8,FAMILY,3,DESK,brunette_f,blue,tone_3,suit
P0356,Cameron,Wu,NO,2,LEISURE,1,ONLINE,black_f,blue,tone_5,red
P0357,Jisoo,Huang,YES,8,BUSINESS,1,DESK,black,black,tone_4,suit
P0358,Simran,Young,YES,6,BUSINESS,1,ONLINE,brunette,blue,tone_5,blue
P0359,Sophie,Wu,YES,10,SOLO,0,DESK,blonde,black,tone_2,olive+green
P0360,Alessia,Anderson,YES,7,FAMILY,2,KIOSK,brunette_f,blue,tone_5,red
P0361,Ade,Ahmed,NO,3,LEISURE,1,ONLINE,blonde,black,tone_1,olive+green
P0362,Henry,Wright,NO,1,BUSINESS,0,DESK,brunette_f,blue,tone_6,red
P0363,Victoria,Vu,NO,1,LEISURE,2,ONLINE,blonde_f,black,tone_1,suit
P0364,Rahul,Williams,NO,1,LEISURE,2,DESK,black,black,tone_3,olive+green
P0365,Malik,Nguyen,NO,2,FAMILY,3,ONLINE,black_f,black,tone_1,olive+green
P0366,Jules,Richards,NO,3,LEISURE,1,DESK,black,blue,tone_6,red
P0367,Emeka,Adeyemi,NO,1,LEISURE,0,ONLINE,brunette_f,blue,tone_1,red
P0368,Krish,Bailey,NO,3,LEISURE,1,ONLINE,blonde_f,blue,tone_5,red
P0369,Minh,Reddy,NO,1,BUSINESS,0,ONLINE,black,black,tone_4,red
P0370,Oisin,Ruiz,YES,8,LEISURE,2,ONLINE,blonde,blue,tone_1,blue
P0371,Dhruv,Adeyemi,NO,1,LEISURE,1,KIOSK,blonde,black,tone_6,blue
P0372,Emilia,Thompson,NO,3,LEISURE,2,KIOSK,black,black,tone_2,suit
P0373,Camila,Pham,NO,1,BUSINESS,0,ONLINE,black_f,blue,tone_6,olive+green
P0374,Marek,Jimenez,NO,3,SOLO,1,ONLINE,blonde,black,tone_5,olive+green
P0375,Camille,Kumar,NO,1,LEISURE,1,ONLINE,black_f,black,tone_4,olive+green
P0376,Alejandro,Khan,NO,3,BUSINESS,1,ONLINE,blonde_f,black,tone_3,suit
P0377,Rin,Fischer,NO,2,SOLO,1,DESK,brunette_f,black,tone_5,suit
P0378,Jamie,Iyer,NO,2,FAMILY,2,DESK,blonde,blue,tone_6,blue
P0379,Lucie,Jackson,NO,3,BUSINESS,0,KIOSK,blonde,blue,tone_3,red
P0380,Marco,Keita,NO,2,LEISURE,1,DESK,blonde,black,tone_4,red
P0381,Zuri,Jackson,NO,3,SOLO,1,KIOSK,brunette,black,tone_4,red
P0382,Hana,Conti,NO,1,LEISURE,1,ONLINE,blonde_f,blue,tone_3,red
P0383,Thomas,Huang,NO,1,LEISURE,2,DESK,blonde,blue,tone_6,blue
P0384,Greta,Lee,YES,5,LEISURE,1,ONLINE,brunette,black,tone_4,red
P0385,Giulia,Bennett,NO,3,BUSINESS,1,ONLINE,black,black,tone_5,suit
P0386,Ali,Nasser,NO,1,LEISURE,0,ONLINE,black_f,black,tone_1,suit
P0387,Aditya,Walsh,YES,10,FAMILY,2,DESK,blonde_f,black,tone_1,red
P0388,Harry,Hall,NO,1,FAMILY,2,DESK,brunette_f,black,tone_1,red
P0389,Declan,Perez,YES,8,BUSINESS,0,DESK,brunette,blue,tone_2,blue
P0390,Alfie,Francis,NO,1,LEISURE,1,DESK,black_f,black,tone_1,red
P0391,Sami,Joshi,NO,1,FAMILY,1,DESK,black_f,black,tone_4,suit
P0392,Casey,Mahmood,YES,10,FAMILY,3,DESK,brunette_f,blue,tone_6,suit
P0393,Hannah,Lewandowski,NO,1,FAMILY,2,ONLINE,blonde_f,blue,tone_1,blue
P0394,Aaliyah,Lee,NO,2,BUSINESS,0,ONLINE,brunette,black,tone_5,blue
P0395,George,Bianchi,NO,2,BUSINESS,0,ONLINE,black_f,blue,tone_6,red
P0396,Riley,Garcia,NO,1,LEISURE,2,DESK,blonde_f,black,tone_2,blue
P0397,Abena,Bamba,NO,2,LEISURE,1,DESK,blonde_f,black,tone_4,red
P0398,Gurleen,Shah,NO,2,FAMILY,2,DESK,blonde_f,blue,tone_2,suit
P0399,Haruto,Campbell,NO,3,BUSINESS,0,ONLINE,brunette,black,tone_1,red
P0400,Hannah,Saleh,NO,2,LEISURE,2,KIOSK,blonde,black,tone_3,suit
P0401,Maeve,Phan,YES,5,FAMILY,2,KIOSK,blonde,black,tone_3,olive+green
P0402,Jamie,Kumar,YES,7,LEISURE,1,ONLINE,brunette,blue,tone_5,blue
P0403,Michael,Bamba,NO,1,BUSINESS,0,KIOSK,black_f,black,tone_2,suit
P0404,Meera,Ruiz,NO,1,BUSINESS,0,KIOSK,brunette_f,black,tone_5,olive+green
P0405,Chidi,Russell,NO,1,SOLO,2,ONLINE,brunette_f,blue,tone_2,red
P0406,Kofi,Rossi,NO,2,LEISURE,1,KIOSK,brunette_f,black,tone_6,olive+green
P0407,Trang,Williams,NO,1,LEISURE,0,ONLINE,blonde_f,blue,tone_1,blue
P0408,Emilia,Vu,NO,3,LEISURE,2,DESK,brunette,black,tone_6,red
P0409,Avery,Okafor,NO,1,FAMILY,3,KIOSK,brunette,black,tone_1,blue
P0410,Jun,Mansour,NO,3,LEISURE,1,KIOSK,blonde,black,tone_4,red
P0411,Evie,Wu,YES,8,SOLO,1,ONLINE,black,black,tone_1,red
P0412,Karim,Carter,NO,3,FAMILY,2,ONLINE,blonde,blue,tone_1,blue
P0413,Akira,Brar,NO,3,LEISURE,1,ONLINE,brunette,black,tone_5,red
P0414,David,Kowalski,NO,2,FAMILY,3,ONLINE,brunette_f,black,tone_5,red
P0415,Soyeon,Wu,NO,1,LEISURE,1,DESK,brunette,black,tone_1,red
P0416,Jisoo,Petit,NO,2,SOLO,0,KIOSK,brunette,black,tone_2,olive+green
P0417,Alessia,Chen,NO,1,BUSINESS,0,ONLINE,blonde,blue,tone_1,olive+green
P0418,Yusuf,Morgan,NO,1,SOLO,1,DESK,blonde,black,tone_3,olive+green
P0419,Nia,Jackson,YES,7,SOLO,1,ONLINE,black_f,blue,tone_6,blue
P0420,Maeve,Lee,YES,6,BUSINESS,1,ONLINE,black,blue,tone_3,olive+green
P0421,Zofia,Lopez,NO,1,BUSINESS,1,KIOSK,black,black,tone_1,olive+green
P0422,Ade,Kaminski,NO,1,SOLO,2,ONLINE,brunette_f,black,tone_2,suit
P0423,Diego,Fofana,YES,6,BUSINESS,0,ONLINE,brunette_f,blue,tone_4,red
P0424,Emeka,Robinson,NO,2,SOLO,1,DESK,blonde_f,blue,tone_3,blue
P0425,Niklas,Clarke,YES,6,LEISURE,1,DESK,blonde_f,blue,tone_4,red
P0426,Yasmin,Wisniewski,YES,9,LEISURE,0,KIOSK,blonde,black,tone_6,suit
P0427,Charlotte,Kapoor,NO,3,SOLO,0,KIOSK,blonde,blue,tone_1,blue
P0428,Maeve,Takahashi,NO,3,LEISURE,1,ONLINE,black_f,blue,tone_4,red
P0429,Casey,Zielinski,NO,2,LEISURE,1,DESK,black_f,blue,tone_2,blue
P0430,Jun,Smith,NO,1,LEISURE,1,ONLINE,blonde,black,tone_1,blue
P0431,Johanna,Suzuki,NO,3,BUSINESS,0,KIOSK,brunette,black,tone_4,olive+green
P0432,Hugo,Stewart,NO,2,LEISURE,1,KIOSK,brunette_f,black,tone_3,olive+green
P0433,Jelani,Balogun,NO,1,SOLO,0,ONLINE,brunette,blue,tone_3,olive+green
P0434,Kojo,Tanaka,YES,9,LEISURE,0,DESK,black,black,tone_3,red
P0435,Olivia,Keita,NO,1,BUSINESS,0,KIOSK,black,black,tone_3,olive+green
P0436,Ibrahim,Pham,NO,1,FAMILY,3,KIOSK,black_f,black,tone_1,blue
P0437,Minji,Bailey,NO,1,SOLO,0,DESK,brunette,blue,tone_5,red
P0438,Haruto,Weber,NO,1,BUSINESS,0,ONLINE,brunette,blue,tone_3,blue
P0439,Arjun,Chen,NO,1,FAMILY,1,ONLINE,black,black,tone_4,blue
P0440,Simran,Stewart,NO,1,SOLO,1,ONLINE,blonde_f,black,tone_6,blue
P0441,Navdeep,Lee,NO,2,LEISURE,0,KIOSK,brunette_f,black,tone_3,suit
P0442,Isha,Morgan,YES,5,BUSINESS,0,KIOSK,blonde_f,black,tone_2,blue
P0443,Malik,Patel,NO,2,LEISURE,0,ONLINE,blonde_f,blue,tone_4,olive+green
P0444,Samir,Ahmed,NO,3,BUSINESS,0,ONLINE,brunette,black,tone_5,olive+green
P0445,Kwame,Lopez,NO,1,FAMILY,2,ONLINE,blonde,blue,tone_6,suit
P0446,Faris,Nasser,NO,1,SOLO,1,ONLINE,black_f,blue,tone_4,red
P0447,Noor,Lewandowski,NO,2,LEISURE,2,KIOSK,brunette,black,tone_3,suit
P0448,Imran,Gupta,NO,1,LEISURE,1,ONLINE,blonde,black,tone_4,suit
P0449,William,Yang,NO,1,LEISURE,1,DESK,black,blue,tone_3,olive+green
P0450,Chloe,Brown,NO,2,BUSINESS,0,ONLINE,blonde_f,blue,tone_3,blue
P0451,Daichi,Sharma,NO,1,LEISURE,1,DESK,brunette,blue,tone_3,red
P0452,Noor,Bianchi,NO,2,LEISURE,1,DESK,blonde,black,tone_1,suit
P0453,Zain,Joshi,NO,1,LEISURE,1,KIOSK,brunette_f,blue,tone_3,olive+green
P0454,Khalid,Le,NO,3,SOLO,1,DESK,brunette_f,blue,tone_5,blue
P0455,Amara,Sandhu,YES,6,LEISURE,2,ONLINE,brunette,black,tone_6,olive+green
P0456,Santiago,Russell,NO,2,LEISURE,2,DESK,blonde_f,black,tone_5,red
P0457,Salma,Traore,NO,2,LEISURE,0,KIOSK,black_f,blue,tone_5,suit
P0458,Alex,Sidhu,YES,10,SOLO,1,ONLINE,black_f,blue,tone_5,suit
P0459,Jack,Iyer,NO,2,SOLO,1,KIOSK,blonde,blue,tone_3,red
P0460,Gurleen,Wright,NO,1,LEISURE,1,DESK,black_f,black,tone_6,blue
P0461,Henry,Zhou,YES,5,BUSINESS,1,ONLINE,black,blue,tone_5,suit
P0462,Casey,Malhotra,NO,1,BUSINESS,0,KIOSK,brunette_f,black,tone_6,olive+green
P0463,Minho,Kapoor,NO,3,SOLO,2,ONLINE,blonde_f,blue,tone_2,blue
P0464,Chloe,Kaur,YES,6,SOLO,1,ONLINE,black,black,tone_2,red
P0465,Declan,Jackson,NO,2,SOLO,0,ONLINE,black_f,black,tone_4,olive+green
P0466,Arthur,Russell,NO,1,LEISURE,1,KIOSK,black,black,tone_5,olive+green
P0467,Obinna,Singh,NO,1,FAMILY,3,ONLINE,blonde,blue,tone_3,red
P0468,David,Ricci,NO,2,LEISURE,1,ONLINE,black_f,black,tone_4,red
P0469,Jack,Zhang,NO,3,BUSINESS,2,KIOSK,black,blue,tone_3,suit
P0470,Aoife,Traore,NO,1,LEISURE,2,KIOSK,brunette_f,blue,tone_3,suit
P0471,Simran,Wisniewski,NO,1,LEISURE,1,ONLINE,brunette_f,blue,tone_5,olive+green
P0472,Navdeep,Conti,NO,1,BUSINESS,1,ONLINE,black,black,tone_1,blue
P0473,Ava,Kone,NO,2,BUSINESS,1,ONLINE,black_f,blue,tone_3,blue
P0474,Ade,Francis,NO,2,BUSINESS,1,ONLINE,brunette_f,blue,tone_2,suit
P0475,Emily,Leroy,NO,1,LEISURE,1,ONLINE,brunette,blue,tone_4,suit
P0476,Gurpreet,Wu,NO,2,LEISURE,1,ONLINE,black,blue,tone_5,olive+green
P0477,Casey,Ahmed,YES,5,LEISURE,1,ONLINE,brunette_f,black,tone_4,blue
P0478,Jaspreet,Keita,NO,1,BUSINESS,1,ONLINE,brunette,blue,tone_5,olive+green
P0479,Kojo,Lewandowski,YES,6,LEISURE,1,ONLINE,brunette_f,black,tone_4,red
P0480,Johanna,Sanchez,NO,1,SOLO,1,DESK,brunette,blue,tone_6,blue
P0481,Olivia,Murphy,NO,1,LEISURE,0,ONLINE,blonde_f,black,tone_4,olive+green
P0482,Chloe,Eze,NO,1,BUSINESS,0,ONLINE,blonde_f,blue,tone_5,blue
P0483,Riya,Reddy,NO,1,FAMILY,2,DESK,black,blue,tone_2,red
P0484,Yasmin,Li,YES,5,LEISURE,1,DESK,brunette,blue,tone_4,red
P0485,Emily,Le,NO,2,LEISURE,1,ONLINE,brunette,blue,tone_1,blue
P0486,Alex,Saleh,YES,6,SOLO,1,DESK,black,black,tone_4,olive+green
P0487,Jules,Conti,NO,2,SOLO,2,ONLINE,brunette,blue,tone_4,suit
P0488,Nari,Chen,YES,6,BUSINESS,2,ONLINE,brunette_f,black,tone_1,red
P0489,Jisoo,Kelly,NO,2,BUSINESS,1,ONLINE,brunette,black,tone_6,olive+green
P0490,Hannah,Bennett,YES,5,SOLO,1,DESK,black,black,tone_2,red
P0491,Femi,Sidhu,NO,3,BUSINESS,1,ONLINE,black,blue,tone_1,red
P0492,Malik,Romano,NO,3,FAMILY,3,ONLINE,black_f,black,tone_6,blue
P0493,Yuna,Balogun,NO,1,BUSINESS,1,ONLINE,blonde,blue,tone_5,suit
P0494,Aiko,Akhtar,NO,3,LEISURE,0,ONLINE,black_f,blue,tone_3,suit
P0495,Amara,Bose,NO,3,BUSINESS,1,ONLINE,black,blue,tone_6,suit
P0496,Salma,Hall,NO,3,LEISURE,1,KIOSK,black_f,blue,tone_4,blue
P0497,Adam,Nguyen,NO,1,BUSINESS,1,ONLINE,blonde,blue,tone_2,suit
P0498,Morgan,Bamba,YES,6,SOLO,2,ONLINE,black,black,tone_5,suit
P0499,Kojo,Anderson,NO,1,BUSINESS,0,ONLINE,blonde,blue,tone_6,suit
P0500,Riya,Smith,NO,2,SOLO,1,KIOSK,blonde_f,blue,tone_1,blue
P0501,Reyansh,Robinson,NO,1,LEISURE,2,ONLINE,blonde,black,tone_4,olive+green
P0502,Oliver,Adams,NO,1,FAMILY,2,DESK,blonde_f,black,tone_2,olive+green
P0503,Mandeep,Adams,NO,2,BUSINESS,0,ONLINE,black,blue,tone_5,suit
P0504,Trang,Khan,NO,3,LEISURE,1,KIOSK,black,blue,tone_2,suit
P0505,Noah,Fischer,NO,3,SOLO,1,ONLINE,brunette_f,blue,tone_3,blue
P0506,Ming,Nguyen,NO,2,BUSINESS,1,ONLINE,black_f,blue,tone_3,suit
P0507,Matteo,Hoang,NO,1,LEISURE,1,DESK,brunette_f,blue,tone_6,suit
P0508,Mei,Dang,YES,10,BUSINESS,1,ONLINE,black,black,tone_5,red
P0509,Meera,Gupta,NO,1,BUSINESS,1,ONLINE,blonde_f,blue,tone_6,blue
P0510,Tomasz,Balogun,NO,1,BUSINESS,1,ONLINE,black,blue,tone_2,red
P0511,Kwame,Kone,NO,3,BUSINESS,1,ONLINE,black_f,black,tone_1,red
P0512,Thomas,Rao,YES,5,FAMILY,2,ONLINE,brunette,black,tone_2,red
P0513,Hugo,Parker,NO,2,SOLO,2,DESK,black,blue,tone_4,suit
P0514,Nari,Ricci,NO,1,LEISURE,1,ONLINE,brunette,black,tone_5,olive+green
P0515,Karim,Iqbal,NO,1,LEISURE,2,ONLINE,brunette,black,tone_3,olive+green
P0516,Bilal,Yamamoto,NO,2,FAMILY,2,DESK,brunette_f,black,tone_2,olive+green
P0517,Anja,Fischer,NO,1,FAMILY,2,ONLINE,blonde_f,blue,tone_4,red
P0518,Obinna,Malik,NO,3,LEISURE,1,DESK,brunette,black,tone_4,red
P0519,Soyeon,Lee,NO,2,FAMILY,3,DESK,blonde_f,blue,tone_1,suit
P0520,Sophia,Nair,YES,6,LEISURE,0,DESK,brunette,blue,tone_6,red
P0521,Amelia,Bamba,NO,2,LEISURE,1,KIOSK,black,blue,tone_2,red
P0522,Haruto,Murphy,NO,1,LEISURE,1,DESK,brunette,blue,tone_2,red
P0523,Veer,Francis,YES,7,BUSINESS,0,KIOSK,blonde,black,tone_5,suit
P0524,Imani,Gupta,NO,3,LEISURE,1,ONLINE,black_f,blue,tone_3,suit
P0525,Aaliyah,Wang,NO,1,FAMILY,2,KIOSK,blonde_f,black,tone_2,blue
P0526,Bethany,Grant,NO,2,LEISURE,1,ONLINE,black,blue,tone_2,suit
P0527,Veer,Gupta,NO,1,LEISURE,1,ONLINE,brunette_f,blue,tone_6,blue
P0528,Niamh,Wright,NO,2,LEISURE,0,DESK,blonde,blue,tone_4,blue
P0529,Declan,Gallagher,NO,1,BUSINESS,1,ONLINE,brunette,blue,tone_1,suit
P0530,Karim,Brar,YES,7,LEISURE,2,KIOSK,brunette_f,black,tone_6,olive+green
P0531,Kabir,Johnson,NO,3,SOLO,2,DESK,brunette,blue,tone_2,blue
P0532,Lena,Taylor,NO,1,BUSINESS,0,ONLINE,blonde_f,blue,tone_6,red
P0533,Kofi,Zhang,NO,1,LEISURE,2,KIOSK,brunette_f,black,tone_6,blue
P0534,Casey,Kone,NO,2,LEISURE,2,KIOSK,blonde,black,tone_4,olive+green
P0535,Johanna,White,NO,1,LEISURE,1,ONLINE,brunette_f,blue,tone_2,red
P0536,Jules,Ahmed,YES,9,LEISURE,1,KIOSK,blonde_f,black,tone_1,blue
P0537,Louis,Chopra,NO,1,SOLO,1,DESK,blonde_f,black,tone_1,blue
P0538,Ibrahim,Rossi,NO,2,BUSINESS,0,ONLINE,brunette,black,tone_4,red
P0539,Orla,Bamba,YES,7,LEISURE,1,ONLINE,brunette_f,black,tone_5,olive+green
P0540,Quang,Sidhu,NO,1,LEISURE,0,DESK,brunette_f,black,tone_5,olive+green
P0541,Olivia,Takahashi,NO,1,LEISURE,1,DESK,blonde,black,tone_5,blue
P0542,Felix,Gupta,NO,1,BUSINESS,2,ONLINE,black,black,tone_3,olive+green
P0543,Mandeep,Yang,NO,1,LEISURE,1,ONLINE,brunette,black,tone_2,red
P0544,Obinna,Patel,NO,1,LEISURE,2,ONLINE,black_f,black,tone_6,olive+green
P0545,George,Durand,NO,1,LEISURE,0,ONLINE,blonde,blue,tone_1,suit
P0546,Victoria,Wu,NO,1,SOLO,0,KIOSK,brunette,black,tone_6,olive+green
P0547,Minh,Takahashi,NO,2,SOLO,1,KIOSK,brunette_f,black,tone_5,red
P0548,Felix,Balogun,NO,3,SOLO,1,ONLINE,blonde,black,tone_6,red
P0549,Manon,Zielinski,YES,10,LEISURE,1,DESK,brunette,blue,tone_4,red
P0550,Marek,Dubois,NO,1,FAMILY,2,ONLINE,blonde,blue,tone_3,suit
P0551,Thomas,Adams,NO,2,LEISURE,0,KIOSK,blonde_f,blue,tone_6,red
P0552,Krish,Gallagher,NO,3,LEISURE,2,DESK,brunette,black,tone_5,blue
P0553,Poppy,Wu,YES,5,LEISURE,2,KIOSK,blonde_f,black,tone_1,olive+green
P0554,Oisin,Takahashi,NO,2,FAMILY,3,DESK,brunette_f,blue,tone_1,suit
P0555,Simran,Diallo,YES,9,FAMILY,2,KIOSK,brunette_f,blue,tone_1,olive+green
P0556,Ama,Moretti,NO,1,LEISURE,1,ONLINE,blonde,blue,tone_6,red
P0557,Minji,Eze,NO,1,LEISURE,1,DESK,blonde,black,tone_1,suit
P0558,Jaspreet,Watanabe,NO,1,LEISURE,2,ONLINE,black_f,black,tone_6,olive+green
P0559,Gabriel,Perez,NO,3,LEISURE,1,ONLINE,blonde,blue,tone_5,olive+green
P0560,Faris,Francis,NO,3,LEISURE,1,DESK,black,black,tone_5,olive+green
P0561,Johanna,Kapoor,NO,1,BUSINESS,0,ONLINE,blonde,black,tone_6,blue
P0562,Nhi,Ahmed,NO,1,LEISURE,2,KIOSK,black,blue,tone_4,blue
P0563,Sebastian,Ahmed,NO,3,FAMILY,2,ONLINE,blonde_f,black,tone_2,red
P0564,Alex,Collins,YES,9,SOLO,2,ONLINE,black,blue,tone_2,red
P0565,Lucie,Takahashi,NO,1,SOLO,1,DESK,blonde_f,blue,tone_2,blue
P0566,Chidi,Evans,NO,3,LEISURE,1,ONLINE,black,blue,tone_5,red
P0567,Thomas,Adeyemi,YES,5,BUSINESS,0,DESK,black_f,blue,tone_3,olive+green
P0568,Aarav,Ryan,NO,1,SOLO,0,ONLINE,blonde,blue,tone_6,blue
P0569,Jakub,Wilson,YES,10,LEISURE,1,DESK,black,blue,tone_2,red
P0570,Imran,Saleh,NO,3,LEISURE,1,ONLINE,brunette,blue,tone_2,suit
P0571,Avery,Walsh,YES,5,FAMILY,3,DESK,brunette_f,blue,tone_1,olive+green
P0572,Kwame,Agyeman,NO,1,FAMILY,2,KIOSK,black_f,black,tone_6,olive+green
P0573,David,Nair,NO,2,BUSINESS,1,ONLINE,brunette,blue,tone_4,olive+green
P0574,Thao,Saleh,NO,2,BUSINESS,0,ONLINE,blonde,black,tone_1,olive+green
P0575,Gabriel,Choi,NO,3,LEISURE,1,DESK,brunette,blue,tone_5,red
P0576,Valentina,Li,NO,2,BUSINESS,1,DESK,blonde,black,tone_4,suit
P0577,Benjamin,Yang,NO,2,LEISURE,0,DESK,blonde,blue,tone_1,red
P0578,Reyansh,Chen,NO,1,BUSINESS,1,ONLINE,blonde,black,tone_4,red
P0579,Manpreet,Le,NO,3,FAMILY,1,ONLINE,brunette,black,tone_4,suit
P0580,Dhruv,Green,NO,1,LEISURE,1,ONLINE,blonde,blue,tone_6,red
P0581,Jaspreet,Durand,NO,2,FAMILY,1,ONLINE,black_f,black,tone_6,olive+green
P0582,Aditya,Desai,NO,1,BUSINESS,0,KIOSK,blonde,black,tone_1,olive+green
P0583,Muhammad,Parker,NO,1,FAMILY,3,KIOSK,black,blue,tone_6,olive+green
P0584,Yasmin,Takahashi,NO,2,FAMILY,2,DESK,brunette,blue,tone_5,red
P0585,Bao,Li,NO,2,BUSINESS,0,ONLINE,black,black,tone_1,blue
P0586,Ronan,Agyeman,NO,3,BUSINESS,0,ONLINE,blonde,black,tone_5,red
P0587,Kacper,Jones,NO,1,FAMILY,2,ONLINE,black_f,black,tone_6,blue
P0588,Leo,Morgan,NO,2,FAMILY,3,DESK,brunette_f,blue,tone_4,red
P0589,Nhi,Dhillon,NO,2,SOLO,1,KIOSK,brunette,black,tone_1,blue
P0590,Faris,Le,YES,8,LEISURE,1,ONLINE,brunette_f,blue,tone_2,olive+green
P0591,Kofi,Romano,NO,1,LEISURE,1,DESK,brunette,blue,tone_5,blue
P0592,Mandeep,Suzuki,NO,1,LEISURE,2,ONLINE,blonde_f,blue,tone_1,blue
P0593,Dhruv,Leroy,NO,2,LEISURE,1,DESK,blonde,black,tone_1,olive+green
P0594,Benjamin,Dubois,YES,5,SOLO,0,ONLINE,blonde_f,black,tone_3,blue
P0595,Louis,Baker,NO,1,FAMILY,1,ONLINE,brunette_f,black,tone_2,olive+green
P0596,Molly,Gallagher,NO,1,BUSINESS,0,ONLINE,black,blue,tone_3,olive+green
P0597,Manon,Romano,NO,3,FAMILY,3,ONLINE,black,black,tone_1,olive+green
P0598,Anh,Murphy,NO,2,LEISURE,1,KIOSK,black,black,tone_3,blue
P0599,Arthur,Huynh,NO,1,BUSINESS,1,ONLINE,blonde,black,tone_6,red
P0600,Ade,Wilson,YES,9,SOLO,1,KIOSK,blonde,black,tone_6,blue
P0601,Diego,Joshi,NO,1,FAMILY,2,ONLINE,blonde_f,blue,tone_1,suit
P0602,Alfie,Dubois,NO,2,LEISURE,1,KIOSK,black,blue,tone_6,blue
P0603,Chiara,Bose,NO,1,LEISURE,1,KIOSK,brunette,blue,tone_6,olive+green
P0604,Soyeon,Khalil,NO,3,LEISURE,1,ONLINE,black_f,black,tone_6,blue
P0605,Ananya,Clarke,NO,1,LEISURE,1,KIOSK,black,black,tone_5,olive+green
P0606,Dhruv,Davies,NO,1,LEISURE,1,ONLINE,brunette,blue,tone_6,blue
P0607,Jun,Gomez,NO,2,BUSINESS,0,ONLINE,blonde_f,black,tone_1,blue
P0608,Simran,Garcia,NO,1,FAMILY,2,ONLINE,black,black,tone_4,olive+green
P0609,Joon,Young,NO,1,FAMILY,2,ONLINE,blonde_f,blue,tone_2,olive+green
P0610,Thomas,Camara,YES,10,SOLO,1,ONLINE,brunette_f,black,tone_4,red
P0611,Hyejin,Hussain,NO,1,BUSINESS,0,ONLINE,blonde_f,black,tone_4,blue
P0612,Evie,Watson,NO,1,LEISURE,2,KIOSK,black_f,black,tone_4,olive+green
P0613,Violet,Mansour,NO,3,SOLO,0,DESK,black,blue,tone_6,red
P0614,Gurleen,Robinson,NO,1,SOLO,1,ONLINE,black_f,black,tone_3,blue
P0615,Tomasz,Khan,NO,3,LEISURE,1,DESK,black_f,black,tone_1,red
P0616,Kwame,Kaur,NO,2,LEISURE,1,DESK,black_f,black,tone_2,red
P0617,Giulia,Rao,NO,2,SOLO,1,ONLINE,black,blue,tone_3,olive+green
P0618,Wei,Moreau,YES,6,BUSINESS,2,ONLINE,black,black,tone_6,blue
P0619,Mateo,Verma,NO,3,SOLO,1,DESK,black_f,black,tone_6,red
P0620,Jian,Okafor,NO,1,LEISURE,0,ONLINE,black,blue,tone_6,blue
P0621,Omar,Sanchez,NO,1,LEISURE,1,DESK,brunette,black,tone_2,red
P0622,Alex,Dang,NO,3,LEISURE,1,KIOSK,blonde_f,blue,tone_2,olive+green
P0623,Haruto,Dhillon,NO,3,BUSINESS,1,KIOSK,blonde_f,black,tone_1,blue
P0624,Malik,Iyer,NO,2,BUSINESS,1,ONLINE,brunette,black,tone_3,olive+green
P0625,Akira,Nair,YES,5,BUSINESS,1,DESK,brunette,blue,tone_2,olive+green
P0626,Kwame,Desai,NO,3,LEISURE,0,KIOSK,black,blue,tone_4,suit
P0627,Eoin,Dubois,NO,2,LEISURE,1,KIOSK,black_f,blue,tone_5,olive+green
P0628,Obinna,Foster,NO,2,LEISURE,1,ONLINE,blonde_f,blue,tone_2,suit
P0629,Obinna,Brown,NO,2,LEISURE,1,KIOSK,blonde_f,blue,tone_1,blue
P0630,Minji,Durand,YES,5,BUSINESS,0,ONLINE,black,black,tone_6,suit
P0631,Hannah,Byrne,NO,2,BUSINESS,1,ONLINE,brunette,blue,tone_6,red
P0632,Harpreet,Clarke,NO,1,FAMILY,2,DESK,brunette,black,tone_2,red
P0633,Samir,Camara,YES,5,FAMILY,2,KIOSK,blonde_f,black,tone_1,olive+green
P0634,Jules,Keita,YES,5,LEISURE,0,ONLINE,brunette,blue,tone_2,blue
P0635,Hannah,Li,NO,1,LEISURE,0,ONLINE,black_f,blue,tone_2,olive+green
P0636,Harriet,Schneider,NO,1,FAMILY,2,DESK,brunette,blue,tone_2,suit
P0637,Layla,Adams,NO,2,LEISURE,1,DESK,brunette_f,black,tone_5,blue
P0638,Karan,Iyer,NO,2,SOLO,0,ONLINE,brunette_f,black,tone_6,blue
P0639,Casey,Parker,NO,1,LEISURE,1,ONLINE,brunette,blue,tone_2,olive+green
P0640,Hassan,Francis,NO,1,FAMILY,2,DESK,brunette,black,tone_5,suit
P0641,Camila,Foster,NO,1,LEISURE,0,DESK,brunette,black,tone_1,blue
P0642,Wei,Cho,NO,1,LEISURE,0,DESK,brunette,blue,tone_3,suit
P0643,Arjun,Siddiqui,NO,1,LEISURE,2,ONLINE,blonde,blue,tone_2,red
P0644,Leo,Muller,NO,2,LEISURE,1,KIOSK,black_f,blue,tone_2,suit
P0645,Thao,Walker,NO,1,BUSINESS,2,ONLINE,brunette_f,black,tone_6,red
P0646,Hana,Esposito,NO,1,SOLO,1,ONLINE,black,black,tone_4,red
P0647,Emily,Baker,NO,3,LEISURE,1,DESK,black_f,black,tone_4,suit
P0648,Ama,Green,NO,1,FAMILY,2,DESK,blonde_f,blue,tone_6,suit
P0649,Jacob,Davies,NO,2,LEISURE,1,DESK,blonde,blue,tone_1,suit
P0650,Kacper,Rossi,YES,6,SOLO,1,ONLINE,blonde_f,black,tone_4,red
P0651,Ngozi,Malhotra,NO,1,BUSINESS,1,ONLINE,brunette,black,tone_5,suit
P0652,Camille,Reddy,NO,1,FAMILY,3,DESK,brunette_f,blue,tone_3,suit
P0653,Alfie,Grant,NO,1,LEISURE,1,DESK,brunette_f,black,tone_3,red
P0654,Minho,Adeyemi,YES,9,SOLO,1,KIOSK,black,blue,tone_4,red
P0655,Femi,Suzuki,NO,3,FAMILY,2,ONLINE,black_f,black,tone_5,olive+green
P0656,Daichi,Ryan,NO,3,BUSINESS,1,ONLINE,black_f,blue,tone_5,red
P0657,Tomasz,Malik,NO,2,LEISURE,2,ONLINE,brunette,blue,tone_2,red
P0658,Georgia,Kaur,NO,1,BUSINESS,1,KIOSK,blonde_f,blue,tone_2,suit
P0659,Ming,Campbell,NO,1,BUSINESS,0,ONLINE,brunette_f,blue,tone_4,olive+green
P0660,Amina,Wang,YES,7,LEISURE,1,DESK,brunette_f,blue,tone_1,suit
P0661,Abena,Martinez,YES,9,FAMILY,2,DESK,brunette_f,black,tone_6,suit
P0662,Emily,Kumar,YES,9,SOLO,1,KIOSK,blonde,blue,tone_6,blue
P0663,Aaliyah,Robinson,NO,2,BUSINESS,0,KIOSK,blonde_f,blue,tone_1,suit
P0664,Henry,Roberts,NO,1,FAMILY,2,DESK,blonde,black,tone_1,olive+green
P0665,Benjamin,Balogun,NO,1,BUSINESS,1,KIOSK,blonde,black,tone_1,blue
P0666,Gabriel,Russell,YES,10,SOLO,0,ONLINE,brunette_f,blue,tone_2,suit
P0667,Maeve,Nguyen,NO,1,FAMILY,3,ONLINE,brunette,black,tone_2,red
P0668,Felix,Lee,NO,3,LEISURE,1,DESK,black_f,black,tone_6,blue
P0669,Aanya,Watanabe,NO,1,LEISURE,1,KIOSK,black,blue,tone_3,blue
P0670,Jules,Zhou,NO,1,LEISURE,1,DESK,brunette_f,black,tone_4,red
P0671,Obinna,Doyle,NO,2,SOLO,1,DESK,black,black,tone_3,suit
P0672,Omar,Boateng,NO,2,FAMILY,1,ONLINE,brunette,blue,tone_6,suit
P0673,Chidi,Zielinski,NO,1,LEISURE,1,DESK,black,blue,tone_6,suit
P0674,Aoife,Howard,NO,1,LEISURE,0,DESK,black,blue,tone_3,olive+green
P0675,Rahul,Sharma,NO,2,LEISURE,1,KIOSK,brunette,blue,tone_6,blue
P0676,Hamza,Lewandowski,NO,1,LEISURE,2,ONLINE,black,black,tone_3,blue
P0677,Oisin,Hoang,NO,1,BUSINESS,0,DESK,blonde,black,tone_3,suit
P0678,Michael,Lee,NO,3,LEISURE,1,ONLINE,black_f,black,tone_3,suit
P0679,Bilal,Kaur,NO,3,BUSINESS,2,DESK,black,blue,tone_1,olive+green
P0680,William,Mehta,NO,2,FAMILY,2,DESK,brunette,blue,tone_6,red
P0681,Riley,Howard,NO,2,BUSINESS,0,DESK,black_f,blue,tone_4,olive+green
P0682,Manpreet,Suzuki,NO,3,FAMILY,3,KIOSK,blonde_f,black,tone_4,red
P0683,Malik,Smith,NO,1,FAMILY,1,DESK,blonde,black,tone_1,suit
P0684,Ali,Wang,NO,1,LEISURE,2,ONLINE,blonde,blue,tone_5,suit
P0685,Noor,Ali,YES,5,LEISURE,2,KIOSK,brunette_f,black,tone_4,suit
P0686,Wei,Parker,NO,1,BUSINESS,0,ONLINE,brunette,blue,tone_4,suit
P0687,Aoife,Johnson,NO,2,FAMILY,3,DESK,blonde,blue,tone_3,red
P0688,Camille,Watson,NO,1,FAMILY,2,ONLINE,blonde,blue,tone_4,red
P0689,Emeka,Asante,YES,9,BUSINESS,0,ONLINE,black,black,tone_2,blue
P0690,Aiko,Howard,NO,1,LEISURE,0,DESK,brunette,black,tone_1,red
P0691,Tao,Watson,NO,2,LEISURE,2,KIOSK,black,black,tone_4,red
P0692,Benjamin,Bennett,NO,3,BUSINESS,1,ONLINE,blonde,black,tone_1,suit
P0693,Luke,Schmidt,NO,3,LEISURE,1,KIOSK,blonde,black,tone_1,suit
P0694,Eoin,Yang,NO,1,LEISURE,1,KIOSK,blonde_f,blue,tone_1,olive+green
P0695,Jun,Lopez,NO,2,BUSINESS,0,ONLINE,brunette_f,blue,tone_4,blue
P0696,Rin,Smith,NO,2,BUSINESS,0,ONLINE,blonde_f,black,tone_3,olive+green
P0697,Hannah,Wright,YES,10,LEISURE,1,ONLINE,black,black,tone_4,blue
P0698,Jacob,Choi,NO,1,LEISURE,0,ONLINE,blonde,blue,tone_3,suit
P0699,Camila,Evans,NO,1,LEISURE,2,DESK,blonde_f,black,tone_5,suit
P0700,Bethany,Howard,YES,10,FAMILY,1,DESK,brunette_f,black,tone_2,olive+green
P0701,Diego,Brown,NO,3,LEISURE,0,DESK,black_f,black,tone_3,olive+green
P0702,Jasleen,Thompson,NO,2,BUSINESS,0,KIOSK,blonde_f,blue,tone_1,red
P0703,Nhi,Huang,YES,10,FAMILY,1,DESK,brunette,black,tone_4,olive+green
P0704,Gurpreet,Vu,NO,1,SOLO,1,ONLINE,brunette,black,tone_2,blue
P0705,Akira,Davies,NO,2,LEISURE,2,ONLINE,blonde,black,tone_1,red
P0706,Vivaan,Xu,YES,8,SOLO,2,ONLINE,brunette,blue,tone_6,olive+green
P0707,Jaspreet,Jimenez,NO,1,LEISURE,1,DESK,black_f,black,tone_4,red
P0708,Benjamin,Jimenez,YES,8,FAMILY,2,DESK,brunette_f,black,tone_4,blue
P0709,Greta,Verma,YES,9,LEISURE,1,DESK,brunette,blue,tone_4,olive+green
P0710,Ryan,Bailey,NO,1,BUSINESS,1,ONLINE,blonde_f,blue,tone_4,suit
P0711,Hannah,Bianchi,NO,2,SOLO,1,ONLINE,blonde_f,black,tone_2,suit
P0712,Charlotte,Brown,YES,10,LEISURE,0,ONLINE,blonde,blue,tone_4,blue
P0713,Grace,Hoang,NO,1,LEISURE,1,DESK,black,black,tone_1,red
P0714,Emilia,Kim,NO,1,BUSINESS,1,KIOSK,brunette_f,blue,tone_2,blue
P0715,Kojo,Pham,NO,1,FAMILY,3,DESK,blonde_f,black,tone_6,red
P0716,Nathan,Baker,NO,1,FAMILY,2,DESK,brunette,blue,tone_5,blue
P0717,Sophia,Nguyen,NO,1,SOLO,1,ONLINE,blonde,blue,tone_5,blue
P0718,Grace,Durand,NO,2,BUSINESS,1,ONLINE,brunette,blue,tone_3,olive+green
P0719,Ade,Fischer,NO,2,LEISURE,0,ONLINE,black,black,tone_4,olive+green
P0720,Aryan,Yoon,NO,3,LEISURE,2,KIOSK,blonde,blue,tone_4,blue
P0721,Luca,Traore,NO,1,SOLO,1,DESK,brunette_f,blue,tone_6,suit
P0722,Faris,Sandhu,NO,3,LEISURE,0,KIOSK,black,blue,tone_4,red
P0723,Amrit,Rodriguez,NO,1,LEISURE,0,DESK,black_f,blue,tone_3,blue
P0724,Charlie,Ricci,NO,2,SOLO,0,ONLINE,black,black,tone_5,suit
P0725,Priya,Walker,NO,1,FAMILY,2,DESK,black,black,tone_5,red
P0726,Anh,Desai,NO,3,FAMILY,3,KIOSK,brunette_f,black,tone_5,suit
P0727,Lena,Foster,YES,10,LEISURE,1,DESK,black,blue,tone_6,blue
P0728,Adwoa,Williams,NO,2,FAMILY,2,DESK,brunette_f,blue,tone_2,olive+green
P0729,Eoin,Bernard,NO,1,BUSINESS,0,ONLINE,black,blue,tone_1,blue
P0730,Jordan,Thompson,NO,1,LEISURE,1,ONLINE,blonde,black,tone_6,suit
P0731,Nisha,Grant,NO,2,SOLO,2,DESK,brunette_f,blue,tone_5,blue
P0732,Chidi,Kaur,NO,2,LEISURE,1,ONLINE,brunette_f,blue,tone_1,suit
P0733,Niklas,Ferrari,NO,2,BUSINESS,0,ONLINE,brunette,black,tone_5,blue
P0734,Ali,Jung,NO,1,FAMILY,1,DESK,black_f,blue,tone_1,red
P0735,Nia,Green,NO,1,FAMILY,3,ONLINE,blonde,blue,tone_4,olive+green
P0736,Sebastian,Joshi,NO,1,LEISURE,1,ONLINE,brunette,blue,tone_3,red
P0737,Ella,Liu,NO,3,LEISURE,1,DESK,brunette_f,black,tone_1,red
P0738,Jules,Phan,NO,1,LEISURE,1,ONLINE,blonde,blue,tone_6,red
P0739,Arjun,Malik,NO,2,SOLO,0,KIOSK,brunette_f,black,tone_3,red
P0740,Kojo,Byrne,NO,1,FAMILY,2,ONLINE,blonde,black,tone_3,olive+green
P0741,Krish,Smith,NO,3,FAMILY,2,ONLINE,black,blue,tone_3,red
P0742,Jacob,Asante,NO,1,FAMILY,3,DESK,brunette_f,blue,tone_3,suit
P0743,Soyeon,Saleh,YES,5,SOLO,1,ONLINE,black,blue,tone_6,olive+green
P0744,Mariam,Rodriguez,NO,3,FAMILY,2,DESK,blonde,black,tone_6,red
P0745,Niamh,Phan,NO,3,FAMILY,2,DESK,brunette_f,blue,tone_4,red
P0746,Yusuf,Huynh,YES,9,SOLO,1,ONLINE,black_f,black,tone_5,suit
P0747,Khalid,Moretti,YES,9,FAMILY,1,DESK,blonde,black,tone_3,olive+green
P0748,Hugo,Bianchi,NO,2,BUSINESS,1,ONLINE,black_f,black,tone_4,red
P0749,Jacob,Takahashi,YES,8,LEISURE,1,KIOSK,blonde,black,tone_6,red
P0750,Bilal,Keita,NO,1,LEISURE,1,ONLINE,blonde_f,black,tone_5,suit
P0751,Camille,Ali,YES,8,FAMILY,1,ONLINE,brunette,blue,tone_4,suit
P0752,Marek,Lee,NO,2,SOLO,1,DESK,brunette,black,tone_3,olive+green
P0753,Anja,Haddad,NO,1,FAMILY,1,DESK,blonde_f,blue,tone_4,olive+green
P0754,Oisin,Diallo,NO,1,LEISURE,0,ONLINE,black_f,blue,tone_3,suit
P0755,Mia,Kang,NO,2,FAMILY,2,ONLINE,black_f,black,tone_3,blue
P0756,Sota,Tanaka,NO,2,BUSINESS,1,DESK,black_f,black,tone_4,olive+green
P0757,Neil,Clarke,NO,1,BUSINESS,0,ONLINE,black_f,blue,tone_5,olive+green
P0758,Hyejin,Xu,NO,1,FAMILY,1,ONLINE,brunette,black,tone_4,blue
P0759,Kwame,Suzuki,NO,3,BUSINESS,1,ONLINE,blonde,blue,tone_4,blue
P0760,Riya,Akhtar,NO,1,FAMILY,3,DESK,black_f,black,tone_5,red
P0761,Joon,Tran,NO,1,LEISURE,1,ONLINE,black_f,black,tone_4,suit
P0762,Violet,Zielinski,NO,1,BUSINESS,1,ONLINE,blonde_f,black,tone_5,suit
P0763,Chidi,Vu,NO,1,SOLO,1,DESK,blonde,black,tone_2,olive+green
P0764,Jaspreet,Liu,NO,1,BUSINESS,0,DESK,black,blue,tone_6,red
P0765,Yasmin,Iqbal,YES,9,BUSINESS,1,ONLINE,black_f,blue,tone_1,blue
P0766,Khalid,Kaminski,NO,3,BUSINESS,2,ONLINE,black_f,black,tone_4,olive+green
P0767,Simran,O'Brien,NO,1,LEISURE,1,DESK,blonde_f,blue,tone_1,blue
P0768,Violet,Lopez,NO,3,BUSINESS,1,KIOSK,black,blue,tone_3,suit
P0769,Lily,Dubois,NO,2,FAMILY,2,DESK,black,black,tone_1,blue
P0770,David,Rossi,NO,1,SOLO,1,KIOSK,blonde,black,tone_4,olive+green
P0771,Mandeep,Zhang,YES,9,FAMILY,2,DESK,brunette_f,black,tone_2,red
P0772,Molly,Phan,YES,5,SOLO,1,DESK,black_f,blue,tone_1,olive+green
P0773,Diego,Dubois,NO,1,LEISURE,2,ONLINE,brunette,black,tone_2,suit
P0774,Poppy,Bose,YES,8,SOLO,1,DESK,blonde_f,black,tone_5,blue
P0775,David,Traore,NO,3,LEISURE,1,KIOSK,blonde,blue,tone_3,suit
P0776,Ngozi,Chopra,NO,1,BUSINESS,0,ONLINE,brunette_f,black,tone_1,red
P0777,Jelani,Sidhu,NO,2,BUSINESS,0,ONLINE,black_f,black,tone_2,blue
P0778,Joon,Parker,NO,2,LEISURE,2,ONLINE,brunette_f,blue,tone_4,olive+green
P0779,Ryan,Traore,YES,8,BUSINESS,1,ONLINE,black,blue,tone_6,red
P0780,Kwame,Green,NO,2,FAMILY,2,DESK,brunette_f,black,tone_4,suit
P0781,Arthur,Dubois,NO,1,LEISURE,1,DESK,brunette,blue,tone_3,blue
P0782,Yuna,Weber,NO,1,LEISURE,2,KIOSK,brunette,black,tone_5,red
P0783,Chloe,Moretti,NO,2,LEISURE,0,ONLINE,black_f,black,tone_5,suit
P0784,Violet,Asante,NO,2,BUSINESS,1,ONLINE,black_f,blue,tone_4,red
P0785,Soyeon,Mahmood,NO,1,LEISURE,1,KIOSK,black_f,blue,tone_3,suit
P0786,Leo,Stewart,NO,2,FAMILY,2,DESK,brunette,blue,tone_6,olive+green
P0787,Riya,Muller,YES,8,SOLO,1,DESK,brunette,blue,tone_4,suit
P0788,Chidi,Ito,NO,1,LEISURE,1,KIOSK,black,blue,tone_5,suit
P0789,Dhruv,Chen,NO,3,LEISURE,1,ONLINE,brunette,black,tone_6,suit
P0790,Dhruv,Siddiqui,NO,2,BUSINESS,0,ONLINE,black_f,blue,tone_2,suit
P0791,Layla,Bennett,YES,10,LEISURE,0,DESK,brunette_f,black,tone_1,suit
P0792,Benjamin,Russell,NO,1,SOLO,1,DESK,blonde_f,black,tone_5,red
P0793,Ren,Durand,YES,8,FAMILY,3,ONLINE,brunette_f,blue,tone_1,olive+green
P0794,Chloe,Malik,NO,1,LEISURE,0,DESK,black,black,tone_2,suit
P0795,Amina,Reed,NO,1,LEISURE,1,KIOSK,black,blue,tone_6,olive+green
P0796,Vihaan,Mehta,NO,1,LEISURE,1,DESK,blonde,black,tone_2,olive+green
P0797,Khalid,Gomez,NO,3,LEISURE,2,DESK,black,black,tone_5,red
P0798,Luke,Joshi,NO,1,FAMILY,2,KIOSK,brunette_f,blue,tone_5,blue
P0799,Marco,Xu,YES,7,SOLO,0,KIOSK,blonde_f,black,tone_6,red
P0800,Jacob,Khalil,NO,1,LEISURE,1,ONLINE,blonde,black,tone_2,blue
P0801,Anh,Diallo,NO,1,FAMILY,2,DESK,black_f,blue,tone_1,suit
P0802,Charlie,Johnson,NO,3,SOLO,1,ONLINE,brunette,blue,tone_5,suit
P0803,Abena,Dubois,NO,2,LEISURE,1,ONLINE,blonde_f,blue,tone_5,blue
P0804,Victoria,Doyle,NO,1,LEISURE,0,DESK,brunette_f,blue,tone_1,olive+green
P0805,Nadia,Thompson,NO,1,LEISURE,1,ONLINE,blonde_f,blue,tone_1,olive+green
P0806,Mai,Okafor,NO,2,LEISURE,2,DESK,brunette,black,tone_4,suit
P0807,Charlotte,Campbell,NO,1,LEISURE,1,ONLINE,blonde_f,black,tone_2,olive+green
P0808,Aryan,Mehta,NO,1,FAMILY,2,KIOSK,black_f,black,tone_3,suit
P0809,Sebastian,Kaminski,YES,9,BUSINESS,0,ONLINE,blonde_f,black,tone_6,suit
P0810,Maeve,Li,NO,1,FAMILY,2,DESK,black_f,blue,tone_2,red
P0811,Georgia,Williams,YES,7,SOLO,1,ONLINE,brunette,black,tone_2,olive+green
P0812,Aanya,Nair,NO,1,FAMILY,2,DESK,brunette,blue,tone_5,olive+green
P0813,George,Khan,NO,2,LEISURE,1,DESK,blonde_f,blue,tone_5,blue
P0814,Reyansh,Kang,NO,2,LEISURE,1,ONLINE,blonde_f,blue,tone_4,suit
P0815,Thomas,Lee,NO,1,LEISURE,1,ONLINE,brunette_f,black,tone_4,blue
P0816,Isha,Kang,NO,1,LEISURE,0,ONLINE,blonde_f,blue,tone_5,red
P0817,Jisoo,Watanabe,NO,1,LEISURE,1,DESK,black,black,tone_4,red
P0818,Alessia,Hussain,NO,3,LEISURE,1,DESK,brunette_f,black,tone_6,suit
P0819,Adwoa,Huang,NO,2,FAMILY,1,DESK,blonde_f,blue,tone_3,olive+green
P0820,Adam,Khan,YES,10,BUSINESS,2,ONLINE,brunette_f,black,tone_5,olive+green
P0821,Nisha,Watanabe,NO,1,LEISURE,1,ONLINE,blonde_f,black,tone_1,suit
P0822,Jordan,Hussain,NO,2,LEISURE,1,ONLINE,blonde,blue,tone_6,suit
P0823,Leon,Ruiz,YES,9,FAMILY,2,ONLINE,brunette,blue,tone_5,red
P0824,Omar,Byrne,NO,2,SOLO,1,ONLINE,brunette_f,black,tone_2,suit
P0825,Alfie,Khan,NO,1,LEISURE,2,KIOSK,blonde,blue,tone_4,olive+green
P0826,James,Petit,NO,1,LEISURE,1,ONLINE,black_f,blue,tone_2,suit
P0827,Kabir,Adeyemi,NO,3,BUSINESS,2,KIOSK,black_f,blue,tone_2,suit
P0828,Layla,Balogun,NO,2,LEISURE,1,ONLINE,blonde,black,tone_6,suit
P0829,William,Watanabe,NO,1,FAMILY,2,DESK,blonde,black,tone_2,olive+green
P0830,Kacper,Saleh,NO,1,SOLO,1,DESK,black_f,blue,tone_3,suit
P0831,Thomas,Gill,NO,2,SOLO,0,KIOSK,black,blue,tone_4,red
P0832,Jacob,Rao,NO,1,BUSINESS,1,ONLINE,black_f,black,tone_5,suit
P0833,Gurpreet,Adeyemi,NO,1,BUSINESS,0,KIOSK,brunette_f,black,tone_5,olive+green
P0834,Vihaan,Stewart,YES,5,BUSINESS,0,KIOSK,blonde,black,tone_2,blue
P0835,Tao,Green,NO,1,BUSINESS,0,KIOSK,black_f,black,tone_5,blue
P0836,Reyansh,Jackson,NO,2,FAMILY,3,DESK,black_f,black,tone_4,blue
P0837,Gabriel,Shah,NO,2,LEISURE,0,DESK,brunette_f,blue,tone_1,red
P0838,Meera,Yoon,NO,2,BUSINESS,0,ONLINE,black,black,tone_2,red
P0839,Gurpreet,Phan,NO,1,LEISURE,1,ONLINE,blonde,blue,tone_2,red
P0840,Jakub,Francis,NO,2,SOLO,1,ONLINE,brunette,black,tone_5,blue
P0841,Aditya,Mehta,NO,1,LEISURE,1,ONLINE,black,black,tone_3,suit
P0842,Lily,Rodriguez,NO,3,LEISURE,0,DESK,black_f,black,tone_2,olive+green
P0843,Jian,Kowalski,YES,10,LEISURE,0,DESK,brunette,black,tone_3,red
P0844,Ali,Sow,YES,8,SOLO,1,DESK,black_f,black,tone_3,blue
P0845,Jelani,Nair,NO,1,LEISURE,1,ONLINE,brunette_f,blue,tone_6,blue
P0846,Alex,Traore,YES,5,LEISURE,2,ONLINE,brunette_f,blue,tone_5,olive+green
P0847,Bilal,Wisniewski,NO,1,FAMILY,3,DESK,brunette,blue,tone_6,suit
P0848,Ade,Joshi,NO,1,SOLO,1,DESK,black_f,black,tone_3,olive+green
P0849,Nathan,Doyle,YES,8,SOLO,1,ONLINE,brunette_f,blue,tone_2,blue
P0850,Karim,Gray,NO,2,FAMILY,3,DESK,black_f,blue,tone_2,blue
P0851,Chloe,Cho,NO,2,SOLO,1,ONLINE,black_f,blue,tone_6,olive+green
P0852,Navdeep,Singh,NO,1,SOLO,1,ONLINE,black_f,black,tone_2,blue
P0853,Zain,Doyle,NO,1,BUSINESS,0,ONLINE,blonde_f,black,tone_4,red
P0854,Zain,Choi,YES,8,LEISURE,1,ONLINE,black,black,tone_6,red
P0855,Adam,Hall,NO,1,FAMILY,2,DESK,brunette,black,tone_3,blue
P0856,Hugo,Brown,NO,1,BUSINESS,0,DESK,black,black,tone_4,red
P0857,Tao,Kumar,NO,1,LEISURE,2,DESK,brunette,blue,tone_6,red
P0858,David,Garcia,NO,1,LEISURE,0,ONLINE,black_f,black,tone_5,red
P0859,Jamie,Sidhu,NO,1,LEISURE,2,ONLINE,blonde_f,black,tone_3,suit
P0860,Amrit,Gallagher,NO,1,SOLO,1,ONLINE,black_f,black,tone_2,suit
P0861,Marek,Malik,NO,1,BUSINESS,2,KIOSK,blonde,black,tone_2,suit
P0862,Jacob,Roberts,NO,1,LEISURE,0,ONLINE,black_f,black,tone_4,suit
P0863,Hao,Wu,NO,3,FAMILY,3,DESK,brunette_f,blue,tone_6,red
P0864,Aryan,Singh,YES,6,LEISURE,0,DESK,black_f,blue,tone_5,blue
P0865,Tunde,Foster,NO,1,LEISURE,0,KIOSK,blonde,black,tone_3,blue
P0866,Nisha,Desai,NO,1,LEISURE,1,ONLINE,blonde_f,blue,tone_4,suit
P0867,Noah,Collins,NO,1,SOLO,0,ONLINE,blonde_f,black,tone_2,red
P0868,Sota,Mehta,NO,1,SOLO,0,ONLINE,blonde_f,black,tone_6,blue
P0869,Ava,Anderson,NO,1,FAMILY,2,KIOSK,black_f,blue,tone_2,suit
P0870,Adwoa,Lee,NO,1,LEISURE,1,DESK,blonde_f,black,tone_5,red
P0871,Gabriel,Brown,NO,2,LEISURE,1,KIOSK,brunette,black,tone_1,blue
P0872,Aarav,Gupta,NO,1,LEISURE,0,ONLINE,black,blue,tone_2,olive+green
P0873,Joon,Cho,NO,3,LEISURE,1,DESK,brunette,black,tone_2,red
P0874,Alex,Xu,NO,1,FAMILY,2,ONLINE,black,blue,tone_5,red
P0875,Taylor,Kone,NO,2,LEISURE,0,ONLINE,brunette_f,blue,tone_3,red
P0876,Arnav,Malik,NO,1,LEISURE,1,KIOSK,brunette,black,tone_1,olive+green
P0877,Hao,Khan,NO,3,SOLO,1,KIOSK,blonde_f,blue,tone_2,suit
P0878,Evie,Williams,NO,1,FAMILY,2,ONLINE,blonde,blue,tone_5,suit
P0879,Kwame,Ahmed,NO,1,FAMILY,3,ONLINE,blonde,blue,tone_4,olive+green
P0880,Sakura,Sanchez,NO,2,LEISURE,1,KIOSK,brunette,blue,tone_2,olive+green
P0881,Oliver,Bernard,YES,9,FAMILY,2,DESK,black_f,blue,tone_6,blue
P0882,Mila,Brown,NO,1,FAMILY,3,ONLINE,black,blue,tone_3,blue
P0883,Hao,Pham,YES,10,LEISURE,0,DESK,black,blue,tone_3,blue
P0884,Daichi,Joshi,NO,2,LEISURE,1,KIOSK,brunette_f,blue,tone_3,olive+green
P0885,Giulia,Kapoor,NO,1,FAMILY,2,ONLINE,black,blue,tone_5,olive+green
P0886,Leo,Francis,NO,1,FAMILY,2,DESK,brunette,blue,tone_2,olive+green
P0887,Zofia,Xu,NO,1,LEISURE,1,ONLINE,brunette,black,tone_6,red
P0888,Mariam,Perez,YES,8,LEISURE,2,ONLINE,black,blue,tone_4,blue
P0889,Neil,Chen,NO,1,SOLO,1,ONLINE,black_f,black,tone_5,blue
P0890,Ananya,Stewart,NO,2,BUSINESS,0,ONLINE,blonde,blue,tone_2,red
P0891,Chiara,Ricci,NO,3,FAMILY,3,KIOSK,brunette_f,blue,tone_2,olive+green
P0892,Michael,Yamamoto,NO,1,LEISURE,1,KIOSK,black,blue,tone_6,suit
P0893,Isha,Jackson,NO,3,LEISURE,1,ONLINE,black_f,black,tone_1,blue
P0894,Meera,Rossi,YES,6,FAMILY,3,ONLINE,brunette_f,black,tone_3,red
P0895,Zain,Collins,NO,2,FAMILY,2,ONLINE,blonde,blue,tone_4,red
P0896,Rin,Diallo,NO,1,LEISURE,1,KIOSK,blonde_f,black,tone_1,suit
P0897,Jisoo,Zielinski,NO,2,LEISURE,1,ONLINE,blonde,blue,tone_4,suit
P0898,David,Brown,NO,1,LEISURE,1,DESK,black,blue,tone_2,olive+green
P0899,Chloe,Li,NO,1,FAMILY,3,ONLINE,black,blue,tone_3,blue
P0900,Diego,Diallo,NO,1,LEISURE,1,ONLINE,black,black,tone_1,red
P0901,Aoife,Baker,NO,3,LEISURE,2,KIOSK,black,blue,tone_4,suit
P0902,Rahul,Romano,NO,3,BUSINESS,1,ONLINE,black,blue,tone_2,suit
P0903,Luca,Xu,NO,1,FAMILY,1,DESK,brunette,blue,tone_3,red
P0904,Sota,Russell,NO,2,BUSINESS,2,ONLINE,blonde,blue,tone_1,blue
P0905,Kacper,Zhang,NO,1,LEISURE,1,KIOSK,blonde_f,blue,tone_6,olive+green
P0906,Giulia,Malhotra,YES,9,FAMILY,2,KIOSK,blonde_f,black,tone_3,olive+green
P0907,Emilia,Khan,NO,2,LEISURE,1,DESK,black,black,tone_5,suit
P0908,Santiago,Joshi,NO,3,SOLO,2,ONLINE,blonde,blue,tone_1,red
P0909,Johanna,Desai,NO,2,SOLO,1,KIOSK,blonde,black,tone_4,red
P0910,Ishaan,Foster,NO,1,BUSINESS,1,ONLINE,black_f,blue,tone_3,olive+green
P0911,Violet,Kelly,NO,1,LEISURE,0,ONLINE,black,blue,tone_1,red
P0912,Ren,Rao,NO,1,LEISURE,1,ONLINE,blonde_f,black,tone_4,red
P0913,Sam,Rossi,NO,1,BUSINESS,0,ONLINE,blonde_f,blue,tone_4,suit
P0914,Daichi,Dubois,NO,1,SOLO,1,ONLINE,blonde_f,black,tone_3,red
P0915,Greta,Iqbal,NO,2,LEISURE,1,DESK,brunette_f,blue,tone_5,blue
P0916,Imran,Phan,NO,2,SOLO,1,DESK,black_f,black,tone_4,olive+green
P0917,Kenji,Perez,NO,2,SOLO,1,ONLINE,blonde_f,black,tone_6,olive+green
P0918,Nadia,Moreau,YES,5,FAMILY,3,DESK,black_f,blue,tone_6,blue
P0919,Muhammad,Walsh,NO,3,SOLO,0,DESK,black_f,blue,tone_1,red
P0920,Anh,Yang,NO,1,LEISURE,1,KIOSK,black_f,blue,tone_5,blue
P0921,Declan,Tanaka,NO,1,BUSINESS,1,ONLINE,brunette_f,blue,tone_2,suit
P0922,Dev,Ahmed,NO,1,SOLO,1,ONLINE,black,black,tone_2,olive+green
P0923,Harpreet,Brar,NO,1,LEISURE,1,DESK,blonde,black,tone_6,olive+green
P0924,Camila,Kowalski,YES,10,LEISURE,1,ONLINE,blonde_f,blue,tone_5,red
P0925,Ishaan,Young,NO,2,LEISURE,1,KIOSK,black_f,black,tone_5,suit
P0926,Ahmed,Wilson,YES,8,LEISURE,1,ONLINE,black,blue,tone_4,olive+green
P0927,Niamh,Rao,YES,7,LEISURE,2,ONLINE,brunette,black,tone_2,suit
P0928,Gurpreet,Young,YES,9,FAMILY,3,ONLINE,brunette,blue,tone_5,blue
P0929,Jamie,Durand,NO,1,LEISURE,1,ONLINE,black_f,blue,tone_2,olive+green
P0930,Yuna,Davies,NO,1,LEISURE,2,ONLINE,black,black,tone_4,red
P0931,Emily,Okafor,YES,7,LEISURE,1,ONLINE,blonde_f,black,tone_2,suit
P0932,Leo,Kelly,YES,10,LEISURE,1,ONLINE,brunette,blue,tone_4,suit
P0933,Greta,Sidhu,NO,2,FAMILY,3,DESK,black_f,blue,tone_2,blue
P0934,Zuri,Malhotra,NO,1,SOLO,1,DESK,brunette,black,tone_4,red
P0935,Maeve,Jimenez,NO,1,LEISURE,0,ONLINE,blonde_f,black,tone_4,olive+green
P0936,Aiko,Bennett,NO,3,FAMILY,3,KIOSK,brunette_f,blue,tone_2,red
P0937,Reyansh,Hall,NO,2,LEISURE,1,KIOSK,brunette_f,blue,tone_3,blue
P0938,Marco,Kelly,NO,1,BUSINESS,1,ONLINE,black,blue,tone_3,suit
P0939,Isabella,Muller,NO,3,FAMILY,3,ONLINE,blonde_f,black,tone_2,olive+green
P0940,Ronan,Rao,NO,3,BUSINESS,0,ONLINE,brunette_f,blue,tone_5,olive+green
P0941,Isla,Nwosu,NO,2,SOLO,1,DESK,black,blue,tone_4,red
P0942,Evie,Kowalski,NO,3,BUSINESS,0,DESK,blonde_f,black,tone_4,olive+green
P0943,Olivia,Russell,NO,3,FAMILY,3,DESK,blonde,blue,tone_5,olive+green
P0944,Mateo,Leroy,NO,2,FAMILY,3,DESK,black,black,tone_1,suit
P0945,Zofia,Le,NO,1,FAMILY,2,ONLINE,brunette_f,black,tone_2,olive+green
P0946,Ren,Sidhu,NO,1,FAMILY,3,ONLINE,brunette,black,tone_6,blue
P0947,Khalid,Wilson,YES,8,BUSINESS,2,KIOSK,black_f,black,tone_6,blue
P0948,Dhruv,Wilson,NO,1,SOLO,1,DESK,blonde,black,tone_4,olive+green
P0949,Trang,Jackson,NO,1,BUSINESS,1,ONLINE,blonde,blue,tone_5,suit
P0950,Ming,Patel,NO,2,FAMILY,2,DESK,black,black,tone_1,olive+green
P0951,Lena,Rao,YES,8,FAMILY,2,DESK,black,black,tone_3,olive+green
P0952,Minho,Iyer,NO,2,LEISURE,1,ONLINE,brunette_f,blue,tone_5,red
P0953,Rin,Chen,NO,2,LEISURE,1,KIOSK,blonde,black,tone_3,olive+green
P0954,Victoria,Esposito,NO,1,BUSINESS,1,ONLINE,black_f,black,tone_5,blue
P0955,Jian,Byrne,NO,1,LEISURE,1,ONLINE,black_f,blue,tone_3,olive+green
P0956,Kojo,Patel,YES,6,LEISURE,0,ONLINE,black,black,tone_3,red
P0957,Theo,Ryan,YES,10,LEISURE,0,KIOSK,blonde_f,black,tone_5,olive+green
P0958,Hannah,Carter,NO,1,FAMILY,2,KIOSK,brunette,black,tone_2,olive+green
P0959,Thomas,Cho,NO,3,LEISURE,1,ONLINE,brunette_f,black,tone_6,olive+green
P0960,Zain,Kapoor,NO,3,BUSINESS,1,ONLINE,brunette_f,black,tone_6,olive+green
P0961,Ade,Esposito,NO,3,BUSINESS,0,KIOSK,blonde,blue,tone_6,suit
P0962,Valentina,Okafor,NO,3,SOLO,1,ONLINE,blonde,blue,tone_2,suit
P0963,Charlotte,Iqbal,YES,10,LEISURE,1,ONLINE,brunette,blue,tone_5,blue
P0964,Nisha,Jimenez,NO,1,FAMILY,2,KIOSK,black_f,blue,tone_4,suit
P0965,Emilia,Fofana,NO,1,BUSINESS,0,KIOSK,blonde_f,blue,tone_3,red
P0966,Ella,Camara,NO,2,LEISURE,1,DESK,black,blue,tone_1,suit
P0967,Taylor,Anderson,NO,1,BUSINESS,2,KIOSK,blonde,blue,tone_3,suit
P0968,Jelani,Gray,NO,2,BUSINESS,0,ONLINE,brunette_f,black,tone_4,suit
P0969,Diya,Chen,NO,1,LEISURE,1,DESK,black_f,black,tone_6,red
P0970,Noor,Lopez,NO,2,FAMILY,1,DESK,blonde,black,tone_1,olive+green
P0971,Minh,Stewart,NO,1,SOLO,0,DESK,blonde_f,black,tone_4,olive+green
P0972,Hana,Diallo,NO,1,LEISURE,1,ONLINE,brunette_f,black,tone_5,olive+green
P0973,Amrit,Kaur,NO,1,LEISURE,2,ONLINE,brunette_f,black,tone_1,red
P0974,Kavya,Li,NO,2,LEISURE,0,ONLINE,brunette_f,blue,tone_6,olive+green
P0975,Akira,Wright,YES,5,FAMILY,2,DESK,blonde_f,blue,tone_5,red
P0976,Kacper,Doyle,NO,3,FAMILY,3,ONLINE,blonde,blue,tone_4,blue
P0977,Marco,Camara,NO,3,SOLO,1,ONLINE,black,black,tone_6,suit
P0978,Nisha,Muller,NO,1,SOLO,2,KIOSK,blonde,blue,tone_3,olive+green
P0979,Molly,Kapoor,YES,5,LEISURE,1,DESK,brunette,black,tone_3,red
P0980,Haruto,Zielinski,NO,1,FAMILY,2,KIOSK,blonde,blue,tone_3,suit
P0981,Neil,Pham,YES,6,BUSINESS,1,ONLINE,brunette_f,blue,tone_2,red
P0982,Emeka,Liu,NO,1,SOLO,2,DESK,blonde,blue,tone_1,red
P0983,Zain,Smith,NO,3,LEISURE,1,KIOSK,blonde,blue,tone_3,blue
P0984,Leo,Doyle,NO,3,LEISURE,1,KIOSK,blonde,black,tone_4,suit
P0985,Jisoo,Thomas,NO,1,LEISURE,1,ONLINE,brunette,black,tone_2,suit
P0986,Oscar,Gill,YES,5,FAMILY,2,ONLINE,blonde,black,tone_5,blue
P0987,Krish,Akhtar,NO,1,FAMILY,2,DESK,brunette_f,blue,tone_4,suit
P0988,Riley,Mansour,NO,2,LEISURE,2,KIOSK,brunette,black,tone_6,blue
P0989,Alejandro,Richards,NO,1,BUSINESS,0,ONLINE,brunette,blue,tone_6,red
P0990,Giulia,Saleh,NO,3,SOLO,2,KIOSK,blonde_f,black,tone_1,blue
P0991,Amara,Johnson,NO,1,LEISURE,2,DESK,blonde_f,black,tone_2,olive+green
P0992,Sakura,Doyle,YES,6,LEISURE,1,DESK,brunette,black,tone_5,olive+green
P0993,Hana,Zielinski,YES,7,LEISURE,1,DESK,blonde_f,blue,tone_5,blue
P0994,Aoife,Campbell,NO,1,FAMILY,2,DESK,blonde_f,black,tone_5,olive+green
P0995,Gabriel,Malhotra,NO,2,LEISURE,1,KIOSK,black,blue,tone_3,red
P0996,Luca,Collins,NO,3,LEISURE,1,DESK,brunette_f,blue,tone_1,red
P0997,Nathan,Jackson,NO,1,FAMILY,2,DESK,brunette_f,black,tone_2,olive+green
P0998,Dhruv,Joshi,YES,10,LEISURE,1,ONLINE,blonde,blue,tone_1,olive+green
P0999,Arthur,Gomez,NO,2,FAMILY,2,DESK,blonde_f,black,tone_2,blue
P1000,Tunde,Bernard,NO,1,BUSINESS,2,ONLINE,blonde_f,blue,tone_2,blue
P1001,Femi,Ruiz,NO,2,SOLO,1,DESK,blonde_f,blue,tone_3,suit
P1002,Dhruv,Adams,NO,1,BUSINESS,0,ONLINE,blonde,black,tone_2,suit
P1003,Adwoa,Desai,NO,2,LEISURE,2,DESK,black,black,tone_1,blue
P1004,Charlie,Kaminski,NO,1,SOLO,2,DESK,blonde,blue,tone_2,red
P1005,Lucie,Mitchell,NO,3,LEISURE,0,ONLINE,brunette,blue,tone_3,olive+green
P1006,Omar,Watanabe,NO,2,LEISURE,1,KIOSK,black,blue,tone_6,red
P1007,Bilal,Adeyemi,YES,10,FAMILY,2,DESK,brunette_f,blue,tone_5,suit
P1008,Orla,Sow,NO,1,LEISURE,1,ONLINE,brunette_f,blue,tone_2,olive+green
P1009,Ayaan,Rahman,NO,2,FAMILY,2,DESK,brunette,blue,tone_5,suit
P1010,Ava,Murphy,NO,3,BUSINESS,1,KIOSK,black,blue,tone_6,olive+green
P1011,Haruto,Bose,NO,2,LEISURE,0,DESK,black_f,black,tone_5,olive+green
P1012,Daichi,Green,NO,1,FAMILY,3,DESK,brunette,blue,tone_4,suit
P1013,Isabella,Khalil,NO,1,SOLO,1,ONLINE,blonde,black,tone_6,suit
P1014,Yuna,Sandhu,NO,1,BUSINESS,1,ONLINE,black_f,blue,tone_4,olive+green
P1015,Yuki,Shah,NO,2,LEISURE,1,KIOSK,brunette_f,blue,tone_1,blue
P1016,Daichi,Stewart,NO,3,LEISURE,1,ONLINE,blonde,blue,tone_4,blue
P1017,Aiko,Campbell,NO,1,BUSINESS,1,DESK,blonde,blue,tone_6,blue
P1018,Alessia,Petit,NO,1,BUSINESS,0,ONLINE,blonde_f,black,tone_6,olive+green
P1019,Poppy,Kumar,NO,2,LEISURE,2,ONLINE,black,black,tone_4,suit
P1020,Hannah,Campbell,NO,1,BUSINESS,0,KIOSK,blonde_f,black,tone_1,olive+green
P1021,Minho,Watanabe,NO,2,FAMILY,2,KIOSK,brunette,blue,tone_6,blue
P1022,Rohan,Walker,NO,1,LEISURE,1,ONLINE,black_f,black,tone_4,blue
P1023,Ananya,Boateng,NO,2,BUSINESS,1,KIOSK,blonde_f,black,tone_4,blue
P1024,Arthur,Hall,NO,2,LEISURE,1,ONLINE,brunette_f,blue,tone_3,suit
P1025,Tomasz,Petit,NO,2,FAMILY,2,DESK,black_f,blue,tone_4,suit
P1026,Ming,Fischer,NO,1,FAMILY,2,DESK,black,black,tone_4,blue
P1027,Oisin,Tran,NO,2,LEISURE,1,ONLINE,blonde_f,black,tone_4,blue
P1028,Chiara,Reddy,NO,1,FAMILY,2,KIOSK,brunette,black,tone_4,suit
P1029,Reyansh,Dubois,NO,1,LEISURE,1,DESK,blonde,black,tone_2,blue
P1030,Diya,Sandhu,NO,2,LEISURE,1,DESK,black,black,tone_5,olive+green
P1031,Arjun,Shah,NO,1,LEISURE,1,DESK,brunette,black,tone_1,suit
P1032,Priya,Zhang,NO,3,BUSINESS,0,ONLINE,brunette_f,black,tone_2,suit
P1033,Charlotte,Moretti,YES,6,LEISURE,0,DESK,black,blue,tone_1,suit
P1034,Alfie,Diallo,NO,1,LEISURE,0,DESK,blonde_f,blue,tone_2,suit
P1035,Valentina,Garcia,NO,2,LEISURE,1,ONLINE,blonde_f,black,tone_6,blue
P1036,Ayana,Robinson,NO,2,LEISURE,1,ONLINE,brunette_f,blue,tone_5,suit
P1037,Chidi,Chen,NO,2,SOLO,1,ONLINE,black_f,blue,tone_4,red
P1038,Amina,Gomez,YES,9,LEISURE,2,DESK,black_f,blue,tone_4,olive+green
P1039,Tomasz,Ali,YES,6,FAMILY,2,KIOSK,blonde,blue,tone_6,blue
P1040,Charlie,Yamamoto,YES,5,BUSINESS,1,ONLINE,blonde_f,black,tone_1,olive+green
P1041,Leon,Bernard,NO,2,SOLO,1,KIOSK,brunette_f,blue,tone_2,suit
P1042,Isla,Durand,NO,3,BUSINESS,1,ONLINE,blonde_f,blue,tone_6,red
P1043,Declan,Doyle,YES,5,LEISURE,0,KIOSK,brunette,black,tone_5,blue
P1044,Amina,Moreau,NO,3,FAMILY,1,ONLINE,brunette,black,tone_2,red
P1045,Hannah,Desai,NO,1,LEISURE,0,ONLINE,blonde_f,black,tone_1,red
P1046,Michael,Mehta,NO,1,FAMILY,2,DESK,black,black,tone_6,red
P1047,Hao,Green,YES,10,FAMILY,1,DESK,blonde_f,blue,tone_2,suit
P1048,Bethany,Boateng,NO,1,BUSINESS,1,KIOSK,blonde_f,black,tone_5,blue
P1049,Lucie,Kaur,YES,9,SOLO,1,KIOSK,blonde,blue,tone_4,suit
P1050,Benjamin,Bose,NO,1,LEISURE,0,ONLINE,blonde,blue,tone_2,suit
P1051,Ama,Reddy,YES,6,FAMILY,1,DESK,blonde,blue,tone_6,olive+green
P1052,Noor,Mitchell,NO,1,LEISURE,1,DESK,black,black,tone_5,blue
P1053,Vihaan,Sandhu,NO,1,LEISURE,1,ONLINE,brunette,blue,tone_3,olive+green
P1054,Ayana,Richards,NO,1,SOLO,0,ONLINE,blonde_f,blue,tone_5,suit
P1055,Yasmin,Bernard,NO,2,LEISURE,1,KIOSK,blonde_f,blue,tone_6,red
P1056,Obinna,Balogun,NO,2,LEISURE,2,ONLINE,brunette_f,black,tone_2,red
P1057,Zofia,Jimenez,NO,2,BUSINESS,0,ONLINE,black,black,tone_2,red
P1058,Nisha,Khalil,NO,2,LEISURE,1,DESK,blonde_f,blue,tone_4,blue
P1059,Haruto,Adeyemi,NO,1,BUSINESS,0,ONLINE,blonde_f,blue,tone_5,suit
P1060,Charlotte,Sanchez,NO,2,BUSINESS,0,ONLINE,black,blue,tone_6,suit
P1061,Jamie,Schmidt,NO,2,SOLO,2,DESK,black,blue,tone_5,olive+green
P1062,Hyejin,Yang,NO,3,FAMILY,3,ONLINE,blonde_f,black,tone_2,blue
P1063,Sam,Martinez,NO,1,FAMILY,3,KIOSK,brunette_f,blue,tone_2,suit
P1064,Luca,Bose,NO,1,LEISURE,1,KIOSK,black_f,black,tone_4,suit
P1065,Kiet,Zhou,NO,3,SOLO,0,DESK,black_f,black,tone_2,olive+green
P1066,Mila,Siddiqui,NO,1,BUSINESS,1,ONLINE,blonde,black,tone_4,olive+green
P1067,Hugo,Ali,NO,2,BUSINESS,1,DESK,brunette_f,black,tone_6,olive+green
P1068,Niamh,O'Brien,NO,1,BUSINESS,1,ONLINE,brunette,black,tone_2,blue
P1069,Samar,Moretti,NO,1,LEISURE,1,ONLINE,brunette,black,tone_1,red
P1070,Alex,Zhou,YES,9,FAMILY,1,DESK,black,blue,tone_6,red
P1071,Jules,Sandhu,NO,1,SOLO,1,KIOSK,blonde_f,black,tone_6,olive+green
P1072,George,Saleh,NO,1,LEISURE,0,DESK,black,blue,tone_4,blue
P1073,Riya,Iyer,YES,7,SOLO,1,DESK,black,black,tone_5,olive+green
P1074,Alejandro,Young,NO,2,FAMILY,2,DESK,blonde_f,blue,tone_6,olive+green
P1075,Violet,Kone,NO,1,BUSINESS,0,ONLINE,black,black,tone_4,blue
P1076,Rohan,Agyeman,NO,2,BUSINESS,1,DESK,black,black,tone_5,red
P1077,Simran,Tran,YES,8,LEISURE,2,DESK,brunette,blue,tone_3,blue
P1078,Ryan,Clarke,NO,1,BUSINESS,0,ONLINE,blonde,black,tone_2,olive+green
P1079,Riley,Ahmed,NO,2,FAMILY,2,DESK,black,black,tone_4,suit
P1080,Hana,Wright,NO,1,SOLO,2,ONLINE,blonde,black,tone_6,red
P1081,Sophia,Williams,NO,2,LEISURE,0,ONLINE,black_f,black,tone_3,olive+green
P1082,Theo,Perez,NO,1,FAMILY,3,DESK,blonde,blue,tone_5,olive+green
P1083,Evie,Gray,YES,7,LEISURE,1,ONLINE,brunette_f,black,tone_1,suit
P1084,Ahmed,Reddy,NO,1,LEISURE,1,ONLINE,blonde_f,black,tone_6,suit
P1085,Ali,Kowalski,NO,2,LEISURE,1,DESK,brunette,black,tone_3,red
P1086,Hannah,Kapoor,NO,2,BUSINESS,1,ONLINE,blonde_f,black,tone_6,suit
P1087,Leo,Russell,YES,6,LEISURE,1,DESK,black,black,tone_3,olive+green
P1088,David,Mehta,NO,2,FAMILY,3,KIOSK,black_f,blue,tone_5,olive+green
P1089,George,Kim,NO,1,LEISURE,0,KIOSK,black,blue,tone_6,olive+green
P1090,Mai,Jones,NO,1,SOLO,1,ONLINE,brunette,black,tone_5,olive+green
P1091,Maeve,Joshi,YES,9,FAMILY,2,KIOSK,blonde,blue,tone_1,blue
P1092,Krish,Collins,NO,1,LEISURE,1,KIOSK,blonde_f,blue,tone_5,suit
P1093,Karim,Saleh,NO,1,LEISURE,2,KIOSK,blonde,black,tone_6,red
P1094,Camila,Khalil,NO,1,SOLO,0,DESK,blonde_f,blue,tone_6,olive+green
P1095,Charlotte,Gray,YES,8,SOLO,1,ONLINE,black,black,tone_1,red
P1096,Aanya,Thomas,NO,1,BUSINESS,1,ONLINE,blonde,blue,tone_6,red
P1097,Hassan,Khalil,YES,10,BUSINESS,0,KIOSK,brunette,blue,tone_4,red
P1098,Veer,Rahman,NO,1,LEISURE,1,KIOSK,blonde,blue,tone_1,olive+green
P1099,Noah,Owusu,NO,2,LEISURE,0,DESK,blonde_f,black,tone_3,blue
P1100,Nathan,Asante,NO,2,SOLO,1,ONLINE,brunette,black,tone_4,olive+green
P1101,George,Rodriguez,NO,1,FAMILY,2,KIOSK,black,black,tone_1,red
P1102,Taylor,Yamamoto,NO,1,SOLO,1,DESK,blonde_f,black,tone_6,blue
P1103,Sami,Siddiqui,NO,3,LEISURE,1,DESK,black_f,blue,tone_6,suit
P1104,Arjun,Moretti,NO,1,LEISURE,1,DESK,brunette_f,blue,tone_4,suit
P1105,Jian,Hall,NO,1,LEISURE,1,ONLINE,brunette,blue,tone_2,blue
P1106,Chidi,Brar,YES,5,SOLO,1,ONLINE,blonde_f,black,tone_5,olive+green
P1107,Minh,Desai,YES,6,LEISURE,2,ONLINE,black,black,tone_4,red
P1108,Samir,White,YES,6,LEISURE,1,DESK,brunette,blue,tone_5,suit
P1109,Charlotte,Park,YES,6,BUSINESS,0,ONLINE,blonde_f,black,tone_2,blue
P1110,Maeve,Esposito,NO,1,FAMILY,2,ONLINE,brunette,blue,tone_6,olive+green
P1111,Ade,Adams,YES,6,LEISURE,0,DESK,brunette,blue,tone_5,olive+green
P1112,Isabella,Zhang,NO,1,BUSINESS,1,ONLINE,blonde,blue,tone_6,olive+green
P1113,Veer,White,NO,1,BUSINESS,1,ONLINE,brunette_f,blue,tone_5,olive+green
P1114,Zuri,Bose,NO,2,LEISURE,1,KIOSK,black,blue,tone_6,blue
P1115,Matteo,Stewart,NO,1,FAMILY,2,KIOSK,black,blue,tone_4,suit
P1116,Khalid,Rahman,NO,3,FAMILY,1,KIOSK,black,black,tone_4,red
P1117,Ayana,Carter,NO,2,LEISURE,1,ONLINE,blonde_f,blue,tone_5,blue
P1118,Amrit,Patel,NO,3,BUSINESS,0,DESK,blonde,blue,tone_5,olive+green
P1119,Ngozi,Gray,NO,2,SOLO,2,DESK,blonde,blue,tone_6,red
P1120,Riya,Campbell,NO,3,LEISURE,1,DESK,brunette_f,blue,tone_3,olive+green
P1121,Ama,Huang,NO,1,SOLO,1,ONLINE,black_f,black,tone_5,olive+green
P1122,Harriet,Conti,NO,1,FAMILY,3,KIOSK,black_f,black,tone_1,red
P1123,Trang,Green,NO,2,LEISURE,1,ONLINE,brunette_f,black,tone_5,red
P1124,Nathan,Kang,NO,3,LEISURE,1,KIOSK,brunette_f,blue,tone_1,suit
P1125,Harriet,Sanchez,NO,1,FAMILY,2,KIOSK,blonde,black,tone_3,blue
P1126,Emilia,Taylor,NO,3,SOLO,1,ONLINE,brunette,blue,tone_5,suit
P1127,Oliver,Mitchell,NO,1,LEISURE,2,DESK,blonde,blue,tone_6,red
P1128,Riya,Chopra,NO,1,SOLO,1,DESK,brunette_f,blue,tone_4,olive+green
P1129,Soyeon,Dubois,NO,2,LEISURE,2,KIOSK,brunette,black,tone_2,blue
P1130,Navdeep,Khalil,NO,1,LEISURE,0,ONLINE,brunette,black,tone_5,suit
P1131,Vihaan,Malik,NO,2,SOLO,1,DESK,black,black,tone_6,red
P1132,Alfie,Lewandowski,NO,2,LEISURE,1,ONLINE,brunette_f,black,tone_3,suit
P1133,Yusuf,Campbell,NO,2,LEISURE,0,ONLINE,black,black,tone_1,blue
P1134,Cameron,Gill,NO,1,FAMILY,2,DESK,black,black,tone_5,suit
P1135,Khalid,Sidhu,NO,1,LEISURE,1,DESK,brunette_f,blue,tone_6,olive+green
P1136,Nia,Dubois,NO,1,SOLO,1,DESK,brunette,blue,tone_4,red
P1137,Ronan,Camara,NO,1,LEISURE,1,ONLINE,black,black,tone_6,red
P1138,Bao,Stewart,NO,2,BUSINESS,1,DESK,black,black,tone_5,red
P1139,Ayaan,Nowak,YES,8,BUSINESS,0,ONLINE,blonde,blue,tone_5,suit
P1140,Nhi,Cho,NO,1,BUSINESS,0,ONLINE,black_f,blue,tone_2,olive+green
P1141,Isabella,Eze,NO,1,LEISURE,1,DESK,brunette_f,black,tone_4,suit
P1142,Lena,Petit,NO,1,FAMILY,2,ONLINE,black_f,black,tone_4,red
P1143,Gurleen,Cho,NO,2,LEISURE,0,DESK,black,blue,tone_1,red
P1144,Louis,Green,NO,1,SOLO,1,DESK,blonde_f,blue,tone_3,blue
P1145,Priya,Boateng,NO,2,LEISURE,1,ONLINE,black,blue,tone_2,red
P1146,Ishaan,Ali,NO,3,FAMILY,3,KIOSK,blonde,blue,tone_3,red
P1147,Aoife,Ricci,NO,2,SOLO,1,ONLINE,black_f,blue,tone_2,red
P1148,Ruby,Muller,NO,1,FAMILY,3,DESK,blonde,blue,tone_1,suit
P1149,Matteo,Anderson,NO,2,LEISURE,1,ONLINE,brunette_f,black,tone_5,olive+green
P1150,Camila,Muller,NO,1,LEISURE,1,ONLINE,black,blue,tone_5,red
P1151,Aiko,Weber,NO,1,FAMILY,3,DESK,black_f,blue,tone_5,olive+green
P1152,Kwame,Evans,NO,1,BUSINESS,1,ONLINE,black,black,tone_2,suit
P1153,Sakura,Tran,NO,2,BUSINESS,1,KIOSK,black_f,black,tone_3,olive+green
P1154,Aanya,Jung,NO,1,LEISURE,0,ONLINE,blonde,black,tone_2,red
P1155,Valentina,Byrne,NO,1,SOLO,1,ONLINE,black,blue,tone_5,suit
P1156,Abena,Moretti,NO,3,FAMILY,1,ONLINE,blonde,black,tone_1,red
P1157,Priya,Romano,NO,2,FAMILY,2,DESK,black,blue,tone_1,blue
P1158,Hamza,Kaur,YES,5,LEISURE,1,KIOSK,black,black,tone_5,red
P1159,Jisoo,Bui,NO,1,FAMILY,2,KIOSK,blonde_f,blue,tone_4,red
P1160,Jack,Mahmood,NO,1,FAMILY,1,DESK,blonde_f,black,tone_4,suit
P1161,Linh,Gill,NO,2,LEISURE,0,ONLINE,black,blue,tone_5,blue
P1162,Matteo,Reed,NO,2,LEISURE,1,ONLINE,blonde_f,blue,tone_6,suit
P1163,Luke,Haddad,NO,2,LEISURE,0,ONLINE,brunette,blue,tone_3,blue
P1164,Noor,Bamba,NO,2,LEISURE,0,DESK,black_f,blue,tone_2,red
P1165,Kofi,Schneider,NO,2,LEISURE,1,KIOSK,black_f,black,tone_3,red
P1166,Diya,Grant,NO,1,SOLO,1,KIOSK,blonde,black,tone_4,olive+green
P1167,Mandeep,Saleh,NO,1,FAMILY,2,DESK,brunette_f,black,tone_5,blue
P1168,Trang,Akhtar,NO,1,FAMILY,2,DESK,blonde,black,tone_2,blue
P1169,Anh,Brown,NO,3,BUSINESS,0,ONLINE,blonde_f,blue,tone_4,olive+green
P1170,Ade,Kapoor,YES,8,LEISURE,1,KIOSK,black_f,blue,tone_6,red
P1171,Evie,Kaur,NO,1,LEISURE,1,KIOSK,brunette_f,black,tone_1,blue
P1172,Chidi,Schneider,NO,1,BUSINESS,1,KIOSK,black,black,tone_6,suit
P1173,Mariam,Zhou,YES,7,BUSINESS,0,KIOSK,blonde,blue,tone_2,blue
P1174,Samar,Murphy,NO,1,SOLO,1,DESK,black,black,tone_6,suit
P1175,Khalid,Malhotra,NO,2,FAMILY,2,DESK,brunette,blue,tone_1,olive+green
P1176,Karim,Toure,NO,1,LEISURE,1,ONLINE,blonde,black,tone_3,suit
P1177,Navdeep,Takahashi,NO,1,FAMILY,2,DESK,brunette_f,blue,tone_2,olive+green
P1178,Rohan,Dubois,YES,10,FAMILY,2,DESK,black_f,blue,tone_4,blue
P1179,Lucie,Tran,NO,3,SOLO,1,ONLINE,brunette,blue,tone_1,olive+green
P1180,Oliver,Kelly,NO,3,LEISURE,1,DESK,blonde_f,blue,tone_5,blue
P1181,William,Parker,NO,2,LEISURE,0,ONLINE,blonde_f,black,tone_2,olive+green
P1182,Oisin,Francis,NO,1,FAMILY,2,DESK,black_f,blue,tone_4,olive+green
P1183,Santiago,Petit,NO,1,BUSINESS,1,ONLINE,blonde_f,blue,tone_1,red
P1184,Noah,Reddy,NO,1,SOLO,1,ONLINE,blonde,black,tone_5,suit
P1185,Ahmed,Gupta,YES,10,BUSINESS,1,DESK,blonde,blue,tone_3,olive+green
P1186,Harpreet,Petit,NO,3,LEISURE,0,DESK,brunette_f,black,tone_2,suit
P1187,Jelani,Eze,NO,1,LEISURE,1,DESK,blonde_f,black,tone_1,blue
P1188,Joon,Gill,NO,1,LEISURE,2,ONLINE,blonde_f,black,tone_4,suit
P1189,Lena,Fofana,NO,2,BUSINESS,1,ONLINE,blonde,black,tone_4,suit
P1190,Casey,Schneider,NO,1,FAMILY,2,ONLINE,blonde,black,tone_2,olive+green
P1191,Yuki,Kang,NO,1,LEISURE,1,KIOSK,black_f,blue,tone_3,suit
P1192,Ming,Balogun,NO,3,LEISURE,2,DESK,blonde_f,black,tone_3,olive+green
P1193,Hyejin,Balogun,NO,1,BUSINESS,1,KIOSK,black,blue,tone_5,suit
P1194,Karan,Traore,NO,2,SOLO,1,ONLINE,brunette_f,black,tone_5,olive+green
P1195,Priya,Adeyemi,NO,1,LEISURE,0,DESK,black,blue,tone_2,suit
P1196,Kenji,Adams,NO,1,LEISURE,1,DESK,brunette_f,black,tone_5,suit
P1197,Femi,Kaur,NO,1,BUSINESS,1,DESK,black_f,black,tone_3,blue
P1198,Akira,Fischer,NO,1,SOLO,1,DESK,black,blue,tone_1,olive+green
P1199,James,Foster,YES,10,LEISURE,0,ONLINE,black,blue,tone_1,red
P1200,Ella,Francis,NO,1,LEISURE,1,ONLINE,blonde,black,tone_1,suit
P1201,Kabir,Takahashi,NO,3,LEISURE,2,ONLINE,black,blue,tone_6,red
P1202,Diya,White,NO,3,BUSINESS,1,ONLINE,blonde_f,black,tone_1,olive+green
P1203,Navdeep,Zielinski,NO,2,LEISURE,0,DESK,blonde,blue,tone_1,suit
P1204,Jian,Garcia,NO,1,BUSINESS,1,ONLINE,blonde_f,blue,tone_1,blue
P1205,Jun,Adeyemi,NO,1,SOLO,0,ONLINE,black,blue,tone_6,suit
P1206,Felix,Moreau,NO,1,SOLO,0,DESK,brunette_f,black,tone_4,red
P1207,Isha,Petit,NO,1,LEISURE,1,DESK,black,black,tone_3,suit
P1208,Isabella,Bamba,NO,2,SOLO,1,KIOSK,blonde,black,tone_2,blue
P1209,Krish,Ali,YES,8,LEISURE,1,ONLINE,brunette_f,blue,tone_2,red
P1210,Poppy,Takahashi,NO,1,LEISURE,1,DESK,black_f,black,tone_1,red
P1211,Priya,Hall,NO,3,LEISURE,1,DESK,blonde_f,blue,tone_3,suit
P1212,Ruby,Wilson,NO,1,LEISURE,1,ONLINE,brunette,black,tone_3,olive+green
P1213,Kabir,Walker,NO,1,LEISURE,1,ONLINE,brunette_f,black,tone_1,suit
P1214,Minho,Byrne,YES,9,LEISURE,1,KIOSK,black,blue,tone_1,blue
P1215,Jaspreet,Lopez,NO,1,SOLO,0,ONLINE,blonde,blue,tone_6,red
P1216,Cameron,Kaminski,YES,5,BUSINESS,1,ONLINE,blonde,blue,tone_1,suit
P1217,Sophia,Taylor,NO,1,LEISURE,1,ONLINE,black,black,tone_1,olive+green
P1218,Jordan,Robinson,YES,9,LEISURE,2,KIOSK,blonde_f,blue,tone_6,red
P1219,Karan,Fofana,NO,1,BUSINESS,0,ONLINE,blonde_f,black,tone_3,suit
P1220,Ananya,Mahmood,NO,3,SOLO,1,ONLINE,brunette_f,black,tone_6,suit
P1221,Anh,Kang,NO,3,SOLO,1,ONLINE,blonde_f,black,tone_5,suit
P1222,Tunde,Joshi,NO,2,LEISURE,1,DESK,brunette,black,tone_5,red
P1223,Georgia,Verma,NO,2,FAMILY,3,ONLINE,brunette_f,blue,tone_3,suit
P1224,Oisin,Weber,NO,3,SOLO,1,DESK,brunette,blue,tone_2,suit
P1225,Ade,Byrne,YES,10,LEISURE,1,DESK,blonde_f,black,tone_5,suit
P1226,Nisha,Morgan,YES,10,LEISURE,0,ONLINE,black,blue,tone_2,blue
P1227,Veer,Diallo,YES,5,FAMILY,2,ONLINE,brunette_f,blue,tone_4,red
P1228,Arthur,Watson,YES,9,LEISURE,2,ONLINE,blonde,blue,tone_6,olive+green
P1229,Harpreet,Xu,NO,1,LEISURE,1,KIOSK,brunette,blue,tone_3,blue
P1230,Isabella,Yang,NO,2,LEISURE,2,ONLINE,brunette_f,blue,tone_3,red
P1231,Minji,Thomas,NO,1,FAMILY,2,DESK,black,black,tone_4,blue
P1232,David,Foster,YES,10,FAMILY,1,ONLINE,blonde,black,tone_4,suit
P1233,Dhruv,O'Brien,YES,5,SOLO,1,ONLINE,brunette_f,blue,tone_4,blue
P1234,Henry,Saleh,NO,1,LEISURE,2,ONLINE,blonde_f,blue,tone_6,blue
P1235,Sebastian,Green,NO,1,LEISURE,2,DESK,brunette,blue,tone_1,red
P1236,Bethany,Asante,YES,10,LEISURE,1,DESK,blonde_f,blue,tone_2,red
P1237,Ayaan,Sow,NO,1,LEISURE,1,KIOSK,brunette,blue,tone_5,red
P1238,Kwame,Watson,NO,1,BUSINESS,0,ONLINE,blonde_f,blue,tone_3,red
P1239,Diya,Haddad,NO,1,LEISURE,2,KIOSK,black,black,tone_3,red
P1240,Hugo,Agyeman,NO,2,FAMILY,2,DESK,brunette_f,black,tone_5,blue
P1241,Ruby,Shah,NO,1,LEISURE,1,KIOSK,blonde_f,black,tone_6,suit
P1242,Benjamin,Kumar,YES,9,LEISURE,1,ONLINE,black,blue,tone_1,blue
P1243,Hao,Owusu,NO,1,LEISURE,0,DESK,black,blue,tone_3,suit
P1244,Jacob,Kapoor,YES,6,LEISURE,0,KIOSK,black,black,tone_2,red
P1245,Lucie,Pham,NO,1,LEISURE,2,ONLINE,blonde_f,black,tone_5,olive+green
P1246,Grace,Ferrari,YES,7,LEISURE,0,ONLINE,blonde,black,tone_2,red
P1247,David,Thompson,NO,1,LEISURE,2,ONLINE,black_f,blue,tone_6,olive+green
P1248,Reyansh,Le,NO,3,LEISURE,1,DESK,black,blue,tone_6,olive+green
P1249,Bao,Davies,NO,1,BUSINESS,0,ONLINE,blonde,blue,tone_2,suit
P1250,Hao,Ahmed,NO,1,BUSINESS,0,ONLINE,brunette_f,black,tone_6,blue
P1251,Charlie,Shah,NO,1,LEISURE,1,ONLINE,black_f,black,tone_6,olive+green
P1252,Kofi,Moreau,NO,2,SOLO,1,ONLINE,blonde,black,tone_5,suit
P1253,Alejandro,Bianchi,YES,6,LEISURE,1,ONLINE,blonde,blue,tone_4,olive+green
P1254,Ronan,Dang,YES,9,BUSINESS,1,ONLINE,black,black,tone_5,blue
P1255,Hana,Okafor,NO,2,LEISURE,0,KIOSK,brunette,black,tone_2,red
P1256,Aoife,Bose,YES,9,SOLO,1,ONLINE,blonde_f,blue,tone_6,red
P1257,Leo,Joshi,NO,2,LEISURE,1,DESK,black,blue,tone_6,olive+green
P1258,Leon,Kim,NO,1,LEISURE,2,DESK,black,blue,tone_3,blue
P1259,Oisin,Nair,NO,1,FAMILY,2,ONLINE,brunette,blue,tone_1,red
P1260,Tomasz,Adams,NO,1,BUSINESS,0,ONLINE,brunette_f,blue,tone_4,blue
P1261,Jacob,Tanaka,NO,2,SOLO,1,ONLINE,brunette,black,tone_2,red
P1262,Victoria,Mitchell,NO,1,BUSINESS,0,KIOSK,black_f,black,tone_3,red
P1263,Camille,Campbell,NO,1,FAMILY,3,DESK,blonde_f,blue,tone_2,olive+green
P1264,Marek,Nair,NO,3,BUSINESS,2,ONLINE,black,blue,tone_3,olive+green
P1265,Anja,Brar,NO,2,SOLO,1,ONLINE,blonde,black,tone_5,olive+green
P1266,Muhammad,Williams,YES,8,BUSINESS,1,ONLINE,brunette,black,tone_3,suit
P1267,Layla,Desai,NO,1,FAMILY,2,ONLINE,black,black,tone_3,suit
P1268,Rahul,Wisniewski,NO,2,BUSINESS,1,KIOSK,black_f,black,tone_2,blue
P1269,Sami,Wu,NO,1,FAMILY,2,KIOSK,blonde_f,blue,tone_1,suit
P1270,Jacob,Kelly,NO,1,BUSINESS,1,ONLINE,brunette,black,tone_1,olive+green
P1271,Aditya,Grant,NO,1,BUSINESS,1,ONLINE,brunette,black,tone_4,red
P1272,Camila,Walsh,YES,5,FAMILY,2,KIOSK,brunette,black,tone_6,olive+green
P1273,Veer,Mahmood,NO,1,LEISURE,0,DESK,brunette_f,blue,tone_3,blue
P1274,Anja,Reed,YES,9,LEISURE,1,DESK,black_f,black,tone_1,olive+green
P1275,Bethany,Brar,NO,1,LEISURE,2,ONLINE,black_f,black,tone_1,blue
P1276,Marek,Bui,NO,1,BUSINESS,1,KIOSK,brunette_f,black,tone_3,blue
P1277,Michael,Esposito,YES,8,LEISURE,0,ONLINE,blonde_f,black,tone_6,blue
P1278,Jack,Johnson,NO,1,LEISURE,0,ONLINE,blonde_f,blue,tone_1,red
P1279,Gabriel,Garcia,NO,1,BUSINESS,1,ONLINE,brunette,blue,tone_6,olive+green
P1280,Orla,Akhtar,NO,1,BUSINESS,1,ONLINE,brunette,blue,tone_1,olive+green
P1281,Imani,Conti,YES,8,SOLO,1,DESK,blonde,black,tone_1,red
P1282,Jack,Ruiz,YES,7,BUSINESS,1,KIOSK,brunette_f,blue,tone_4,red
P1283,Ibrahim,Wu,NO,2,LEISURE,2,DESK,black,blue,tone_2,red
P1284,Arnav,Conti,NO,1,BUSINESS,1,KIOSK,black,black,tone_1,suit
P1285,Chloe,Mehta,NO,1,LEISURE,1,DESK,blonde,black,tone_1,suit
P1286,Jonas,Watanabe,NO,1,LEISURE,1,DESK,brunette,black,tone_6,red
P1287,Marek,Khalil,YES,7,LEISURE,1,DESK,black_f,blue,tone_3,olive+green
P1288,Mei,Brown,NO,1,BUSINESS,1,ONLINE,brunette,blue,tone_1,suit
P1289,Ayaan,Wilson,NO,1,FAMILY,2,KIOSK,black,black,tone_2,blue
P1290,Khalid,O'Brien,YES,7,LEISURE,1,ONLINE,blonde,black,tone_5,red
P1291,Karim,Dhillon,NO,3,SOLO,1,DESK,brunette,blue,tone_2,suit
P1292,Charlie,Desai,YES,6,LEISURE,0,ONLINE,blonde_f,blue,tone_2,olive+green
P1293,Violet,Collins,NO,2,LEISURE,1,DESK,blonde,black,tone_2,suit
P1294,Sota,Mahmood,YES,9,FAMILY,2,DESK,brunette,blue,tone_5,suit
P1295,Mila,Johnson,NO,2,BUSINESS,0,ONLINE,black_f,black,tone_3,red
P1296,Jules,Bose,YES,6,SOLO,1,KIOSK,blonde_f,black,tone_5,red
P1297,Cameron,Tanaka,NO,1,LEISURE,1,KIOSK,brunette,black,tone_6,blue
P1298,Ronan,Johnson,NO,1,LEISURE,0,KIOSK,blonde_f,black,tone_6,olive+green
P1299,Ren,Chen,NO,1,SOLO,1,ONLINE,brunette,blue,tone_1,suit
P1300,Charlotte,Keita,NO,2,LEISURE,0,KIOSK,black,black,tone_4,blue
P1301,Joon,Balogun,YES,8,BUSINESS,0,ONLINE,blonde_f,blue,tone_1,red
P1302,Ngozi,Walsh,NO,1,BUSINESS,1,ONLINE,brunette_f,black,tone_5,suit
P1303,Lily,Adams,YES,8,LEISURE,1,ONLINE,brunette,blue,tone_2,suit
P1304,Alfie,Boateng,NO,1,SOLO,1,ONLINE,brunette,blue,tone_2,suit
P1305,Vivaan,Watanabe,NO,2,BUSINESS,1,ONLINE,black,black,tone_4,olive+green
P1306,Lucie,Taylor,NO,2,FAMILY,1,DESK,blonde_f,blue,tone_4,blue
P1307,Sophia,Ryan,NO,1,SOLO,1,KIOSK,blonde_f,black,tone_4,red
P1308,Trang,Sharma,NO,3,FAMILY,3,DESK,blonde,blue,tone_1,blue
P1309,Riya,Dang,NO,2,BUSINESS,1,ONLINE,brunette_f,black,tone_4,red
P1310,Chiara,Singh,NO,1,BUSINESS,2,ONLINE,brunette_f,black,tone_1,suit
P1311,Kavya,Bernard,NO,2,FAMILY,2,KIOSK,brunette,black,tone_4,suit
P1312,Yuna,Huynh,NO,3,LEISURE,1,ONLINE,black,black,tone_5,red
P1313,Jakub,Watanabe,NO,2,FAMILY,2,KIOSK,blonde_f,black,tone_3,suit
P1314,Linh,Watson,NO,3,BUSINESS,1,KIOSK,brunette_f,blue,tone_5,olive+green
P1315,Thomas,Shah,NO,2,LEISURE,0,ONLINE,black_f,blue,tone_2,olive+green
P1316,Linh,Green,NO,2,LEISURE,2,ONLINE,blonde_f,blue,tone_6,blue
P1317,Chiara,Romano,NO,1,SOLO,0,ONLINE,brunette_f,blue,tone_4,blue
P1318,Emily,Mehta,NO,3,FAMILY,1,DESK,blonde_f,black,tone_3,red
P1319,Nisha,Yang,YES,9,FAMILY,3,DESK,blonde_f,black,tone_6,red
P1320,Oliver,Wisniewski,NO,2,FAMILY,2,DESK,brunette_f,black,tone_2,blue
P1321,Khalid,Byrne,YES,5,LEISURE,0,DESK,brunette_f,blue,tone_3,suit
P1322,Neil,Jung,NO,2,LEISURE,0,ONLINE,brunette,blue,tone_6,suit
P1323,Femi,Garcia,NO,1,LEISURE,0,ONLINE,black,blue,tone_5,olive+green
P1324,Harry,Cho,NO,1,BUSINESS,1,KIOSK,blonde,blue,tone_3,red
P1325,Omar,Adams,NO,3,FAMILY,2,DESK,brunette_f,blue,tone_5,olive+green
P1326,Avery,Chen,NO,3,LEISURE,1,KIOSK,blonde_f,blue,tone_3,red
P1327,Kwame,Doyle,NO,1,LEISURE,1,ONLINE,brunette_f,black,tone_3,red
P1328,Samar,Rao,NO,1,LEISURE,1,DESK,brunette_f,blue,tone_6,red
P1329,Gurleen,Davies,NO,2,FAMILY,2,KIOSK,blonde,blue,tone_1,suit
P1330,Diego,Rahman,NO,2,FAMILY,2,ONLINE,brunette_f,blue,tone_3,blue
P1331,Cian,Evans,NO,2,BUSINESS,0,ONLINE,blonde,black,tone_4,red
P1332,Joon,Schneider,NO,1,LEISURE,1,ONLINE,blonde_f,blue,tone_1,blue
P1333,Morgan,Scott,NO,2,LEISURE,0,ONLINE,black,blue,tone_3,suit
P1334,Jacob,Bernard,YES,10,LEISURE,1,DESK,blonde,blue,tone_5,suit
P1335,Imran,Clarke,NO,1,BUSINESS,0,ONLINE,black,blue,tone_5,suit
P1336,Manpreet,Khalil,YES,8,LEISURE,0,ONLINE,brunette,black,tone_3,suit
P1337,Jacob,Pham,YES,6,BUSINESS,0,ONLINE,blonde_f,black,tone_2,red
P1338,Vivaan,Gray,NO,2,LEISURE,0,ONLINE,brunette_f,black,tone_2,suit
P1339,Hao,Bianchi,NO,2,LEISURE,1,DESK,brunette,black,tone_1,red
P1340,Jules,Kumar,YES,9,LEISURE,1,ONLINE,blonde,blue,tone_6,suit
P1341,David,Gupta,NO,1,FAMILY,2,KIOSK,brunette,blue,tone_4,olive+green
P1342,Jonas,Durand,NO,1,LEISURE,1,KIOSK,brunette_f,blue,tone_3,red
P1343,Khalid,Vu,YES,8,LEISURE,0,DESK,black_f,blue,tone_4,suit
P1344,Lena,Watanabe,NO,1,LEISURE,1,DESK,black_f,blue,tone_5,suit
P1345,Marco,Gray,NO,2,SOLO,1,ONLINE,blonde,blue,tone_1,red
P1346,Avery,Adeyemi,YES,8,BUSINESS,0,ONLINE,black_f,blue,tone_3,red
P1347,Eoin,Vu,NO,2,LEISURE,2,DESK,blonde_f,blue,tone_2,blue
P1348,Tariq,Walsh,YES,9,BUSINESS,1,ONLINE,blonde,black,tone_2,blue
P1349,Greta,Kang,YES,7,BUSINESS,1,ONLINE,brunette,blue,tone_3,olive+green
P1350,Jun,Iqbal,NO,1,FAMILY,1,DESK,black,blue,tone_5,olive+green
P1351,Kojo,Chopra,NO,2,SOLO,1,ONLINE,blonde,blue,tone_5,blue
P1352,Amara,Richards,NO,1,BUSINESS,1,ONLINE,brunette_f,blue,tone_5,blue
P1353,Noah,Ruiz,NO,1,FAMILY,3,DESK,brunette_f,black,tone_3,olive+green
P1354,Emeka,Bose,NO,1,BUSINESS,1,ONLINE,black_f,blue,tone_5,olive+green
P1355,Thao,Stewart,NO,1,BUSINESS,0,ONLINE,brunette,blue,tone_4,red
P1356,Louis,Kumar,NO,1,BUSINESS,1,ONLINE,brunette,black,tone_1,red
P1357,Hamza,Akhtar,NO,1,BUSINESS,0,KIOSK,blonde,blue,tone_5,olive+green
P1358,Karan,Doyle,NO,3,LEISURE,1,DESK,black,blue,tone_4,red
P1359,Valentina,Takahashi,NO,1,LEISURE,1,ONLINE,brunette_f,black,tone_6,blue
P1360,Molly,Keita,NO,1,LEISURE,1,KIOSK,black_f,black,tone_4,blue
P1361,Trang,Sow,NO,1,LEISURE,1,ONLINE,black_f,black,tone_6,suit
P1362,Avery,Kim,YES,9,BUSINESS,0,ONLINE,blonde,black,tone_3,red
P1363,Alejandro,Petit,NO,1,FAMILY,2,DESK,black_f,black,tone_6,blue
P1364,Adam,Ito,NO,1,SOLO,1,ONLINE,black_f,blue,tone_1,blue
P1365,Nari,Carter,YES,8,LEISURE,1,KIOSK,brunette_f,blue,tone_5,blue
P1366,Yuki,Xu,NO,1,LEISURE,1,DESK,black,black,tone_1,suit
P1367,Ibrahim,Grant,NO,2,BUSINESS,1,ONLINE,black,blue,tone_5,suit
P1368,Evie,Shah,NO,1,FAMILY,1,ONLINE,blonde_f,black,tone_4,olive+green
P1369,Manon,Anderson,NO,1,LEISURE,1,ONLINE,blonde,blue,tone_2,red
P1370,Valentina,Yamamoto,NO,1,SOLO,0,ONLINE,black_f,blue,tone_5,olive+green
P1371,Reyansh,Chopra,NO,3,BUSINESS,1,ONLINE,black,black,tone_6,blue
P1372,Noor,Gomez,NO,1,LEISURE,1,DESK,brunette,blue,tone_6,suit
P1373,Amara,Sidhu,NO,2,FAMILY,1,ONLINE,brunette,blue,tone_3,suit
P1374,Karan,Walker,NO,1,SOLO,1,ONLINE,black_f,blue,tone_1,red
P1375,Sakura,Rodriguez,NO,3,BUSINESS,1,ONLINE,brunette,blue,tone_3,suit
P1376,Sam,Nowak,NO,2,SOLO,0,DESK,blonde,black,tone_2,red
P1377,Navdeep,Malik,NO,2,FAMILY,3,ONLINE,brunette,blue,tone_5,suit
P1378,George,Eze,NO,2,LEISURE,1,KIOSK,brunette,blue,tone_6,olive+green
P1379,Giulia,Parker,YES,7,LEISURE,1,ONLINE,blonde_f,blue,tone_1,olive+green
P1380,Ade,Howard,NO,1,LEISURE,1,KIOSK,brunette,blue,tone_3,suit
P1381,Morgan,Williams,NO,1,FAMILY,2,DESK,black_f,black,tone_1,red
P1382,Casey,Verma,NO,2,LEISURE,2,KIOSK,brunette,blue,tone_2,red
P1383,Olivia,Jones,YES,9,BUSINESS,1,ONLINE,brunette_f,blue,tone_4,suit
P1384,Ibrahim,Jones,NO,2,LEISURE,2,DESK,blonde,blue,tone_2,suit
P1385,Zofia,Dubois,NO,3,LEISURE,1,ONLINE,black_f,blue,tone_3,blue
P1386,David,Sharma,NO,1,FAMILY,2,KIOSK,brunette_f,black,tone_1,suit
P1387,Malik,Roberts,NO,3,LEISURE,1,KIOSK,blonde,blue,tone_5,olive+green
P1388,Dev,Green,NO,3,BUSINESS,0,KIOSK,brunette,blue,tone_2,suit
P1389,Layla,Murphy,NO,2,LEISURE,1,DESK,brunette,blue,tone_4,suit
P1390,Casey,Adams,NO,2,BUSINESS,1,ONLINE,black,blue,tone_6,suit
P1391,Aarav,Bailey,NO,3,LEISURE,1,DESK,black_f,black,tone_3,blue
P1392,Dev,Fofana,NO,2,LEISURE,1,DESK,black_f,black,tone_2,blue
P1393,Lucie,Camara,NO,1,SOLO,0,KIOSK,black_f,black,tone_1,olive+green
P1394,Evie,Adams,NO,1,LEISURE,1,KIOSK,black,black,tone_3,red
P1395,Ayaan,Muller,NO,1,BUSINESS,1,ONLINE,black,black,tone_3,red
P1396,Nari,Bose,NO,2,LEISURE,1,ONLINE,blonde,blue,tone_2,olive+green
P1397,Meera,Bernard,NO,1,FAMILY,2,DESK,black,black,tone_4,suit
P1398,Aanya,Parker,NO,1,LEISURE,2,ONLINE,brunette_f,black,tone_4,olive+green
P1399,Minh,Shah,NO,2,LEISURE,1,DESK,brunette,blue,tone_6,suit
P1400,Minji,Jones,NO,1,LEISURE,1,DESK,black,blue,tone_3,olive+green
P1401,Ayana,Yoon,NO,1,LEISURE,1,KIOSK,black_f,blue,tone_1,red
P1402,Meera,Green,NO,1,FAMILY,1,DESK,brunette,blue,tone_5,blue
P1403,Marco,Ricci,YES,5,FAMILY,2,DESK,black_f,blue,tone_2,blue
P1404,Ava,Jimenez,YES,9,FAMILY,2,DESK,black_f,blue,tone_5,red
P1405,Jonas,Campbell,NO,2,SOLO,1,KIOSK,black,black,tone_4,red
P1406,Nari,Young,YES,10,FAMILY,1,ONLINE,brunette,black,tone_1,suit
P1407,Violet,Ali,NO,1,FAMILY,2,ONLINE,blonde,blue,tone_1,red
P1408,Sebastian,Garcia,YES,7,FAMILY,2,DESK,blonde,black,tone_6,blue
P1409,Sophie,Lee,NO,2,SOLO,1,KIOSK,black_f,blue,tone_5,red
P1410,Sophie,Wilson,NO,1,LEISURE,0,DESK,black,blue,tone_5,olive+green
P1411,Sakura,Lee,YES,5,LEISURE,1,ONLINE,brunette_f,blue,tone_3,blue
P1412,Jian,Camara,NO,2,LEISURE,1,KIOSK,brunette,blue,tone_1,blue
P1413,Dev,Kone,NO,1,LEISURE,0,KIOSK,brunette,blue,tone_1,red
P1414,Jisoo,Tanaka,NO,1,LEISURE,2,ONLINE,black,black,tone_4,blue
P1415,Manon,Malik,NO,3,LEISURE,1,KIOSK,brunette_f,blue,tone_2,blue
P1416,Michael,Zielinski,NO,1,FAMILY,2,KIOSK,blonde_f,black,tone_2,blue
P1417,Jacob,Russell,NO,2,SOLO,1,ONLINE,blonde_f,blue,tone_4,olive+green
P1418,Poppy,Tanaka,NO,3,SOLO,1,ONLINE,blonde,black,tone_2,red
P1419,Oisin,Moreau,NO,1,FAMILY,3,DESK,blonde,blue,tone_3,olive+green
P1420,Aiko,Yang,NO,2,BUSINESS,1,ONLINE,blonde,blue,tone_5,olive+green
P1421,Oliver,Lopez,NO,1,SOLO,1,KIOSK,brunette,black,tone_6,olive+green
P1422,Trang,Petit,NO,2,FAMILY,2,ONLINE,blonde_f,blue,tone_5,olive+green
P1423,Aanya,Howard,NO,3,LEISURE,1,KIOSK,brunette,black,tone_1,blue
P1424,Nadia,Desai,NO,2,LEISURE,1,DESK,brunette_f,blue,tone_3,blue
P1425,Avery,Jung,NO,1,FAMILY,2,DESK,blonde_f,blue,tone_4,blue
P1426,Hyejin,Grant,NO,1,LEISURE,1,DESK,blonde_f,black,tone_4,red
P1427,Adwoa,Doyle,YES,8,SOLO,2,ONLINE,blonde_f,black,tone_3,olive+green
P1428,Navdeep,Balogun,YES,10,FAMILY,2,KIOSK,brunette,black,tone_1,red
P1429,Nhi,Mensah,NO,2,BUSINESS,0,ONLINE,blonde,black,tone_5,suit
P1430,Nadia,Kaur,NO,2,FAMILY,2,DESK,blonde,black,tone_6,suit
P1431,Hana,Walsh,NO,3,LEISURE,0,ONLINE,brunette_f,blue,tone_4,suit
P1432,Oliver,Fofana,NO,2,SOLO,1,ONLINE,blonde,black,tone_6,suit
P1433,Valentina,White,YES,9,FAMILY,2,DESK,blonde,black,tone_3,olive+green
P1434,Benjamin,White,NO,1,LEISURE,2,DESK,blonde,blue,tone_5,red
P1435,Harriet,Young,NO,2,LEISURE,0,DESK,brunette,blue,tone_2,suit
P1436,Oliver,Thompson,NO,3,LEISURE,1,ONLINE,brunette,blue,tone_3,suit
P1437,Ruby,Balogun,NO,2,LEISURE,2,DESK,black_f,blue,tone_5,red
P1438,Olivia,Agyeman,NO,1,LEISURE,1,KIOSK,blonde,blue,tone_3,red
P1439,Harriet,Toure,NO,1,LEISURE,0,DESK,black,blue,tone_5,blue
P1440,Tariq,Mitchell,YES,9,LEISURE,2,ONLINE,blonde,blue,tone_3,olive+green
P1441,Tariq,Campbell,NO,1,SOLO,2,DESK,brunette_f,blue,tone_3,blue
P1442,Amrit,Kowalski,NO,1,FAMILY,2,DESK,black,black,tone_3,red
P1443,Nari,Siddiqui,NO,3,FAMILY,3,DESK,black_f,blue,tone_1,blue
P1444,Marco,White,YES,10,BUSINESS,1,KIOSK,blonde,blue,tone_6,suit
P1445,Arjun,Yoon,NO,1,LEISURE,1,KIOSK,brunette,blue,tone_3,suit
P1446,Giulia,Hall,NO,1,SOLO,1,KIOSK,black,blue,tone_5,olive+green
P1447,Michael,Brown,NO,1,LEISURE,1,ONLINE,brunette,black,tone_5,blue
P1448,Neil,Haddad,NO,2,LEISURE,1,ONLINE,blonde,blue,tone_3,olive+green
P1449,Aditya,Evans,YES,5,BUSINESS,1,ONLINE,brunette_f,black,tone_3,suit
P1450,Louis,Zhang,NO,1,LEISURE,0,ONLINE,brunette,blue,tone_5,olive+green
P1451,Aanya,Gray,NO,1,FAMILY,1,KIOSK,black_f,blue,tone_5,olive+green
P1452,Niamh,Howard,YES,5,FAMILY,1,DESK,blonde_f,black,tone_4,blue
P1453,Morgan,Sanchez,YES,5,LEISURE,1,KIOSK,black,blue,tone_4,red
P1454,Jonas,Young,NO,1,BUSINESS,1,ONLINE,brunette_f,blue,tone_3,olive+green
P1455,Linh,Keita,NO,2,LEISURE,2,ONLINE,blonde_f,black,tone_2,blue
P1456,Abena,Young,NO,1,BUSINESS,1,KIOSK,blonde_f,blue,tone_2,olive+green
P1457,Ahmed,Dhillon,NO,2,LEISURE,0,DESK,black,black,tone_2,red
P1458,Tariq,Rahman,NO,1,FAMILY,2,DESK,brunette_f,blue,tone_1,suit
P1459,Lucie,Fofana,NO,2,LEISURE,1,ONLINE,black_f,blue,tone_4,red
P1460,Lena,Suzuki,NO,1,FAMILY,2,ONLINE,black,blue,tone_3,olive+green
P1461,Yasmin,Kapoor,NO,1,LEISURE,1,DESK,blonde_f,blue,tone_5,olive+green
P1462,Simran,Balogun,NO,2,FAMILY,1,DESK,brunette_f,black,tone_6,blue
P1463,Dhruv,Fischer,NO,2,BUSINESS,2,ONLINE,black,black,tone_6,suit
P1464,Karim,Nair,NO,2,BUSINESS,1,ONLINE,black_f,blue,tone_6,suit
P1465,Ngozi,Wisniewski,NO,1,SOLO,2,KIOSK,brunette,blue,tone_6,suit
P1466,Manpreet,Jimenez,NO,1,BUSINESS,1,ONLINE,black,blue,tone_3,blue
P1467,David,Park,NO,2,LEISURE,1,ONLINE,blonde,black,tone_4,red
P1468,Krish,Gupta,NO,1,SOLO,0,KIOSK,brunette,blue,tone_6,red
P1469,George,Yamamoto,YES,7,LEISURE,0,KIOSK,black,blue,tone_1,suit
P1470,Kwame,Asante,NO,3,LEISURE,1,ONLINE,blonde,blue,tone_5,blue
P1471,Avery,Brown,NO,1,LEISURE,1,DESK,black_f,blue,tone_4,red
P1472,Aryan,Hussain,NO,2,FAMILY,2,DESK,brunette_f,black,tone_3,suit
P1473,Molly,Fischer,NO,1,FAMILY,2,DESK,black_f,black,tone_6,olive+green
P1474,Faris,Stewart,NO,1,FAMILY,2,DESK,black,black,tone_1,suit
P1475,Gabriel,Agyeman,NO,1,LEISURE,0,ONLINE,black,black,tone_5,olive+green
P1476,Muhammad,Wright,NO,1,FAMILY,1,DESK,black,black,tone_1,olive+green
P1477,Mariam,Brown,NO,1,LEISURE,2,DESK,black_f,blue,tone_6,blue
P1478,Khalid,Williams,NO,3,LEISURE,1,DESK,black_f,black,tone_6,suit
P1479,Lena,Haddad,NO,2,LEISURE,1,DESK,brunette_f,blue,tone_3,olive+green
P1480,Sami,Saleh,NO,1,LEISURE,1,KIOSK,brunette_f,blue,tone_4,suit
P1481,Chiara,Tanaka,NO,1,FAMILY,1,DESK,brunette,black,tone_3,red
P1482,Karim,Boateng,YES,6,FAMILY,3,ONLINE,blonde,black,tone_4,red
P1483,Ibrahim,Joshi,YES,9,LEISURE,0,DESK,black_f,blue,tone_6,olive+green
P1484,Poppy,Francis,NO,3,FAMILY,2,DESK,brunette,blue,tone_2,red
P1485,Michael,Green,NO,3,FAMILY,2,ONLINE,blonde_f,black,tone_4,blue
P1486,Alejandro,Jackson,NO,2,LEISURE,2,ONLINE,black,blue,tone_1,olive+green
P1487,Sami,Mehta,NO,1,LEISURE,1,DESK,black,black,tone_4,olive+green
P1488,Ava,Khalil,NO,1,FAMILY,1,ONLINE,blonde_f,blue,tone_6,red
P1489,Emeka,Kumar,YES,10,BUSINESS,0,KIOSK,blonde_f,blue,tone_5,suit
P1490,Gurpreet,Takahashi,NO,2,LEISURE,1,ONLINE,black,black,tone_2,olive+green
P1491,Jun,Hussain,NO,2,LEISURE,0,DESK,blonde,black,tone_3,olive+green
P1492,Benjamin,Bui,NO,1,LEISURE,1,DESK,brunette,black,tone_1,blue
P1493,Muhammad,Bui,NO,3,SOLO,1,DESK,brunette_f,black,tone_2,olive+green
P1494,Riya,Yamamoto,NO,1,LEISURE,1,KIOSK,blonde,black,tone_2,suit
P1495,Zofia,Hoang,NO,1,BUSINESS,0,KIOSK,blonde,blue,tone_6,blue
P1496,Aaliyah,Watanabe,NO,1,SOLO,1,ONLINE,blonde,black,tone_6,olive+green
P1497,Jasleen,Bernard,YES,7,FAMILY,2,DESK,blonde_f,blue,tone_2,red
P1498,Quang,Taylor,NO,1,LEISURE,1,ONLINE,blonde_f,blue,tone_3,blue
P1499,Charlotte,Bose,NO,2,SOLO,0,ONLINE,brunette,black,tone_2,red
P1500,Ananya,Mansour,YES,8,FAMILY,3,ONLINE,blonde_f,blue,tone_5,blue
P1501,Jakub,Scott,NO,1,LEISURE,1,KIOSK,blonde_f,black,tone_1,suit
P1502,Hugo,Grant,YES,9,SOLO,1,KIOSK,brunette,black,tone_4,olive+green
P1503,Ayana,Stewart,NO,1,SOLO,0,KIOSK,blonde,black,tone_5,olive+green
P1504,Sakura,Smith,NO,1,BUSINESS,1,ONLINE,brunette,black,tone_1,red
P1505,Tomasz,Walker,NO,3,LEISURE,1,ONLINE,blonde_f,black,tone_4,olive+green
P1506,Jelani,Byrne,NO,1,SOLO,1,DESK,brunette_f,black,tone_6,olive+green
P1507,Alejandro,Evans,NO,1,LEISURE,0,KIOSK,black_f,black,tone_1,olive+green
P1508,Aryan,Leroy,NO,3,LEISURE,1,ONLINE,brunette_f,black,tone_2,blue
P1509,Veer,Le,NO,1,BUSINESS,1,ONLINE,blonde,black,tone_3,red
P1510,Muhammad,Weber,NO,2,SOLO,2,DESK,brunette,black,tone_3,red
P1511,Rahul,Hussain,YES,8,BUSINESS,1,DESK,black_f,black,tone_3,blue
P1512,Krish,Clarke,YES,6,BUSINESS,1,ONLINE,brunette,black,tone_6,blue
P1513,Isabella,Reddy,YES,5,LEISURE,0,DESK,blonde_f,black,tone_5,suit
P1514,Nari,Schmidt,NO,2,FAMILY,1,DESK,brunette_f,blue,tone_5,blue
P1515,Jisoo,Chen,NO,3,BUSINESS,1,ONLINE,blonde_f,blue,tone_1,olive+green
P1516,Violet,Lee,YES,8,LEISURE,1,DESK,black,blue,tone_2,olive+green
P1517,Hyejin,Foster,NO,2,BUSINESS,0,ONLINE,brunette_f,black,tone_1,red
P1518,Niklas,Nair,NO,1,LEISURE,1,KIOSK,blonde,blue,tone_3,red
P1519,Yasmin,Francis,YES,6,BUSINESS,1,KIOSK,brunette_f,blue,tone_6,blue
P1520,Vihaan,Thomas,NO,3,FAMILY,2,DESK,black_f,blue,tone_5,blue
P1521,Evie,Xu,NO,2,LEISURE,1,ONLINE,black,black,tone_5,blue
P1522,Ayaan,Moretti,NO,3,LEISURE,1,DESK,black,black,tone_2,olive+green
P1523,Yasmin,Davies,NO,1,LEISURE,1,DESK,blonde_f,black,tone_3,red
P1524,Tariq,Yamamoto,YES,5,BUSINESS,0,ONLINE,blonde_f,blue,tone_2,red
P1525,Bethany,Verma,NO,3,LEISURE,1,ONLINE,black_f,black,tone_1,olive+green
P1526,Karim,Yoon,NO,2,FAMILY,2,ONLINE,blonde_f,blue,tone_6,blue
P1527,Arnav,Saleh,NO,2,LEISURE,1,DESK,black_f,black,tone_3,blue
P1528,James,Li,NO,1,SOLO,2,DESK,brunette,black,tone_3,suit
P1529,Dhruv,Dubois,NO,1,BUSINESS,1,ONLINE,brunette,black,tone_5,red
P1530,Chidi,Pham,NO,1,BUSINESS,1,ONLINE,blonde,black,tone_3,olive+green
P1531,Bilal,Brar,NO,1,FAMILY,1,DESK,blonde,black,tone_4,suit
P1532,Vivaan,Schmidt,YES,10,FAMILY,3,ONLINE,blonde,blue,tone_3,blue
P1533,James,Bose,YES,5,FAMILY,3,ONLINE,brunette,blue,tone_6,olive+green
P1534,Rin,Schneider,NO,1,LEISURE,0,ONLINE,blonde,blue,tone_4,blue
P1535,Soyeon,Thompson,YES,7,FAMILY,3,ONLINE,blonde_f,blue,tone_2,red
P1536,Anja,Morgan,YES,10,LEISURE,1,ONLINE,black_f,blue,tone_3,olive+green
P1537,Amrit,Durand,NO,2,FAMILY,2,KIOSK,brunette_f,black,tone_6,red
P1538,Isla,Watson,YES,7,LEISURE,1,DESK,black,black,tone_1,suit
P1539,Oliver,Nwosu,NO,1,FAMILY,3,ONLINE,black,black,tone_2,red
P1540,Amina,Bamba,NO,3,BUSINESS,0,ONLINE,black_f,blue,tone_1,olive+green
P1541,Victoria,Green,YES,7,SOLO,1,ONLINE,blonde_f,black,tone_2,olive+green
P1542,Amrit,Williams,NO,2,LEISURE,1,ONLINE,black_f,blue,tone_4,suit
P1543,Abena,Weber,NO,1,BUSINESS,1,DESK,black_f,black,tone_4,red
P1544,Louis,Garcia,NO,3,LEISURE,1,ONLINE,black_f,black,tone_4,olive+green
P1545,Sam,Kowalski,NO,2,BUSINESS,0,ONLINE,brunette_f,black,tone_4,red
P1546,Quang,Howard,NO,2,LEISURE,1,ONLINE,black,black,tone_6,red
P1547,Karim,Reed,NO,2,LEISURE,1,KIOSK,blonde,blue,tone_2,red
P1548,Georgia,Anderson,NO,2,SOLO,1,KIOSK,black_f,blue,tone_6,blue
P1549,Kabir,Williams,YES,10,LEISURE,0,ONLINE,brunette_f,blue,tone_4,red
P1550,Kavya,Wu,YES,5,LEISURE,2,ONLINE,blonde_f,blue,tone_1,blue
P1551,Anja,Chopra,NO,3,LEISURE,2,ONLINE,black_f,blue,tone_2,red
P1552,Minho,Desai,YES,8,SOLO,1,ONLINE,black,black,tone_3,red
P1553,Gurleen,Jung,YES,9,LEISURE,1,ONLINE,blonde_f,black,tone_6,red
P1554,Isabella,Siddiqui,YES,7,FAMILY,3,DESK,black_f,blue,tone_4,red
P1555,Morgan,Mahmood,NO,1,LEISURE,1,ONLINE,black,black,tone_1,olive+green
P1556,Dhruv,Wang,NO,3,BUSINESS,1,ONLINE,black_f,blue,tone_1,olive+green
P1557,Noah,Wu,NO,2,BUSINESS,1,ONLINE,black_f,black,tone_5,suit
P1558,Gurpreet,Mansour,NO,2,LEISURE,1,ONLINE,blonde_f,blue,tone_4,red
P1559,Abena,Nowak,NO,2,SOLO,1,DESK,brunette,blue,tone_1,suit
P1560,Sota,Mitchell,NO,2,FAMILY,1,ONLINE,blonde,black,tone_3,red
P1561,Arnav,Mensah,YES,10,BUSINESS,2,KIOSK,blonde_f,black,tone_4,blue
P1562,Luke,Thompson,NO,1,BUSINESS,0,ONLINE,blonde_f,black,tone_5,red
P1563,Yasmin,Chopra,NO,2,BUSINESS,1,ONLINE,brunette,black,tone_5,blue
P1564,Kabir,Romano,NO,2,LEISURE,1,DESK,blonde_f,black,tone_1,suit
P1565,Riya,Wilson,NO,1,LEISURE,1,DESK,black_f,black,tone_6,blue
P1566,Minh,Xu,NO,2,FAMILY,2,DESK,black_f,black,tone_5,suit
P1567,Aryan,Nowak,YES,7,BUSINESS,1,ONLINE,blonde_f,blue,tone_3,blue
P1568,Grace,Iqbal,NO,2,LEISURE,1,ONLINE,black_f,blue,tone_3,olive+green
P1569,Imran,Liu,NO,2,LEISURE,1,KIOSK,blonde,black,tone_2,red
P1570,Alfie,Doyle,NO,1,FAMILY,1,DESK,brunette,blue,tone_6,suit
P1571,Marco,Foster,YES,9,LEISURE,1,ONLINE,brunette_f,blue,tone_4,red
P1572,Emeka,Anderson,NO,1,SOLO,1,KIOSK,black,black,tone_6,blue
P1573,Alejandro,Nair,NO,2,BUSINESS,0,DESK,black,black,tone_4,blue
P1574,Molly,Collins,NO,3,LEISURE,1,DESK,black_f,black,tone_5,suit
P1575,Mila,Xu,NO,3,LEISURE,1,DESK,brunette,black,tone_5,red
P1576,Hassan,Okafor,NO,1,FAMILY,1,DESK,brunette_f,black,tone_1,red
P1577,Victoria,Byrne,NO,2,SOLO,0,ONLINE,brunette,black,tone_2,red
P1578,Arnav,Doyle,NO,2,BUSINESS,0,ONLINE,black_f,blue,tone_6,blue
P1579,Sebastian,Phan,NO,2,SOLO,0,DESK,brunette,black,tone_6,suit
P1580,Arjun,Iyer,NO,1,FAMILY,3,ONLINE,brunette_f,blue,tone_5,olive+green
P1581,Jun,Kumar,NO,3,FAMILY,3,DESK,brunette_f,black,tone_5,blue
P1582,Ava,Esposito,NO,1,BUSINESS,1,ONLINE,blonde_f,black,tone_4,red
P1583,Eoin,Singh,NO,3,SOLO,1,DESK,blonde_f,blue,tone_4,blue
P1584,Nathan,Wisniewski,NO,1,FAMILY,3,KIOSK,blonde_f,black,tone_5,olive+green
P1585,Chloe,Sow,NO,2,BUSINESS,1,KIOSK,brunette_f,blue,tone_2,blue
P1586,Ayaan,O'Brien,NO,1,SOLO,1,ONLINE,brunette,black,tone_3,blue
P1587,Kacper,Iyer,NO,3,FAMILY,3,ONLINE,black,blue,tone_6,olive+green
P1588,Greta,Liu,NO,1,LEISURE,1,ONLINE,blonde_f,blue,tone_1,red
P1589,Oscar,Bernard,NO,2,BUSINESS,0,ONLINE,black_f,blue,tone_4,suit
P1590,Giulia,Camara,NO,3,LEISURE,1,ONLINE,black_f,blue,tone_1,blue
P1591,Niamh,Takahashi,NO,1,BUSINESS,2,ONLINE,brunette,black,tone_6,olive+green
P1592,Isla,Esposito,NO,2,LEISURE,1,DESK,brunette,black,tone_1,olive+green
P1593,Rin,Johnson,NO,1,BUSINESS,1,ONLINE,blonde,black,tone_6,suit
P1594,Joon,Haddad,NO,1,FAMILY,2,ONLINE,blonde,black,tone_2,red
P1595,Olivia,Davies,NO,1,FAMILY,2,DESK,blonde_f,blue,tone_1,olive+green
P1596,Nari,Asante,NO,1,BUSINESS,1,KIOSK,black,blue,tone_2,suit
P1597,Jordan,Reed,NO,3,LEISURE,1,DESK,black,blue,tone_5,olive+green
P1598,Jian,Anderson,NO,1,LEISURE,1,KIOSK,black,black,tone_1,blue
P1599,Kavya,Fofana,NO,1,BUSINESS,1,KIOSK,blonde,blue,tone_4,olive+green
P1600,Isla,Kaminski,NO,1,SOLO,1,ONLINE,black,blue,tone_2,blue
P1601,Noor,Kumar,NO,1,BUSINESS,1,ONLINE,blonde_f,blue,tone_2,blue
P1602,Mia,Saleh,NO,3,LEISURE,1,ONLINE,blonde_f,blue,tone_4,olive+green
P1603,Salma,Mahmood,NO,2,SOLO,1,ONLINE,brunette,blue,tone_5,olive+green
P1604,Giulia,Johnson,NO,2,LEISURE,1,ONLINE,brunette,black,tone_2,suit
P1605,Olivia,Balogun,NO,2,FAMILY,1,KIOSK,black_f,blue,tone_6,olive+green
P1606,Hassan,Kumar,NO,1,LEISURE,2,ONLINE,blonde,black,tone_5,red
P1607,Theo,Sow,NO,1,LEISURE,0,ONLINE,black,blue,tone_5,olive+green
P1608,Molly,Young,YES,9,SOLO,1,DESK,black_f,black,tone_5,red
P1609,Michael,Murphy,NO,1,LEISURE,1,ONLINE,blonde_f,blue,tone_4,olive+green
P1610,Emily,Li,NO,2,BUSINESS,1,ONLINE,black_f,blue,tone_4,red
P1611,Nari,Dubois,NO,1,FAMILY,2,DESK,black_f,black,tone_4,red
P1612,Lucie,Gomez,NO,2,LEISURE,0,ONLINE,blonde_f,black,tone_1,red
P1613,Camila,Verma,YES,6,LEISURE,1,ONLINE,brunette,blue,tone_1,olive+green
P1614,Ayaan,Johnson,NO,3,LEISURE,1,ONLINE,blonde,black,tone_3,suit
P1615,Rahul,Anderson,YES,7,LEISURE,0,DESK,black,blue,tone_6,red
P1616,Arnav,Gupta,NO,2,LEISURE,1,ONLINE,brunette,black,tone_1,olive+green
P1617,Luca,Zhou,NO,2,LEISURE,2,DESK,brunette,black,tone_3,olive+green
P1618,Olivia,Boateng,NO,1,SOLO,0,KIOSK,black_f,black,tone_6,red
P1619,Veer,Hussain,NO,2,LEISURE,2,KIOSK,brunette_f,black,tone_5,blue
P1620,Ayaan,Robinson,NO,1,LEISURE,2,ONLINE,black,blue,tone_3,blue
P1621,Layla,Walker,NO,2,BUSINESS,2,ONLINE,blonde,black,tone_5,suit
P1622,Bilal,Thompson,NO,3,FAMILY,2,ONLINE,brunette_f,blue,tone_3,suit
P1623,Ryan,Le,NO,2,BUSINESS,1,ONLINE,blonde,black,tone_5,olive+green
P1624,Adwoa,Francis,NO,3,FAMILY,2,ONLINE,blonde,black,tone_5,olive+green
P1625,Arnav,Zhou,YES,5,FAMILY,2,DESK,black,black,tone_1,red
P1626,Camille,Boateng,YES,6,BUSINESS,0,ONLINE,black,blue,tone_2,blue
P1627,Bao,Gray,NO,1,LEISURE,1,DESK,black_f,blue,tone_1,red
P1628,Jaspreet,Fofana,NO,1,FAMILY,2,ONLINE,black,blue,tone_5,blue
P1629,Kacper,White,NO,1,LEISURE,1,DESK,blonde,black,tone_1,suit
P1630,Trang,Adams,NO,2,LEISURE,1,ONLINE,brunette_f,black,tone_4,blue
P1631,Ama,Morgan,NO,3,SOLO,1,DESK,brunette,black,tone_6,suit
P1632,Jordan,Bailey,NO,2,LEISURE,1,DESK,blonde_f,black,tone_4,olive+green
P1633,Kiet,Nair,NO,2,SOLO,1,DESK,blonde,blue,tone_5,red
P1634,Bilal,Bernard,NO,1,LEISURE,1,ONLINE,brunette_f,black,tone_6,blue
P1635,Poppy,Dang,YES,6,SOLO,1,DESK,black,blue,tone_2,red
P1636,Theo,Takahashi,YES,10,FAMILY,2,DESK,brunette,black,tone_1,suit
P1637,Chidi,Singh,NO,1,BUSINESS,1,ONLINE,blonde,blue,tone_1,suit
P1638,Jasleen,Okafor,NO,1,BUSINESS,1,ONLINE,brunette_f,black,tone_1,olive+green
P1639,Thomas,Gupta,YES,6,LEISURE,1,ONLINE,blonde_f,black,tone_5,red
P1640,Aoife,Mensah,NO,1,BUSINESS,1,ONLINE,brunette_f,blue,tone_3,suit
P1641,Chiara,Iqbal,YES,6,LEISURE,2,KIOSK,black,black,tone_3,olive+green
P1642,Phoebe,Leroy,NO,2,FAMILY,2,ONLINE,black_f,blue,tone_5,suit
P1643,Ade,Baker,YES,8,FAMILY,2,ONLINE,brunette,blue,tone_5,red
P1644,Chloe,Sharma,NO,1,LEISURE,1,ONLINE,brunette,black,tone_3,olive+green
P1645,Priya,Wu,YES,10,LEISURE,1,ONLINE,brunette,black,tone_5,suit
P1646,Nhi,Adams,NO,1,FAMILY,3,DESK,black,black,tone_1,suit
P1647,Louis,Johnson,NO,1,SOLO,0,KIOSK,black_f,black,tone_4,suit
P1648,Jun,Chen,YES,7,SOLO,0,KIOSK,blonde,blue,tone_4,red
P1649,Bao,Traore,NO,1,LEISURE,0,ONLINE,black_f,blue,tone_1,blue
P1650,Sota,Bernard,YES,8,LEISURE,0,DESK,blonde_f,black,tone_4,olive+green
P1651,Adwoa,Russell,NO,1,LEISURE,0,ONLINE,brunette,black,tone_4,olive+green
P1652,Cameron,Russell,NO,1,BUSINESS,0,ONLINE,blonde,blue,tone_1,suit
P1653,Chiara,Khalil,NO,3,FAMILY,3,DESK,brunette,blue,tone_3,olive+green
P1654,Amelia,Garcia,YES,8,FAMILY,3,DESK,brunette,black,tone_6,suit
P1655,Charlie,Sow,NO,1,LEISURE,1,KIOSK,blonde_f,black,tone_3,suit
P1656,Grace,Anderson,YES,7,LEISURE,1,ONLINE,black,black,tone_2,blue
P1657,Kavya,Mitchell,NO,1,FAMILY,2,KIOSK,black,blue,tone_6,olive+green
P1658,Minh,Fofana,NO,1,FAMILY,2,DESK,blonde_f,black,tone_2,blue
P1659,Ahmed,Nowak,NO,1,BUSINESS,1,ONLINE,blonde_f,blue,tone_1,red
P1660,Manpreet,Akhtar,NO,2,LEISURE,0,ONLINE,blonde_f,black,tone_6,suit
P1661,Mila,Choi,YES,9,SOLO,2,ONLINE,black,blue,tone_3,olive+green
P1662,Thao,Xu,NO,3,BUSINESS,0,DESK,black,black,tone_1,blue
P1663,Lucie,Walsh,NO,1,FAMILY,3,DESK,brunette_f,black,tone_5,red
P1664,Harry,Mitchell,YES,10,LEISURE,2,DESK,brunette,black,tone_2,suit
P1665,Aryan,Grant,YES,5,LEISURE,2,ONLINE,brunette_f,black,tone_5,olive+green
P1666,Olivia,Leroy,NO,1,BUSINESS,0,ONLINE,black_f,blue,tone_1,olive+green
P1667,Minho,Brar,YES,10,BUSINESS,1,ONLINE,brunette_f,black,tone_1,suit
P1668,Gurpreet,Ahmed,NO,3,LEISURE,1,DESK,brunette_f,black,tone_5,red
P1669,Salma,Ruiz,NO,1,SOLO,0,ONLINE,blonde,black,tone_4,red
P1670,Marco,Akhtar,NO,1,SOLO,1,ONLINE,brunette_f,black,tone_6,suit
P1671,Niklas,Robinson,NO,1,BUSINESS,0,ONLINE,black_f,blue,tone_3,red
P1672,Sota,Vu,NO,1,LEISURE,1,ONLINE,black,black,tone_6,red
P1673,Molly,Rodriguez,NO,1,SOLO,2,ONLINE,blonde_f,black,tone_4,suit
P1674,Ming,Verma,NO,1,LEISURE,2,DESK,brunette_f,blue,tone_5,olive+green
P1675,Valentina,Young,NO,1,FAMILY,2,ONLINE,blonde,blue,tone_6,blue
P1676,Jamie,Keita,NO,1,BUSINESS,1,ONLINE,blonde,blue,tone_6,blue
P1677,Nathan,Rahman,NO,3,BUSINESS,1,ONLINE,black,black,tone_3,olive+green
P1678,Hugo,Yang,NO,1,LEISURE,2,DESK,blonde_f,blue,tone_5,olive+green
P1679,Minh,Boateng,YES,5,BUSINESS,0,ONLINE,blonde,blue,tone_4,olive+green
P1680,Yusuf,Mitchell,NO,3,LEISURE,0,ONLINE,brunette_f,blue,tone_6,red
P1681,Leo,Kaur,NO,3,FAMILY,2,DESK,brunette_f,blue,tone_3,red
P1682,Jules,Rodriguez,YES,5,SOLO,1,DESK,black,blue,tone_1,red
P1683,Manpreet,Keita,NO,1,SOLO,2,DESK,blonde,blue,tone_4,olive+green
P1684,Rin,Wu,NO,1,LEISURE,1,ONLINE,brunette,black,tone_1,red
P1685,Soyeon,Singh,NO,1,FAMILY,2,DESK,brunette_f,black,tone_1,blue
P1686,Kabir,Lewandowski,NO,1,FAMILY,2,KIOSK,brunette_f,black,tone_2,blue
P1687,Yusuf,Bernard,YES,10,LEISURE,1,ONLINE,blonde_f,black,tone_3,blue
P1688,Minho,Xu,NO,2,LEISURE,0,KIOSK,black,blue,tone_6,blue
P1689,Amrit,Garcia,NO,1,LEISURE,1,DESK,black_f,blue,tone_1,blue
P1690,Sakura,Iqbal,NO,3,BUSINESS,0,ONLINE,blonde,black,tone_5,red
P1691,Jakub,Kelly,YES,6,BUSINESS,1,ONLINE,black_f,blue,tone_5,blue
P1692,Anh,Traore,NO,1,BUSINESS,0,ONLINE,blonde_f,black,tone_1,blue
P1693,Karan,Kapoor,NO,3,LEISURE,2,KIOSK,blonde,black,tone_6,blue
P1694,Neil,Parker,NO,1,BUSINESS,0,ONLINE,brunette,blue,tone_1,blue
P1695,Faris,Richards,NO,2,FAMILY,3,KIOSK,blonde_f,black,tone_1,blue
P1696,Thao,Nwosu,NO,1,SOLO,1,KIOSK,blonde,black,tone_1,olive+green
P1697,Nadia,Zhang,NO,3,BUSINESS,0,ONLINE,black_f,blue,tone_4,suit
P1698,Zofia,Williams,NO,1,FAMILY,3,DESK,blonde,blue,tone_1,red
P1699,Aanya,Bennett,NO,2,LEISURE,2,DESK,black_f,blue,tone_3,red
P1700,Jacob,Romano,NO,1,LEISURE,1,DESK,blonde_f,blue,tone_4,blue
P1701,Ming,Kelly,NO,3,BUSINESS,1,ONLINE,black,blue,tone_5,olive+green
P1702,Zofia,Francis,NO,1,LEISURE,1,KIOSK,brunette,blue,tone_1,suit
P1703,Reyansh,Mahmood,YES,10,LEISURE,1,DESK,black,black,tone_2,suit
P1704,Jamie,Richards,NO,1,LEISURE,1,DESK,black_f,black,tone_1,blue
P1705,Rin,Hoang,NO,1,LEISURE,1,KIOSK,brunette_f,blue,tone_3,suit
P1706,Simran,Gupta,NO,1,SOLO,1,ONLINE,blonde_f,blue,tone_6,blue
P1707,Charlie,Park,NO,2,LEISURE,0,ONLINE,brunette,blue,tone_1,suit
P1708,Rin,Jones,NO,2,FAMILY,3,KIOSK,blonde_f,blue,tone_4,suit
P1709,Alessia,Dubois,YES,7,LEISURE,1,ONLINE,black,black,tone_1,red
P1710,Benjamin,Akhtar,NO,1,SOLO,1,ONLINE,blonde,black,tone_1,red
P1711,Camila,Nowak,YES,7,LEISURE,1,KIOSK,blonde_f,black,tone_4,blue
P1712,James,Grant,NO,1,LEISURE,0,DESK,brunette,blue,tone_1,blue
P1713,Ayana,Smith,YES,8,LEISURE,1,DESK,blonde_f,blue,tone_1,blue
P1714,Oscar,Collins,NO,3,LEISURE,2,DESK,black,black,tone_6,red
P1715,Ayaan,Doyle,NO,1,BUSINESS,0,ONLINE,blonde,blue,tone_6,suit
P1716,Noah,Sidhu,NO,2,LEISURE,0,ONLINE,blonde,blue,tone_5,red
P1717,Soyeon,Chopra,NO,3,FAMILY,2,ONLINE,brunette_f,blue,tone_6,olive+green
P1718,Evie,Mehta,NO,1,BUSINESS,0,KIOSK,brunette,black,tone_3,olive+green
P1719,Ama,Roberts,YES,6,BUSINESS,1,ONLINE,brunette,blue,tone_6,suit
P1720,Bao,Nguyen,NO,1,LEISURE,1,KIOSK,brunette,blue,tone_5,blue
P1721,Felix,Bernard,NO,1,FAMILY,2,DESK,brunette,black,tone_5,blue
P1722,Chloe,Schmidt,NO,1,FAMILY,2,KIOSK,black,blue,tone_6,blue
P1723,Rohan,Muller,YES,10,LEISURE,1,DESK,brunette_f,black,tone_5,suit
P1724,Soyeon,Scott,NO,1,LEISURE,2,ONLINE,brunette,blue,tone_4,olive+green
P1725,Bilal,Lee,YES,9,LEISURE,1,DESK,brunette_f,black,tone_4,suit
P1726,Jack,Anderson,NO,1,LEISURE,1,ONLINE,brunette_f,blue,tone_6,suit
P1727,Muhammad,Zhou,NO,2,LEISURE,0,ONLINE,brunette_f,blue,tone_1,blue
P1728,Luca,Carter,NO,1,FAMILY,1,ONLINE,black_f,blue,tone_3,blue
P1729,Emeka,Walsh,NO,2,SOLO,1,DESK,blonde,black,tone_6,suit
P1730,Ama,Dubois,NO,1,LEISURE,1,ONLINE,brunette_f,blue,tone_1,suit
P1731,Jakub,Nair,NO,1,LEISURE,2,DESK,black,blue,tone_5,olive+green
P1732,Taylor,Sandhu,NO,3,LEISURE,1,KIOSK,blonde,blue,tone_2,olive+green
P1733,Marek,Yoon,NO,2,LEISURE,1,ONLINE,black,blue,tone_2,suit
P1734,Imani,White,NO,3,BUSINESS,1,DESK,black,black,tone_3,suit
P1735,Trang,Rossi,NO,2,LEISURE,0,ONLINE,blonde,black,tone_5,olive+green
P1736,Krish,Hoang,NO,3,FAMILY,2,ONLINE,black,black,tone_1,olive+green
P1737,Dhruv,Rahman,NO,3,BUSINESS,1,ONLINE,blonde_f,black,tone_1,red
P1738,Aryan,Russell,NO,1,LEISURE,1,DESK,blonde,blue,tone_6,blue
P1739,Tariq,Moretti,NO,2,FAMILY,1,DESK,black_f,blue,tone_2,olive+green
P1740,Lena,Doyle,YES,5,LEISURE,1,ONLINE,black,blue,tone_1,olive+green
P1741,George,Lopez,NO,1,FAMILY,3,KIOSK,blonde,blue,tone_5,blue
P1742,Mateo,Rahman,NO,3,BUSINESS,1,ONLINE,brunette_f,blue,tone_3,suit
P1743,Minh,Phan,NO,3,FAMILY,2,ONLINE,brunette_f,black,tone_6,blue
P1744,Riley,Khalil,NO,1,SOLO,0,ONLINE,black_f,blue,tone_4,red
P1745,Nia,Tanaka,YES,10,LEISURE,1,ONLINE,blonde_f,black,tone_3,suit
P1746,Jacob,Wisniewski,NO,1,BUSINESS,0,ONLINE,blonde_f,blue,tone_6,olive+green
P1747,Anh,Taylor,NO,2,FAMILY,1,DESK,blonde,blue,tone_4,suit
P1748,Jamie,Watson,NO,1,LEISURE,0,ONLINE,black_f,black,tone_2,blue
P1749,Tara,Sow,NO,1,LEISURE,0,ONLINE,brunette_f,blue,tone_5,olive+green
P1750,Ama,O'Brien,NO,1,FAMILY,2,ONLINE,brunette,blue,tone_5,blue
P1751,Ronan,Jackson,NO,1,LEISURE,1,KIOSK,black,blue,tone_3,suit
P1752,Aoife,Saleh,YES,9,BUSINESS,1,DESK,blonde_f,blue,tone_2,blue
P1753,Ruby,Doyle,YES,9,FAMILY,2,ONLINE,blonde_f,blue,tone_6,blue
P1754,Gabriel,Kim,NO,1,LEISURE,1,ONLINE,brunette,black,tone_3,suit
P1755,Nhi,Parker,NO,1,SOLO,1,ONLINE,blonde_f,blue,tone_4,olive+green
P1756,Emilia,Shah,NO,1,FAMILY,1,DESK,black,black,tone_1,red
P1757,Minji,Mansour,YES,5,BUSINESS,1,ONLINE,brunette_f,black,tone_4,red
P1758,Jakub,Yang,NO,2,LEISURE,1,DESK,black,black,tone_6,red
P1759,Chidi,Keita,NO,2,FAMILY,3,ONLINE,brunette_f,black,tone_1,olive+green
P1760,Imani,Bailey,NO,3,FAMILY,2,KIOSK,brunette,blue,tone_2,suit
P1761,Arthur,Bui,YES,9,LEISURE,2,ONLINE,brunette_f,blue,tone_5,blue
P1762,Quang,Moreau,NO,1,BUSINESS,2,DESK,brunette,blue,tone_2,olive+green
P1763,Ibrahim,Okafor,NO,2,LEISURE,1,KIOSK,brunette,black,tone_6,suit
P1764,Violet,Williams,YES,5,FAMILY,1,DESK,blonde,blue,tone_2,red
P1765,Isla,Yamamoto,NO,2,FAMILY,2,ONLINE,brunette_f,blue,tone_1,olive+green
P1766,Morgan,Khan,NO,1,LEISURE,0,ONLINE,black,blue,tone_3,blue
P1767,Johanna,Haddad,NO,2,LEISURE,1,ONLINE,blonde,black,tone_4,suit
P1768,Aaliyah,Tanaka,NO,2,LEISURE,1,ONLINE,blonde_f,blue,tone_6,olive+green
P1769,Alex,Carter,NO,2,LEISURE,2,ONLINE,brunette,blue,tone_5,olive+green
P1770,Abena,Singh,NO,2,BUSINESS,0,ONLINE,brunette_f,blue,tone_3,red
P1771,Salma,Anderson,YES,8,LEISURE,1,KIOSK,brunette,blue,tone_2,red
P1772,Emeka,Thompson,NO,3,LEISURE,2,ONLINE,black,blue,tone_2,suit
P1773,Bethany,Ferrari,NO,2,FAMILY,3,DESK,blonde_f,black,tone_1,olive+green
P1774,Declan,Singh,NO,1,BUSINESS,1,ONLINE,brunette_f,black,tone_4,olive+green
P1775,Niamh,Dang,YES,5,LEISURE,1,ONLINE,brunette_f,blue,tone_1,suit
P1776,Declan,Patel,YES,8,FAMILY,2,DESK,black_f,blue,tone_4,olive+green
P1777,Harpreet,Lee,NO,2,LEISURE,2,ONLINE,black,blue,tone_3,olive+green
P1778,Jack,Hall,NO,1,BUSINESS,0,ONLINE,black,black,tone_3,suit
P1779,Greta,Perez,NO,3,BUSINESS,1,ONLINE,black,blue,tone_2,blue
P1780,Aryan,Moreau,NO,2,BUSINESS,1,KIOSK,black_f,black,tone_4,suit
P1781,Rin,Taylor,NO,2,LEISURE,1,DESK,brunette,blue,tone_1,olive+green
P1782,Theo,Fischer,NO,1,FAMILY,2,DESK,black,black,tone_6,suit
P1783,Jakub,Liu,NO,2,FAMILY,3,DESK,brunette,black,tone_4,red
P1784,Leo,Ito,NO,3,LEISURE,0,KIOSK,blonde,black,tone_3,red
P1785,Malik,Schmidt,NO,3,FAMILY,2,KIOSK,blonde_f,black,tone_1,olive+green
P1786,Oscar,Park,NO,1,BUSINESS,1,ONLINE,blonde_f,blue,tone_1,blue
P1787,Mei,Wang,NO,2,BUSINESS,1,ONLINE,blonde,black,tone_3,blue
P1788,Samar,Robinson,NO,2,FAMILY,2,DESK,brunette_f,blue,tone_4,blue
P1789,Kacper,Kumar,NO,2,LEISURE,2,DESK,blonde,black,tone_2,red
P1790,Sakura,Nwosu,NO,1,LEISURE,0,ONLINE,brunette_f,black,tone_2,suit
P1791,Yuna,Lopez,NO,2,BUSINESS,0,KIOSK,brunette_f,black,tone_4,suit
P1792,Nhi,Smith,NO,1,LEISURE,1,DESK,black,blue,tone_1,suit
P1793,Johanna,Wilson,YES,8,FAMILY,1,DESK,brunette_f,black,tone_1,olive+green
P1794,Imran,Garcia,NO,1,FAMILY,1,DESK,black,blue,tone_1,olive+green
P1795,Imani,Lewandowski,NO,3,BUSINESS,1,ONLINE,brunette,blue,tone_2,blue
P1796,Chidi,Green,YES,5,LEISURE,1,DESK,blonde,blue,tone_2,suit
P1797,Niamh,Gray,YES,10,FAMILY,1,DESK,black,blue,tone_5,suit
P1798,Imani,Malik,NO,1,LEISURE,1,ONLINE,brunette_f,black,tone_3,olive+green
P1799,Marco,Jones,NO,2,LEISURE,0,DESK,blonde_f,blue,tone_5,red
P1800,Minji,Hussain,YES,9,LEISURE,1,ONLINE,brunette,blue,tone_1,olive+green
P1801,Tomasz,Dhillon,YES,9,BUSINESS,1,DESK,blonde_f,blue,tone_5,suit
P1802,Adam,Bamba,YES,6,FAMILY,1,ONLINE,black,black,tone_1,red
P1803,Yuki,Rossi,NO,3,FAMILY,1,DESK,brunette_f,black,tone_6,red
P1804,Manon,Walsh,NO,1,LEISURE,1,ONLINE,black_f,blue,tone_2,blue
P1805,Nhi,Perez,NO,1,SOLO,2,KIOSK,brunette_f,black,tone_4,suit
P1806,Matteo,Vu,NO,1,FAMILY,3,DESK,black_f,blue,tone_1,olive+green
P1807,Kwame,Iqbal,NO,1,LEISURE,1,DESK,black,blue,tone_2,blue
P1808,Georgia,Li,NO,1,LEISURE,1,ONLINE,blonde,black,tone_3,olive+green
P1809,Ibrahim,Malik,YES,6,LEISURE,0,ONLINE,blonde_f,blue,tone_6,olive+green
P1810,Emily,Fofana,NO,3,BUSINESS,1,ONLINE,black,black,tone_1,olive+green
P1811,Muhammad,Dubois,NO,1,LEISURE,1,ONLINE,blonde_f,blue,tone_4,blue
P1812,Bao,Lopez,NO,1,FAMILY,2,DESK,black_f,blue,tone_3,olive+green
P1813,Yuki,Dang,NO,3,LEISURE,1,ONLINE,brunette,black,tone_4,olive+green
P1814,Soyeon,Bose,YES,8,SOLO,1,DESK,black_f,blue,tone_5,olive+green
P1815,Thao,Iyer,YES,10,LEISURE,2,DESK,brunette,black,tone_2,suit
P1816,Arjun,Suzuki,NO,1,LEISURE,1,DESK,blonde,black,tone_6,olive+green
P1817,Jisoo,Dhillon,NO,1,SOLO,0,ONLINE,black_f,blue,tone_4,suit
P1818,Arjun,Balogun,YES,7,BUSINESS,0,ONLINE,black_f,black,tone_3,olive+green
P1819,Karan,Akhtar,NO,2,FAMILY,2,ONLINE,brunette_f,blue,tone_5,red
P1820,Muhammad,Siddiqui,NO,2,LEISURE,1,KIOSK,black_f,black,tone_4,olive+green
P1821,Ronan,Okafor,NO,2,LEISURE,1,ONLINE,black,black,tone_5,suit
P1822,Santiago,Tanaka,NO,1,LEISURE,1,ONLINE,blonde,black,tone_5,blue
P1823,Vihaan,Sanchez,NO,2,BUSINESS,1,ONLINE,black_f,blue,tone_3,blue
P1824,Mila,Young,YES,10,FAMILY,2,DESK,brunette_f,blue,tone_5,suit
P1825,Marek,Balogun,YES,7,BUSINESS,0,KIOSK,brunette,blue,tone_4,olive+green
P1826,Jun,Brar,NO,1,FAMILY,3,KIOSK,blonde_f,black,tone_2,olive+green
P1827,Santiago,Verma,NO,3,FAMILY,2,DESK,blonde_f,blue,tone_5,red
P1828,Ali,Foster,NO,1,LEISURE,1,KIOSK,black_f,blue,tone_4,suit
P1829,Tunde,Park,NO,1,SOLO,1,DESK,brunette,black,tone_1,suit
P1830,Hana,Smith,NO,1,FAMILY,2,KIOSK,black,blue,tone_3,blue
P1831,Riley,Schneider,YES,7,FAMILY,2,KIOSK,blonde_f,blue,tone_1,suit
P1832,Louis,Toure,NO,2,FAMILY,2,ONLINE,blonde_f,blue,tone_1,blue
P1833,William,Brown,NO,2,SOLO,1,DESK,brunette,black,tone_1,suit
P1834,Gurleen,Russell,NO,2,BUSINESS,1,KIOSK,brunette,blue,tone_3,suit
P1835,Anja,Nowak,YES,10,SOLO,1,ONLINE,blonde_f,black,tone_4,blue
P1836,Amara,Gray,YES,10,BUSINESS,1,ONLINE,black_f,black,tone_2,red
P1837,Abena,Kowalski,NO,2,BUSINESS,0,KIOSK,black_f,black,tone_5,blue
P1838,Bethany,Diallo,NO,1,BUSINESS,1,ONLINE,brunette_f,blue,tone_1,blue
P1839,Rahul,Wu,NO,2,LEISURE,0,ONLINE,brunette_f,blue,tone_2,red
P1840,Mai,Owusu,NO,1,LEISURE,1,ONLINE,black,black,tone_2,red
P1841,Jordan,Bianchi,NO,2,BUSINESS,0,ONLINE,brunette_f,blue,tone_5,olive+green
P1842,Jack,Boateng,YES,6,SOLO,1,DESK,black_f,blue,tone_6,olive+green
P1843,Isla,Okafor,NO,1,BUSINESS,0,ONLINE,black,blue,tone_4,olive+green
P1844,Leo,Watanabe,YES,6,LEISURE,2,DESK,black_f,blue,tone_4,blue
P1845,Alex,Jimenez,NO,1,LEISURE,1,ONLINE,brunette_f,blue,tone_6,red
P1846,Anh,Ruiz,NO,2,LEISURE,2,DESK,blonde,black,tone_3,olive+green
P1847,Alex,Reddy,NO,1,LEISURE,2,KIOSK,black,blue,tone_6,red
P1848,Omar,Singh,NO,1,LEISURE,1,ONLINE,blonde_f,blue,tone_2,olive+green
P1849,Neil,Shah,NO,1,LEISURE,2,ONLINE,blonde_f,black,tone_5,olive+green
P1850,Soyeon,Zhang,NO,1,BUSINESS,0,DESK,brunette,black,tone_2,suit
P1851,Ava,Gill,NO,2,SOLO,1,ONLINE,blonde,black,tone_5,red
P1852,Dev,Wu,NO,2,BUSINESS,1,DESK,black,blue,tone_2,olive+green
P1853,Jakub,Weber,YES,6,LEISURE,1,KIOSK,brunette_f,black,tone_2,suit
P1854,Rin,Leroy,NO,1,FAMILY,3,DESK,blonde,blue,tone_5,blue
P1855,Alex,Shah,NO,3,BUSINESS,0,ONLINE,black,black,tone_2,red
P1856,Wei,Gallagher,NO,1,FAMILY,1,DESK,blonde_f,blue,tone_4,olive+green
P1857,Reyansh,Ryan,NO,2,FAMILY,2,DESK,brunette,blue,tone_2,blue
P1858,Bilal,Nair,NO,2,BUSINESS,1,ONLINE,brunette,blue,tone_1,olive+green
P1859,Adwoa,Eze,NO,2,BUSINESS,0,ONLINE,blonde,blue,tone_2,olive+green
P1860,Ruby,Rahman,YES,8,FAMILY,2,DESK,blonde_f,blue,tone_2,red
P1861,William,Doyle,YES,9,LEISURE,2,KIOSK,brunette,black,tone_6,olive+green
P1862,Lucie,Suzuki,NO,3,SOLO,1,ONLINE,blonde,black,tone_1,blue
P1863,Kabir,Sidhu,NO,2,FAMILY,2,ONLINE,blonde_f,blue,tone_2,red
P1864,Gurleen,Wu,NO,2,LEISURE,1,DESK,brunette,black,tone_6,red
P1865,Jacob,Li,NO,1,BUSINESS,1,ONLINE,black_f,black,tone_1,olive+green
P1866,Gurleen,Lewandowski,NO,3,LEISURE,2,KIOSK,black,blue,tone_6,suit
P1867,Isabella,Campbell,YES,7,LEISURE,1,ONLINE,black,black,tone_6,blue
P1868,Zuri,Mehta,NO,2,LEISURE,1,DESK,blonde_f,black,tone_6,olive+green
P1869,Tara,Bernard,NO,2,FAMILY,2,DESK,blonde,blue,tone_2,blue
P1870,Valentina,Tanaka,NO,1,FAMILY,2,KIOSK,brunette_f,blue,tone_2,suit
P1871,Tariq,Zhou,NO,2,SOLO,1,DESK,brunette,black,tone_2,suit
P1872,Mai,Diallo,NO,3,LEISURE,1,KIOSK,blonde,blue,tone_4,suit
P1873,Leo,Moreau,YES,5,FAMILY,2,KIOSK,black_f,blue,tone_4,blue
P1874,Lily,Iyer,NO,1,LEISURE,0,ONLINE,black,blue,tone_2,olive+green
P1875,Thomas,Malhotra,NO,1,BUSINESS,2,ONLINE,brunette_f,black,tone_4,suit
P1876,Oliver,Murphy,NO,1,LEISURE,2,ONLINE,brunette,blue,tone_1,blue
P1877,Yuna,Bianchi,NO,3,FAMILY,3,KIOSK,blonde_f,blue,tone_6,suit
P1878,Taylor,Evans,NO,2,LEISURE,1,ONLINE,blonde,black,tone_5,olive+green
P1879,Aaliyah,Sidhu,NO,2,BUSINESS,0,KIOSK,brunette,blue,tone_4,suit
P1880,Noor,Okafor,NO,2,LEISURE,0,ONLINE,blonde,black,tone_3,olive+green
P1881,Harry,Evans,NO,2,LEISURE,2,DESK,brunette_f,blue,tone_2,blue
P1882,Trang,Huang,NO,3,LEISURE,1,DESK,blonde,black,tone_5,red
P1883,Taylor,Russell,NO,1,LEISURE,0,ONLINE,black_f,blue,tone_2,suit
P1884,Ava,Malik,YES,10,LEISURE,1,ONLINE,brunette,black,tone_3,suit
P1885,Karim,Balogun,NO,1,BUSINESS,0,ONLINE,blonde_f,blue,tone_6,blue
P1886,Trang,Kim,NO,1,SOLO,1,DESK,brunette_f,blue,tone_3,olive+green
P1887,Riya,Huynh,NO,1,LEISURE,1,DESK,blonde,black,tone_1,blue
P1888,Minho,Rao,NO,1,BUSINESS,1,ONLINE,blonde,blue,tone_6,blue
P1889,Gurleen,Khan,NO,3,FAMILY,2,DESK,blonde_f,black,tone_4,suit
P1890,Ryan,Khan,NO,2,BUSINESS,1,KIOSK,brunette_f,black,tone_3,red
P1891,Jasleen,Boateng,YES,5,LEISURE,1,KIOSK,black_f,blue,tone_2,blue
P1892,Oscar,Martinez,NO,1,BUSINESS,1,ONLINE,black,blue,tone_4,blue
P1893,Nari,Adams,NO,1,LEISURE,0,DESK,brunette,blue,tone_3,suit
P1894,Jelani,Mansour,NO,3,FAMILY,3,KIOSK,blonde,black,tone_3,blue
P1895,Karan,Malik,NO,1,LEISURE,1,DESK,black_f,blue,tone_3,suit
P1896,Amelia,Lee,NO,3,LEISURE,1,DESK,brunette,black,tone_1,blue
P1897,Nia,Dhillon,YES,6,LEISURE,1,ONLINE,brunette_f,black,tone_2,suit
P1898,Jules,Dubois,NO,1,LEISURE,0,KIOSK,brunette,black,tone_6,red
P1899,Amelia,Petit,NO,2,BUSINESS,1,ONLINE,blonde_f,blue,tone_1,blue
P1900,Karan,Pham,NO,2,LEISURE,1,DESK,brunette,black,tone_6,blue
P1901,Cameron,Bernard,YES,7,SOLO,1,KIOSK,blonde_f,black,tone_6,olive+green
P1902,Ayaan,Kang,NO,1,SOLO,1,ONLINE,blonde_f,blue,tone_3,olive+green
P1903,Ishaan,Fischer,NO,3,LEISURE,0,ONLINE,black_f,black,tone_1,olive+green
P1904,Valentina,Wisniewski,NO,1,LEISURE,2,ONLINE,brunette,black,tone_4,olive+green
P1905,Salma,Desai,NO,3,FAMILY,3,ONLINE,brunette,blue,tone_3,blue
P1906,Violet,Campbell,NO,1,LEISURE,1,KIOSK,blonde,blue,tone_3,red
P1907,Karim,Wisniewski,NO,1,BUSINESS,0,ONLINE,brunette_f,black,tone_1,olive+green
P1908,Jamie,Taylor,NO,2,LEISURE,0,DESK,blonde_f,blue,tone_1,olive+green
P1909,Alejandro,Weber,NO,2,LEISURE,1,DESK,brunette_f,black,tone_1,suit
P1910,Jelani,Kaur,NO,2,BUSINESS,0,ONLINE,brunette_f,black,tone_1,red
P1911,Camille,Dang,NO,1,FAMILY,2,DESK,blonde_f,blue,tone_3,red
P1912,Oisin,Zhang,NO,1,LEISURE,1,DESK,black,black,tone_6,olive+green
P1913,Abena,Thomas,NO,1,LEISURE,1,DESK,black,black,tone_4,red
P1914,Ella,Johnson,NO,2,LEISURE,1,ONLINE,black_f,blue,tone_4,suit
P1915,Emeka,Conti,NO,1,LEISURE,1,ONLINE,black_f,blue,tone_5,suit
P1916,Salma,Romano,NO,1,LEISURE,1,ONLINE,brunette,black,tone_1,blue
P1917,Hassan,Jackson,NO,1,BUSINESS,0,ONLINE,blonde_f,blue,tone_6,olive+green
P1918,Nari,Bianchi,NO,2,LEISURE,1,KIOSK,blonde,black,tone_2,suit
P1919,Abena,O'Brien,YES,6,BUSINESS,0,ONLINE,brunette,blue,tone_1,suit
P1920,Harry,Bamba,NO,1,FAMILY,3,ONLINE,blonde,black,tone_6,red
P1921,Imran,Rao,NO,2,LEISURE,1,ONLINE,black,black,tone_3,blue
P1922,Sophie,Vu,NO,1,LEISURE,1,KIOSK,black,blue,tone_6,olive+green
P1923,Kwame,Toure,NO,1,LEISURE,1,ONLINE,brunette_f,blue,tone_6,suit
P1924,Cian,Reed,NO,1,SOLO,1,ONLINE,brunette_f,black,tone_2,suit
P1925,Joon,Esposito,NO,1,SOLO,2,KIOSK,black,blue,tone_2,blue
P1926,Kofi,Russell,NO,2,LEISURE,1,KIOSK,black,blue,tone_3,red
P1927,Tao,Toure,NO,3,BUSINESS,1,ONLINE,blonde,blue,tone_5,red
P1928,Ananya,Verma,NO,3,BUSINESS,1,ONLINE,black,black,tone_2,blue
P1929,Kiet,Morgan,NO,1,LEISURE,1,ONLINE,brunette,black,tone_3,red
P1930,William,Zhou,NO,2,SOLO,1,ONLINE,blonde,blue,tone_1,red
P1931,Louis,Williams,NO,2,LEISURE,2,ONLINE,brunette_f,blue,tone_2,olive+green
P1932,James,Sidhu,NO,2,LEISURE,1,ONLINE,brunette_f,blue,tone_2,olive+green
P1933,Samir,Green,YES,5,LEISURE,1,DESK,black_f,blue,tone_3,suit
P1934,Valentina,Baker,NO,1,SOLO,0,DESK,blonde,black,tone_2,suit
P1935,Hyejin,Thomas,NO,2,FAMILY,1,KIOSK,brunette,blue,tone_6,blue
P1936,Aoife,Reed,NO,1,SOLO,0,ONLINE,black_f,black,tone_5,suit
P1937,Marek,Adams,NO,3,LEISURE,0,ONLINE,black,black,tone_4,suit
P1938,Arthur,Clarke,NO,1,LEISURE,0,ONLINE,blonde,blue,tone_4,blue
P1939,Kavya,Kim,NO,2,LEISURE,1,ONLINE,blonde_f,blue,tone_5,blue
P1940,Violet,Yamamoto,NO,1,FAMILY,2,DESK,brunette_f,blue,tone_3,blue
P1941,Veer,Kone,NO,1,FAMILY,3,DESK,blonde_f,black,tone_1,blue
P1942,Alessia,Mahmood,NO,2,LEISURE,1,KIOSK,black_f,blue,tone_3,suit
P1943,Bao,Walker,NO,3,LEISURE,0,DESK,black_f,blue,tone_1,red
P1944,Matteo,Bianchi,NO,3,LEISURE,1,ONLINE,black,black,tone_2,suit
P1945,Nathan,Durand,NO,3,LEISURE,1,DESK,blonde_f,black,tone_1,olive+green
P1946,Emilia,Nasser,NO,1,FAMILY,2,ONLINE,blonde_f,blue,tone_4,olive+green
P1947,Sam,Wisniewski,NO,1,FAMILY,3,ONLINE,black,blue,tone_1,blue
P1948,Zain,Nwosu,YES,8,FAMILY,3,ONLINE,black,blue,tone_2,blue
P1949,Bethany,Ahmed,NO,1,FAMILY,2,ONLINE,blonde,black,tone_1,blue
P1950,Harriet,Russell,NO,1,SOLO,1,KIOSK,black,blue,tone_5,red
P1951,Ryan,Singh,NO,1,LEISURE,1,KIOSK,brunette_f,black,tone_2,red
P1952,Trang,Toure,YES,5,LEISURE,1,DESK,brunette_f,blue,tone_3,olive+green
P1953,Karan,Suzuki,NO,1,BUSINESS,0,DESK,black_f,blue,tone_2,suit
P1954,Georgia,Kowalski,NO,1,BUSINESS,0,ONLINE,blonde,black,tone_6,olive+green
P1955,Giulia,Taylor,NO,3,BUSINESS,1,KIOSK,black,blue,tone_3,red
P1956,Anja,Martinez,NO,1,BUSINESS,0,ONLINE,blonde_f,blue,tone_2,red
P1957,Ren,Kang,NO,1,BUSINESS,1,DESK,black,blue,tone_5,blue
P1958,Sami,Johnson,NO,1,BUSINESS,0,ONLINE,black_f,black,tone_3,suit
P1959,Haruto,Mansour,YES,8,SOLO,1,ONLINE,black_f,blue,tone_4,red
P1960,Zuri,Thomas,NO,1,LEISURE,1,DESK,black,blue,tone_5,red
P1961,Noor,Howard,NO,1,SOLO,1,ONLINE,black_f,blue,tone_3,red
P1962,Morgan,Suzuki,NO,1,LEISURE,2,ONLINE,brunette_f,blue,tone_6,red
P1963,Ngozi,Roberts,NO,1,BUSINESS,0,ONLINE,black,blue,tone_2,olive+green
P1964,Hana,Khan,NO,3,FAMILY,1,ONLINE,blonde,blue,tone_4,red
P1965,Camille,Gill,NO,3,LEISURE,1,DESK,brunette,blue,tone_4,red
P1966,Emily,Eze,YES,5,BUSINESS,1,KIOSK,blonde,blue,tone_1,suit
P1967,Alfie,Davies,NO,2,FAMILY,2,ONLINE,blonde,black,tone_5,red
P1968,Jaspreet,Joshi,NO,2,LEISURE,1,KIOSK,brunette_f,black,tone_5,suit
P1969,Mei,Adams,NO,2,FAMILY,2,KIOSK,brunette,blue,tone_6,suit
P1970,Olivia,Kim,YES,8,BUSINESS,1,ONLINE,black,black,tone_3,suit
P1971,Nhi,Mahmood,NO,3,SOLO,2,ONLINE,black_f,blue,tone_6,blue
P1972,Jules,Takahashi,NO,2,SOLO,1,DESK,brunette,black,tone_2,blue
P1973,Kiet,Bianchi,YES,6,LEISURE,0,ONLINE,black,blue,tone_1,olive+green
P1974,Yusuf,Scott,NO,2,FAMILY,3,KIOSK,blonde_f,black,tone_6,suit
P1975,Georgia,Brar,NO,1,LEISURE,1,KIOSK,blonde,blue,tone_3,olive+green
P1976,Declan,Diallo,NO,3,LEISURE,1,ONLINE,blonde,blue,tone_6,olive+green
P1977,Isha,Moreau,NO,1,BUSINESS,1,ONLINE,brunette_f,blue,tone_6,blue
P1978,Anja,Richards,NO,1,FAMILY,3,ONLINE,brunette,black,tone_3,suit
P1979,Ella,Sidhu,NO,2,LEISURE,1,KIOSK,brunette_f,black,tone_5,red
P1980,Yasmin,Traore,NO,1,FAMILY,2,DESK,brunette,black,tone_6,suit
P1981,Emilia,Zielinski,NO,1,LEISURE,0,DESK,brunette,black,tone_1,red
P1982,Muhammad,Foster,YES,6,BUSINESS,0,ONLINE,black,black,tone_5,suit
P1983,Jasleen,Davies,NO,3,LEISURE,1,ONLINE,black_f,black,tone_2,red
P1984,Theo,Adams,NO,1,BUSINESS,1,DESK,brunette,blue,tone_6,olive+green
P1985,Valentina,Brown,NO,1,LEISURE,1,ONLINE,brunette,black,tone_5,olive+green
P1986,Hassan,Roberts,NO,1,LEISURE,1,ONLINE,brunette,black,tone_6,red
P1987,Jasleen,Robinson,NO,1,BUSINESS,0,ONLINE,black_f,blue,tone_6,blue
P1988,Noor,Ahmed,YES,5,LEISURE,1,DESK,brunette_f,black,tone_6,olive+green
P1989,Ade,Phan,YES,9,BUSINESS,1,ONLINE,blonde,black,tone_1,blue
P1990,Arjun,Bernard,NO,1,FAMILY,2,ONLINE,blonde_f,black,tone_2,red
P1991,Aryan,Johnson,NO,1,BUSINESS,1,ONLINE,blonde,blue,tone_6,olive+green
P1992,Muhammad,Murphy,NO,1,LEISURE,1,ONLINE,brunette_f,black,tone_6,red
P1993,Mai,Lopez,NO,1,LEISURE,1,KIOSK,brunette_f,blue,tone_5,olive+green
P1994,Reyansh,Tran,NO,1,SOLO,1,DESK,brunette,black,tone_6,blue
P1995,Ayana,Evans,NO,1,FAMILY,3,KIOSK,black,blue,tone_4,olive+green
P1996,Soyeon,Doyle,NO,1,LEISURE,1,ONLINE,blonde_f,blue,tone_3,olive+green
P1997,Soyeon,Wright,NO,1,LEISURE,1,ONLINE,blonde_f,black,tone_1,blue
P1998,Zofia,Yang,NO,1,LEISURE,0,KIOSK,brunette,blue,tone_3,blue
P1999,Niamh,Kaur,NO,2,SOLO,0,DESK,black,black,tone_5,blue
P2000,Thomas,Jimenez,NO,3,BUSINESS,1,ONLINE,black_f,black,tone_5,red
P2001,Poppy,Collins,NO,1,LEISURE,1,ONLINE,brunette,black,tone_5,suit
P2002,Alex,Bianchi,NO,3,LEISURE,1,DESK,black,black,tone_3,red
P2003,Ali,Nwosu,NO,1,BUSINESS,0,ONLINE,blonde_f,black,tone_4,red
P2004,Nathan,Traore,NO,1,LEISURE,1,ONLINE,black,black,tone_1,olive+green
P2005,Eoin,Ricci,NO,2,LEISURE,2,KIOSK,blonde_f,black,tone_2,blue
P2006,Kabir,Parker,NO,2,FAMILY,2,KIOSK,black,blue,tone_1,suit
P2007,Leo,Brown,NO,1,FAMILY,2,DESK,brunette_f,blue,tone_3,red
P2008,Oscar,Khalil,NO,1,FAMILY,3,KIOSK,blonde_f,blue,tone_4,red
P2009,Niklas,Watanabe,NO,1,LEISURE,1,KIOSK,brunette_f,blue,tone_2,suit
P2010,Wei,Hoang,NO,1,LEISURE,1,ONLINE,brunette,blue,tone_5,suit
P2011,David,Yoon,NO,3,SOLO,1,ONLINE,blonde_f,black,tone_3,red
P2012,Daichi,Park,NO,2,SOLO,2,DESK,brunette_f,black,tone_5,red
P2013,Minho,Dang,NO,1,LEISURE,1,ONLINE,black,black,tone_5,suit
P2014,Nia,Rossi,NO,1,LEISURE,2,ONLINE,brunette_f,black,tone_2,suit
P2015,Karim,Malhotra,NO,1,BUSINESS,1,ONLINE,blonde_f,blue,tone_3,suit
P2016,Adwoa,Kaminski,NO,2,LEISURE,1,ONLINE,blonde_f,blue,tone_2,blue
P2017,Jisoo,Sanchez,NO,1,LEISURE,1,DESK,black_f,black,tone_2,olive+green
P2018,Harry,Nwosu,NO,1,FAMILY,2,DESK,black,blue,tone_6,olive+green
P2019,Meera,Haddad,NO,2,SOLO,0,ONLINE,blonde_f,black,tone_6,suit
P2020,Anja,Liu,NO,1,SOLO,1,KIOSK,black_f,black,tone_6,suit
P2021,Jasleen,Cho,NO,3,BUSINESS,0,ONLINE,brunette,blue,tone_4,blue
P2022,Rin,Adams,NO,1,FAMILY,3,KIOSK,black,black,tone_2,olive+green
P2023,Obinna,Huang,NO,1,LEISURE,0,KIOSK,blonde_f,blue,tone_5,olive+green
P2024,Nisha,Foster,NO,2,BUSINESS,1,ONLINE,black_f,black,tone_4,olive+green
P2025,Jian,Bose,NO,2,LEISURE,1,ONLINE,blonde,black,tone_4,suit
P2026,Mila,White,NO,1,SOLO,1,ONLINE,black_f,black,tone_2,olive+green
P2027,Arjun,Sow,NO,2,LEISURE,1,ONLINE,black,black,tone_2,suit
P2028,Quang,Yang,YES,8,BUSINESS,1,ONLINE,black_f,black,tone_1,red
P2029,James,Mansour,NO,1,LEISURE,2,KIOSK,black,black,tone_4,red
P2030,Lily,Huang,NO,1,FAMILY,2,DESK,blonde,blue,tone_2,red
P2031,Amara,Kowalski,NO,3,LEISURE,1,DESK,black,black,tone_2,blue
P2032,Abena,Sharma,NO,2,LEISURE,2,KIOSK,black,black,tone_3,blue
P2033,Gurleen,Gomez,NO,1,LEISURE,0,KIOSK,blonde_f,blue,tone_1,olive+green
P2034,Priya,Kang,YES,7,FAMILY,2,KIOSK,brunette_f,blue,tone_1,blue
P2035,Nadia,Mehta,NO,3,LEISURE,1,ONLINE,blonde_f,blue,tone_5,blue
P2036,Taylor,Hussain,NO,1,SOLO,2,DESK,brunette,black,tone_5,olive+green
P2037,Gabriel,Dhillon,NO,2,BUSINESS,1,KIOSK,brunette,blue,tone_6,red
P2038,Amelia,Romano,YES,8,LEISURE,1,ONLINE,blonde,black,tone_6,red
P2039,Ibrahim,Reed,YES,8,SOLO,1,DESK,black_f,blue,tone_6,red
P2040,Kenji,Ferrari,NO,2,FAMILY,3,ONLINE,brunette_f,black,tone_5,olive+green
P2041,Manon,Davies,NO,3,SOLO,1,KIOSK,black_f,blue,tone_6,suit
P2042,Tunde,Williams,NO,1,BUSINESS,1,ONLINE,brunette,blue,tone_2,red
P2043,Violet,Wu,YES,10,BUSINESS,1,KIOSK,brunette,black,tone_6,olive+green
P2044,Isha,Rossi,NO,2,FAMILY,3,DESK,blonde,black,tone_5,olive+green
P2045,Noah,Leroy,NO,1,BUSINESS,1,ONLINE,brunette,black,tone_1,suit
P2046,Poppy,O'Brien,NO,2,FAMILY,2,ONLINE,blonde,black,tone_5,red
P2047,William,Gupta,NO,3,SOLO,1,DESK,blonde,black,tone_5,blue
P2048,Luca,Ali,NO,1,LEISURE,1,KIOSK,black,blue,tone_5,olive+green
P2049,Ibrahim,Zielinski,NO,1,LEISURE,1,KIOSK,black,black,tone_3,suit
P2050,Harriet,Boateng,NO,1,LEISURE,0,DESK,black_f,blue,tone_3,olive+green
P2051,Ade,Moreau,NO,1,FAMILY,2,ONLINE,black_f,black,tone_2,red
P2052,Arthur,Foster,NO,3,LEISURE,2,KIOSK,brunette,blue,tone_1,red
P2053,Oscar,Francis,NO,2,BUSINESS,1,ONLINE,blonde,black,tone_4,blue
P2054,Declan,Kim,NO,3,FAMILY,2,KIOSK,blonde_f,blue,tone_4,red
P2055,Nathan,Tran,NO,1,SOLO,0,KIOSK,brunette_f,blue,tone_2,suit
P2056,Abena,Kang,NO,1,LEISURE,2,ONLINE,black,blue,tone_4,suit
P2057,Hannah,Romano,NO,2,LEISURE,0,DESK,brunette,black,tone_2,suit
P2058,Imani,Roberts,NO,2,SOLO,1,ONLINE,brunette_f,blue,tone_6,suit
P2059,Aryan,Zhou,NO,1,BUSINESS,0,ONLINE,blonde,black,tone_5,suit
P2060,Harry,Rahman,YES,8,LEISURE,1,KIOSK,brunette,blue,tone_1,olive+green
P2061,Tara,Diallo,NO,2,FAMILY,3,DESK,brunette,black,tone_5,olive+green
P2062,Manpreet,Petit,NO,1,SOLO,1,ONLINE,blonde_f,black,tone_6,red
P2063,Sophie,Stewart,NO,2,LEISURE,1,ONLINE,brunette_f,black,tone_6,red
P2064,Oliver,Conti,NO,3,LEISURE,0,ONLINE,black,blue,tone_3,olive+green
P2065,Chidi,Li,NO,1,LEISURE,1,ONLINE,blonde_f,black,tone_2,blue
P2066,Obinna,Nguyen,NO,1,SOLO,1,DESK,blonde,black,tone_5,red
P2067,Yuki,Ryan,YES,10,FAMILY,2,DESK,black_f,blue,tone_6,suit
P2068,Giulia,Durand,NO,1,BUSINESS,1,KIOSK,brunette,black,tone_3,olive+green
P2069,Nhi,Evans,YES,7,FAMILY,3,DESK,blonde_f,black,tone_6,blue
P2070,Chiara,Okafor,YES,10,LEISURE,1,ONLINE,brunette,black,tone_1,olive+green
P2071,Morgan,Fofana,NO,1,SOLO,1,ONLINE,black_f,black,tone_1,suit
P2072,Linh,Gray,NO,3,LEISURE,1,ONLINE,brunette_f,blue,tone_1,olive+green
P2073,Nhi,Verma,NO,3,BUSINESS,1,ONLINE,black,black,tone_1,suit
P2074,Arnav,Kaminski,YES,7,BUSINESS,0,KIOSK,black_f,black,tone_3,suit
P2075,Sophia,Sidhu,NO,2,LEISURE,1,ONLINE,black_f,black,tone_3,blue
P2076,Leon,Reed,NO,1,LEISURE,1,KIOSK,black,blue,tone_1,olive+green
P2077,Ali,Kim,NO,2,LEISURE,1,KIOSK,blonde_f,blue,tone_4,red
P2078,Karim,Foster,NO,1,SOLO,0,ONLINE,brunette_f,blue,tone_3,suit
P2079,Oisin,Mehta,NO,1,LEISURE,2,DESK,brunette_f,black,tone_6,olive+green
P2080,Niamh,Jackson,NO,1,SOLO,1,ONLINE,blonde_f,black,tone_4,olive+green
P2081,Sam,Asante,YES,7,FAMILY,2,DESK,black,black,tone_4,blue
P2082,Navdeep,Lewandowski,NO,2,LEISURE,1,DESK,brunette,blue,tone_2,blue
P2083,Salma,Morgan,NO,1,FAMILY,3,ONLINE,brunette_f,black,tone_2,red
P2084,Kacper,Johnson,NO,1,LEISURE,1,DESK,blonde_f,black,tone_4,olive+green
P2085,Adwoa,Mehta,NO,1,LEISURE,0,KIOSK,brunette_f,black,tone_4,blue
P2086,Mandeep,Iqbal,NO,2,LEISURE,1,KIOSK,black,black,tone_4,suit
P2087,Camila,Okafor,NO,1,SOLO,1,KIOSK,blonde_f,black,tone_1,red
P2088,Zuri,Chen,NO,3,FAMILY,2,DESK,black_f,black,tone_6,blue
P2089,Ruby,Taylor,NO,3,LEISURE,2,ONLINE,black_f,black,tone_6,red
P2090,Marco,Durand,NO,1,LEISURE,1,ONLINE,black_f,black,tone_5,red
P2091,Gabriel,Khalil,NO,2,LEISURE,1,DESK,brunette,blue,tone_3,red
P2092,Thomas,Mansour,YES,7,BUSINESS,0,ONLINE,brunette,black,tone_3,blue
P2093,Camille,Martinez,NO,1,LEISURE,2,ONLINE,brunette_f,blue,tone_3,suit
P2094,Sota,Phan,NO,1,SOLO,1,ONLINE,black_f,black,tone_6,suit
P2095,Sebastian,Kelly,NO,2,SOLO,0,DESK,blonde_f,black,tone_1,olive+green
P2096,Alfie,Patel,NO,2,FAMILY,2,DESK,blonde,blue,tone_2,blue
P2097,Manpreet,Okafor,NO,2,FAMILY,2,KIOSK,black,blue,tone_1,suit
P2098,Rahul,Weber,NO,3,LEISURE,0,DESK,black_f,blue,tone_3,red
P2099,Zofia,Morgan,YES,5,LEISURE,2,ONLINE,black,black,tone_3,blue
P2100,Luca,Bamba,NO,3,SOLO,0,DESK,blonde,blue,tone_3,red
P2101,Priya,Baker,NO,1,LEISURE,1,DESK,brunette_f,black,tone_4,suit
P2102,Ayaan,Mensah,NO,1,FAMILY,3,DESK,brunette,black,tone_6,suit
P2103,Khalid,Bernard,NO,2,BUSINESS,1,KIOSK,black,blue,tone_6,suit
P2104,Mei,Thompson,NO,2,BUSINESS,0,ONLINE,blonde,blue,tone_3,blue
P2105,Linh,Mehta,NO,2,FAMILY,2,DESK,blonde,black,tone_1,olive+green
P2106,Sebastian,Brar,NO,1,LEISURE,1,KIOSK,blonde_f,blue,tone_2,olive+green
P2107,Sophia,Mansour,NO,1,FAMILY,3,DESK,black_f,blue,tone_3,olive+green
P2108,Obinna,Iyer,NO,2,FAMILY,2,ONLINE,black_f,black,tone_6,suit
P2109,Hyejin,Williams,NO,2,FAMILY,1,DESK,black_f,blue,tone_6,red
P2110,Jian,Mitchell,NO,1,BUSINESS,1,ONLINE,brunette_f,black,tone_6,blue
P2111,Isla,Khalil,YES,10,FAMILY,3,ONLINE,black,black,tone_3,blue
P2112,Oscar,Conti,NO,1,FAMILY,3,DESK,blonde_f,blue,tone_1,suit
P2113,Luca,Mensah,NO,1,LEISURE,1,KIOSK,blonde_f,blue,tone_5,olive+green
P2114,Ming,Chopra,NO,1,BUSINESS,0,ONLINE,brunette_f,blue,tone_4,olive+green
P2115,Mateo,Young,NO,1,LEISURE,0,DESK,blonde_f,blue,tone_5,red
P2116,Casey,Thomas,NO,2,LEISURE,1,KIOSK,black,black,tone_4,blue
P2117,Kiet,O'Brien,YES,6,SOLO,1,KIOSK,blonde_f,black,tone_4,olive+green
P2118,Kavya,Weber,NO,2,LEISURE,1,DESK,blonde_f,black,tone_5,blue
P2119,Meera,Rao,YES,7,FAMILY,2,DESK,blonde_f,black,tone_3,blue
P2120,George,Ahmed,NO,2,SOLO,1,KIOSK,blonde_f,black,tone_4,red
P2121,Obinna,Evans,NO,2,FAMILY,2,KIOSK,black_f,black,tone_3,suit
P2122,Niklas,Byrne,NO,3,SOLO,1,ONLINE,brunette,blue,tone_3,blue
P2123,Jack,Brown,NO,1,LEISURE,2,ONLINE,blonde_f,black,tone_5,olive+green
P2124,Arjun,Desai,NO,2,LEISURE,1,ONLINE,blonde_f,blue,tone_2,olive+green
P2125,Minho,Mahmood,NO,3,LEISURE,0,DESK,blonde_f,blue,tone_2,blue
P2126,Louis,Weber,YES,6,BUSINESS,1,ONLINE,brunette_f,black,tone_4,red
P2127,Taylor,Chopra,YES,7,SOLO,1,KIOSK,black,blue,tone_4,blue
P2128,Rohan,Adams,NO,3,FAMILY,3,KIOSK,brunette,black,tone_1,suit
P2129,Krish,Evans,NO,2,LEISURE,1,DESK,black,blue,tone_1,blue
P2130,Benjamin,Watson,NO,1,SOLO,1,ONLINE,blonde,blue,tone_3,blue
P2131,Ming,Okafor,NO,1,LEISURE,1,DESK,black,blue,tone_5,suit
P2132,Hassan,Dang,YES,9,LEISURE,1,DESK,black_f,black,tone_4,blue
P2133,Malik,Gray,NO,2,LEISURE,1,ONLINE,blonde_f,black,tone_3,blue
P2134,Jaspreet,Kelly,NO,2,LEISURE,1,ONLINE,black,blue,tone_2,suit
P2135,Minh,Watanabe,NO,1,LEISURE,0,DESK,blonde_f,blue,tone_2,suit
P2136,Trang,Joshi,NO,1,LEISURE,1,KIOSK,blonde_f,blue,tone_5,red
P2137,Ali,Boateng,NO,3,SOLO,1,ONLINE,black_f,blue,tone_6,blue
P2138,Ali,Baker,NO,1,FAMILY,2,ONLINE,blonde_f,blue,tone_6,red
P2139,Layla,Parker,NO,2,LEISURE,0,DESK,black,black,tone_5,blue
P2140,Zuri,Khalil,NO,2,SOLO,0,DESK,blonde_f,black,tone_3,red
P2141,Aanya,Fischer,NO,2,LEISURE,1,DESK,blonde_f,black,tone_3,olive+green
P2142,Ibrahim,Bianchi,NO,1,BUSINESS,1,ONLINE,black,blue,tone_3,suit
P2143,William,Li,NO,1,SOLO,1,DESK,black_f,blue,tone_3,blue
P2144,Malik,Eze,YES,5,LEISURE,1,KIOSK,blonde,blue,tone_1,suit
P2145,Benjamin,Lopez,NO,3,LEISURE,1,KIOSK,blonde,black,tone_5,blue
P2146,Hyejin,Mansour,NO,1,FAMILY,2,ONLINE,black,black,tone_3,suit
P2147,Tomasz,Sanchez,NO,1,LEISURE,1,KIOSK,brunette_f,blue,tone_4,blue
P2148,Nhi,Camara,NO,3,LEISURE,0,KIOSK,black,blue,tone_6,red
P2149,Sota,Malik,NO,3,FAMILY,1,DESK,blonde,blue,tone_3,olive+green
P2150,Faris,Saleh,NO,1,LEISURE,0,DESK,brunette_f,blue,tone_2,blue
P2151,Niamh,Sharma,YES,8,BUSINESS,1,KIOSK,blonde,blue,tone_3,red
P2152,Michael,Garcia,NO,1,SOLO,1,DESK,brunette,blue,tone_5,suit
P2153,Minh,Rahman,NO,1,BUSINESS,2,KIOSK,black_f,black,tone_4,red
P2154,Samir,Watson,NO,1,BUSINESS,1,ONLINE,blonde_f,blue,tone_4,olive+green
P2155,Gurpreet,Morgan,NO,1,LEISURE,1,ONLINE,blonde,black,tone_1,blue
P2156,Malik,Adams,NO,1,BUSINESS,0,KIOSK,brunette_f,blue,tone_6,suit
P2157,Violet,Traore,NO,2,LEISURE,1,DESK,blonde,black,tone_6,red
P2158,Michael,Mensah,NO,1,SOLO,1,ONLINE,blonde,black,tone_4,suit
P2159,Jisoo,Singh,YES,5,LEISURE,1,KIOSK,brunette,black,tone_2,olive+green
P2160,Karan,Reddy,NO,2,LEISURE,1,ONLINE,brunette_f,blue,tone_6,blue
P2161,Marek,Russell,NO,2,FAMILY,3,DESK,brunette,black,tone_3,blue
P2162,Gurpreet,Petit,NO,1,BUSINESS,1,KIOSK,blonde_f,black,tone_5,red
P2163,Poppy,Patel,NO,1,LEISURE,1,DESK,blonde,black,tone_5,red
P2164,Orla,Ferrari,NO,3,FAMILY,2,DESK,brunette_f,blue,tone_6,red
P2165,Nari,Kim,NO,1,BUSINESS,1,ONLINE,brunette_f,blue,tone_6,red
P2166,Malik,Carter,NO,1,LEISURE,1,KIOSK,blonde,blue,tone_1,blue
P2167,Quang,Khan,NO,3,FAMILY,2,KIOSK,blonde_f,black,tone_1,red
P2168,Ayaan,Akhtar,NO,1,FAMILY,1,DESK,brunette_f,black,tone_1,red
P2169,Tara,Francis,NO,2,LEISURE,2,ONLINE,black,black,tone_2,red
P2170,Zofia,Martinez,NO,1,BUSINESS,1,ONLINE,blonde_f,blue,tone_6,olive+green
P2171,Alessia,Kapoor,NO,1,LEISURE,1,ONLINE,blonde,blue,tone_2,blue
P2172,Diya,Fofana,NO,2,LEISURE,2,ONLINE,blonde,black,tone_3,olive+green
P2173,Gurleen,Mahmood,YES,10,BUSINESS,1,ONLINE,blonde_f,black,tone_1,suit
P2174,Jordan,Durand,NO,3,SOLO,1,DESK,black,blue,tone_3,suit
P2175,Faris,Adams,NO,1,LEISURE,1,KIOSK,blonde,blue,tone_6,olive+green
P2176,Nathan,Pham,NO,3,FAMILY,3,KIOSK,brunette_f,black,tone_2,suit
P2177,Ming,Brown,NO,2,LEISURE,1,ONLINE,brunette,blue,tone_5,red
P2178,Amara,Roberts,NO,1,FAMILY,1,DESK,brunette,black,tone_3,blue
P2179,Thao,Nowak,YES,7,BUSINESS,1,KIOSK,brunette,blue,tone_3,blue
P2180,Nhi,Yamamoto,NO,3,FAMILY,1,DESK,black,blue,tone_5,red
P2181,Chidi,Hussain,YES,7,FAMILY,2,DESK,black_f,black,tone_2,olive+green
P2182,Sota,Yamamoto,NO,3,FAMILY,2,ONLINE,brunette_f,blue,tone_2,blue
P2183,Anja,Young,YES,5,BUSINESS,1,DESK,brunette,blue,tone_6,suit
P2184,Wei,Johnson,NO,2,BUSINESS,0,ONLINE,brunette,black,tone_3,blue
P2185,Yasmin,Wilson,NO,1,LEISURE,1,ONLINE,blonde,black,tone_1,red
P2186,Jaspreet,Lee,NO,1,FAMILY,2,ONLINE,black,black,tone_1,blue
P2187,Violet,Watson,NO,2,LEISURE,2,ONLINE,black_f,blue,tone_5,suit
P2188,Yusuf,Tanaka,NO,3,BUSINESS,1,ONLINE,brunette_f,blue,tone_1,red
P2189,Samar,Roberts,YES,7,FAMILY,2,ONLINE,black,black,tone_6,red
P2190,Thomas,Kowalski,NO,2,BUSINESS,1,ONLINE,black,black,tone_4,olive+green
P2191,Chiara,Diallo,NO,2,LEISURE,0,ONLINE,brunette,black,tone_2,olive+green
P2192,Jonas,Yang,YES,7,FAMILY,2,KIOSK,brunette,black,tone_6,suit
P2193,Kacper,Thomas,NO,1,SOLO,0,KIOSK,brunette,blue,tone_4,red
P2194,Cian,Bernard,NO,2,LEISURE,1,ONLINE,blonde_f,blue,tone_1,olive+green
P2195,Violet,Cho,NO,1,BUSINESS,0,ONLINE,brunette_f,blue,tone_6,red
P2196,Ren,Francis,YES,6,SOLO,0,ONLINE,black,blue,tone_4,blue
P2197,Ella,Kowalski,NO,3,BUSINESS,0,ONLINE,brunette_f,blue,tone_4,blue
P2198,Ming,Smith,NO,3,LEISURE,1,DESK,blonde,blue,tone_6,olive+green
P2199,Arjun,Bui,YES,8,LEISURE,0,DESK,black,blue,tone_3,olive+green
P2200,Layla,Reddy,YES,10,LEISURE,1,KIOSK,brunette_f,black,tone_6,red
P2201,Dhruv,Lewandowski,NO,2,LEISURE,1,DESK,blonde,black,tone_5,suit
P2202,Matteo,Williams,NO,1,LEISURE,2,ONLINE,brunette_f,blue,tone_6,blue
P2203,Yuki,Walsh,NO,2,LEISURE,1,DESK,black,black,tone_1,blue
P2204,Diego,Watson,NO,1,LEISURE,1,ONLINE,black,blue,tone_4,olive+green
P2205,Riley,Jones,NO,1,BUSINESS,1,ONLINE,blonde,black,tone_4,red
P2206,Kojo,Thompson,NO,2,BUSINESS,1,KIOSK,brunette_f,blue,tone_3,red
P2207,Mariam,Gomez,NO,1,FAMILY,2,DESK,blonde_f,black,tone_2,red
P2208,Tomasz,Reed,NO,1,LEISURE,1,DESK,blonde,blue,tone_4,blue
P2209,Johanna,Petit,NO,1,LEISURE,0,DESK,black,black,tone_3,blue
P2210,Alejandro,Grant,NO,1,LEISURE,1,DESK,black,blue,tone_2,suit
P2211,Kabir,O'Brien,NO,3,FAMILY,2,DESK,brunette_f,blue,tone_5,red
P2212,Jian,Dang,NO,3,SOLO,1,ONLINE,blonde_f,blue,tone_2,blue
P2213,Soyeon,Ruiz,YES,8,BUSINESS,1,ONLINE,black,blue,tone_4,suit
P2214,Ava,Muller,NO,3,FAMILY,2,DESK,blonde,blue,tone_1,suit
P2215,Michael,Kumar,YES,9,SOLO,1,KIOSK,black_f,blue,tone_4,red
P2216,Simran,Kelly,NO,1,LEISURE,1,KIOSK,black_f,blue,tone_2,suit
P2217,Krish,Jung,YES,7,FAMILY,2,KIOSK,brunette_f,blue,tone_5,suit
P2218,Eoin,Collins,NO,2,LEISURE,1,KIOSK,blonde_f,black,tone_3,blue
P2219,Layla,Esposito,NO,1,LEISURE,1,ONLINE,black_f,blue,tone_2,suit
P2220,Malik,Wang,NO,2,LEISURE,1,DESK,brunette_f,blue,tone_4,red
P2221,Lily,Cho,NO,1,LEISURE,1,ONLINE,blonde,blue,tone_1,suit
P2222,Reyansh,Kumar,NO,3,LEISURE,1,DESK,brunette_f,blue,tone_6,suit
P2223,Rohan,Leroy,NO,1,LEISURE,1,ONLINE,blonde,blue,tone_5,blue
P2224,Trang,Desai,NO,1,BUSINESS,0,ONLINE,brunette_f,blue,tone_1,suit
P2225,Felix,Howard,NO,1,FAMILY,1,DESK,blonde,blue,tone_6,red
P2226,Dev,Watanabe,NO,3,FAMILY,2,KIOSK,brunette_f,blue,tone_6,suit
P2227,Gurleen,Richards,NO,1,LEISURE,1,ONLINE,brunette,blue,tone_3,blue
P2228,Yuna,Mitchell,YES,6,FAMILY,2,DESK,blonde_f,black,tone_6,olive+green
P2229,Lena,White,NO,1,FAMILY,2,ONLINE,brunette,blue,tone_1,blue
P2230,Tara,Schmidt,NO,2,SOLO,0,ONLINE,blonde_f,blue,tone_1,red
P2231,Orla,Jung,NO,1,LEISURE,1,KIOSK,brunette,blue,tone_2,suit
P2232,Charlie,Rao,NO,1,FAMILY,3,DESK,blonde,blue,tone_5,olive+green
P2233,Greta,Byrne,NO,3,SOLO,2,ONLINE,black,blue,tone_2,suit
P2234,Muhammad,Ricci,NO,2,BUSINESS,0,DESK,black_f,black,tone_6,blue
P2235,Amara,Byrne,NO,1,LEISURE,1,ONLINE,blonde,blue,tone_2,olive+green
P2236,Ngozi,Mensah,NO,2,SOLO,2,DESK,blonde_f,blue,tone_6,red
P2237,Ryan,Reed,NO,2,LEISURE,2,ONLINE,brunette_f,black,tone_6,red
P2238,Isabella,Keita,NO,2,SOLO,0,DESK,black,blue,tone_1,red
P2239,Minho,Chopra,NO,1,SOLO,0,ONLINE,black,blue,tone_1,red
P2240,Orla,Walker,NO,2,SOLO,1,DESK,blonde,blue,tone_1,olive+green
P2241,Alessia,Dang,NO,1,FAMILY,2,KIOSK,brunette,blue,tone_6,olive+green
P2242,Simran,Phan,NO,1,FAMILY,2,DESK,black,blue,tone_4,olive+green
P2243,Linh,Sandhu,NO,1,FAMILY,3,KIOSK,black_f,blue,tone_3,olive+green
P2244,Ngozi,O'Brien,NO,1,SOLO,1,ONLINE,black_f,blue,tone_1,suit
P2245,Morgan,Adeyemi,NO,1,BUSINESS,1,ONLINE,black_f,black,tone_4,olive+green
P2246,Jamie,Wisniewski,NO,3,LEISURE,0,ONLINE,brunette,blue,tone_4,red
P2247,Navdeep,Watson,NO,3,LEISURE,0,KIOSK,black_f,blue,tone_4,suit
P2248,Hao,Vu,NO,1,FAMILY,2,DESK,brunette_f,black,tone_3,blue
P2249,Riya,Lee,YES,6,LEISURE,1,DESK,brunette,black,tone_5,olive+green
P2250,Kojo,Parker,NO,2,SOLO,1,DESK,brunette_f,blue,tone_1,blue
P2251,Kacper,Bui,NO,2,LEISURE,1,KIOSK,brunette_f,blue,tone_6,red
P2252,Jordan,Mansour,NO,3,SOLO,0,DESK,brunette_f,black,tone_6,suit
P2253,Sota,Choi,NO,2,LEISURE,2,DESK,blonde_f,blue,tone_2,olive+green
P2254,Mandeep,Traore,NO,2,LEISURE,1,DESK,brunette,black,tone_3,olive+green
P2255,Nadia,Gray,YES,8,SOLO,1,DESK,black_f,blue,tone_4,blue
P2256,Ming,Sow,YES,6,SOLO,2,KIOSK,blonde,blue,tone_2,red
P2257,Ahmed,Traore,YES,5,BUSINESS,1,KIOSK,blonde,black,tone_4,olive+green
P2258,Michael,Jackson,NO,2,BUSINESS,1,ONLINE,brunette,blue,tone_4,blue
P2259,Charlotte,Tran,YES,5,FAMILY,2,DESK,blonde_f,black,tone_2,blue
P2260,Zuri,Sanchez,NO,1,LEISURE,1,ONLINE,brunette_f,black,tone_3,red
P2261,Amelia,Jackson,NO,2,SOLO,1,DESK,blonde,blue,tone_1,red
P2262,Anja,Rao,NO,1,BUSINESS,1,ONLINE,brunette_f,black,tone_3,red
P2263,Veer,Ferrari,YES,9,SOLO,1,ONLINE,blonde,blue,tone_4,olive+green
P2264,Nia,Zhang,NO,3,LEISURE,1,ONLINE,blonde,blue,tone_5,suit
P2265,Omar,Francis,NO,1,BUSINESS,1,ONLINE,blonde_f,black,tone_5,red
P2266,Lily,Toure,NO,1,BUSINESS,2,DESK,brunette_f,blue,tone_1,suit
P2267,Khalid,Wisniewski,NO,1,LEISURE,2,ONLINE,blonde,black,tone_5,red
P2268,Mateo,Bose,NO,2,SOLO,1,ONLINE,brunette_f,black,tone_1,blue
P2269,Jasleen,Kaur,NO,1,BUSINESS,1,ONLINE,brunette_f,blue,tone_5,blue
P2270,Simran,Dang,NO,1,BUSINESS,1,ONLINE,black_f,black,tone_1,red
P2271,Imani,Romano,NO,1,BUSINESS,1,ONLINE,black,blue,tone_4,blue
P2272,Tara,Davies,YES,5,BUSINESS,0,KIOSK,brunette,blue,tone_6,suit
P2273,Sebastian,Scott,NO,1,SOLO,0,KIOSK,black_f,black,tone_3,red
P2274,Ahmed,Malhotra,NO,3,SOLO,1,DESK,brunette_f,black,tone_2,blue
P2275,James,Bamba,NO,2,LEISURE,1,KIOSK,blonde,black,tone_3,red
P2276,Harriet,Owusu,NO,3,LEISURE,1,DESK,blonde,black,tone_1,olive+green
P2277,Eoin,Gray,NO,2,FAMILY,2,KIOSK,brunette_f,black,tone_5,olive+green
P2278,Poppy,Bamba,NO,2,FAMILY,2,KIOSK,blonde,blue,tone_2,red
P2279,Mateo,Ali,NO,2,LEISURE,1,ONLINE,brunette_f,blue,tone_6,red
P2280,Alex,Hoang,NO,1,LEISURE,0,KIOSK,blonde,black,tone_4,suit
P2281,Charlotte,Traore,NO,3,LEISURE,1,KIOSK,blonde,blue,tone_3,suit
P2282,Evie,Gupta,NO,2,SOLO,1,ONLINE,black_f,blue,tone_1,blue
P2283,Victoria,Yamamoto,NO,2,BUSINESS,1,KIOSK,black_f,blue,tone_1,suit
P2284,Tara,Kumar,NO,1,LEISURE,2,ONLINE,brunette,black,tone_4,olive+green
P2285,Ayana,Fofana,YES,9,LEISURE,0,DESK,black_f,blue,tone_5,red
P2286,Anh,Park,NO,1,LEISURE,0,KIOSK,black_f,black,tone_3,red
P2287,Tara,White,NO,3,BUSINESS,2,ONLINE,blonde,blue,tone_5,olive+green
P2288,Kofi,Kim,NO,2,LEISURE,1,KIOSK,black,black,tone_6,blue
P2289,Muhammad,Haddad,NO,1,LEISURE,1,KIOSK,brunette,black,tone_3,blue
P2290,Aaliyah,Baker,YES,5,BUSINESS,1,KIOSK,black,blue,tone_4,suit
P2291,Theo,Collins,NO,2,LEISURE,1,ONLINE,blonde,black,tone_4,blue
P2292,Ayana,Balogun,YES,6,LEISURE,1,ONLINE,blonde_f,blue,tone_4,suit
P2293,Leo,Park,NO,1,LEISURE,0,KIOSK,blonde,blue,tone_2,suit
P2294,Bilal,Taylor,NO,1,FAMILY,2,ONLINE,blonde,black,tone_6,red
P2295,Zuri,Nguyen,YES,6,LEISURE,1,ONLINE,brunette_f,blue,tone_5,red
P2296,Theo,Roberts,NO,1,FAMILY,1,DESK,blonde,black,tone_3,red
P2297,Ronan,Smith,NO,1,LEISURE,1,ONLINE,brunette_f,blue,tone_1,red
P2298,Camille,Hussain,NO,3,LEISURE,0,KIOSK,black_f,blue,tone_5,suit
P2299,Minji,Petit,NO,3,LEISURE,1,ONLINE,black_f,black,tone_1,olive+green
P2300,Niamh,Jung,YES,9,LEISURE,0,ONLINE,blonde,blue,tone_6,olive+green
P2301,Aryan,Perez,NO,3,FAMILY,3,ONLINE,black,black,tone_5,blue
P2302,Jonas,Chopra,NO,1,BUSINESS,0,ONLINE,blonde,black,tone_6,red
P2303,Muhammad,Petit,NO,1,LEISURE,1,DESK,brunette,black,tone_2,suit
P2304,Jules,Esposito,NO,1,SOLO,2,DESK,black,black,tone_5,blue
P2305,Chiara,Brown,YES,9,LEISURE,0,KIOSK,blonde_f,blue,tone_3,blue
P2306,Muhammad,Iyer,YES,8,FAMILY,2,DESK,brunette_f,black,tone_5,suit
P2307,Kavya,Pham,NO,1,LEISURE,1,ONLINE,brunette,black,tone_2,suit
P2308,Johanna,Smith,YES,5,SOLO,1,KIOSK,black_f,black,tone_2,red
P2309,Hyejin,Sow,NO,1,LEISURE,0,KIOSK,black,black,tone_2,blue
P2310,Hannah,Conti,NO,2,BUSINESS,1,DESK,black_f,black,tone_5,blue
P2311,Eoin,Saleh,NO,1,SOLO,0,ONLINE,black,blue,tone_4,blue
P2312,Amara,Agyeman,NO,2,BUSINESS,0,ONLINE,brunette_f,black,tone_4,blue
P2313,Kwame,Moretti,NO,1,FAMILY,3,KIOSK,brunette_f,black,tone_6,olive+green
P2314,Tao,Byrne,NO,1,BUSINESS,0,KIOSK,black_f,blue,tone_6,blue
P2315,Priya,Perez,NO,1,BUSINESS,0,ONLINE,blonde_f,blue,tone_5,blue
P2316,Malik,Bui,NO,3,LEISURE,2,ONLINE,brunette_f,black,tone_1,suit
P2317,Hannah,Traore,NO,2,LEISURE,0,DESK,blonde_f,blue,tone_3,suit
P2318,Alfie,Stewart,YES,6,FAMILY,2,KIOSK,black_f,black,tone_2,suit
P2319,Ade,Khan,YES,6,SOLO,1,ONLINE,blonde_f,blue,tone_2,red
P2320,Ali,Okafor,NO,2,LEISURE,1,ONLINE,brunette,black,tone_4,olive+green
P2321,Isha,Nasser,NO,1,SOLO,2,ONLINE,blonde,black,tone_3,red
P2322,Arjun,Byrne,NO,2,LEISURE,1,DESK,brunette,black,tone_3,suit
P2323,Jakub,Park,YES,6,LEISURE,1,DESK,blonde,blue,tone_5,suit
P2324,Ade,Camara,NO,2,LEISURE,1,KIOSK,brunette,black,tone_1,olive+green
P2325,Alejandro,Scott,NO,2,FAMILY,2,ONLINE,blonde,blue,tone_6,olive+green
P2326,Lena,Young,NO,2,LEISURE,1,ONLINE,black_f,blue,tone_5,suit
P2327,Layla,Petit,YES,8,SOLO,1,DESK,black,black,tone_1,blue
P2328,Eoin,Haddad,NO,1,FAMILY,3,DESK,blonde,blue,tone_1,suit
P2329,Dhruv,Kaur,NO,3,FAMILY,3,DESK,black,black,tone_4,red
P2330,Sebastian,Conti,NO,1,LEISURE,1,ONLINE,black_f,blue,tone_4,red
P2331,Amara,Verma,NO,1,LEISURE,2,DESK,blonde,black,tone_2,suit
P2332,Mai,Gill,NO,2,SOLO,1,ONLINE,black_f,blue,tone_5,olive+green
P2333,Ngozi,Balogun,NO,1,LEISURE,2,KIOSK,blonde_f,blue,tone_2,olive+green
P2334,Bilal,Kowalski,NO,1,LEISURE,1,ONLINE,brunette_f,blue,tone_2,red
P2335,Kojo,Clarke,NO,1,LEISURE,1,KIOSK,blonde,black,tone_5,blue
P2336,Priya,Sidhu,NO,1,LEISURE,1,KIOSK,blonde,black,tone_6,blue
P2337,Jordan,Xu,NO,2,BUSINESS,1,DESK,black,blue,tone_1,blue
P2338,Sam,Brown,NO,1,BUSINESS,1,DESK,brunette,black,tone_5,blue
P2339,Samir,Schmidt,NO,2,LEISURE,1,DESK,blonde,blue,tone_6,suit
P2340,Obinna,Gomez,NO,2,LEISURE,1,DESK,black_f,blue,tone_6,suit
P2341,Greta,Watanabe,NO,3,LEISURE,1,DESK,black,black,tone_4,blue
P2342,Yasmin,Kaminski,NO,1,LEISURE,1,ONLINE,black_f,black,tone_4,blue
P2343,Benjamin,Chopra,NO,1,LEISURE,1,KIOSK,brunette,black,tone_2,suit
P2344,Ming,Taylor,NO,1,BUSINESS,1,ONLINE,black,blue,tone_1,olive+green
P2345,Amelia,Choi,YES,6,FAMILY,2,KIOSK,black,black,tone_4,red
P2346,Taylor,Foster,NO,3,SOLO,2,ONLINE,brunette_f,blue,tone_1,red
P2347,Obinna,Watson,NO,2,LEISURE,0,DESK,blonde_f,black,tone_6,olive+green
P2348,Ali,Thomas,NO,1,LEISURE,1,DESK,brunette,black,tone_4,suit
P2349,Chidi,Thompson,NO,1,BUSINESS,1,ONLINE,blonde,black,tone_3,red
P2350,Vihaan,Zhang,NO,2,LEISURE,1,ONLINE,black_f,black,tone_2,olive+green
P2351,Jamie,Bianchi,NO,1,FAMILY,2,DESK,black_f,blue,tone_4,suit
P2352,Salma,Bailey,NO,1,FAMILY,2,DESK,brunette_f,black,tone_2,suit
P2353,Ali,Huang,NO,1,LEISURE,0,KIOSK,blonde_f,blue,tone_6,blue
P2354,Luca,Hall,NO,2,FAMILY,3,DESK,black,blue,tone_5,suit
P2355,Ruby,Okafor,YES,5,SOLO,1,ONLINE,black,black,tone_1,olive+green
P2356,Eoin,Watanabe,YES,9,LEISURE,1,DESK,brunette,black,tone_3,olive+green
P2357,Alejandro,Yang,YES,9,FAMILY,3,DESK,brunette_f,black,tone_4,olive+green
P2358,Emeka,Sharma,NO,1,BUSINESS,1,DESK,black_f,blue,tone_6,blue
P2359,Louis,Kone,NO,2,LEISURE,0,KIOSK,black,black,tone_3,olive+green
P2360,Niamh,Huynh,NO,2,BUSINESS,0,ONLINE,blonde,black,tone_5,blue
P2361,Daichi,Le,NO,2,LEISURE,1,KIOSK,black,blue,tone_5,blue
P2362,Oliver,Ferrari,YES,5,BUSINESS,1,ONLINE,brunette,blue,tone_2,blue
P2363,Aarav,Suzuki,NO,3,LEISURE,2,KIOSK,black_f,blue,tone_3,red
P2364,Aiko,Foster,NO,2,FAMILY,3,KIOSK,blonde_f,black,tone_2,suit
P2365,Abena,Walsh,NO,2,FAMILY,2,KIOSK,blonde,black,tone_5,suit
P2366,Minji,Kim,NO,2,BUSINESS,1,ONLINE,brunette_f,blue,tone_3,red
P2367,Valentina,Green,YES,9,FAMILY,3,DESK,brunette,black,tone_5,blue
P2368,Diya,Tran,NO,2,FAMILY,2,DESK,black_f,blue,tone_6,blue
P2369,Gurleen,White,NO,2,BUSINESS,1,ONLINE,black,black,tone_6,red
P2370,Khalid,Reed,YES,6,BUSINESS,0,ONLINE,black,black,tone_1,olive+green
P2371,Charlie,Rodriguez,NO,1,LEISURE,1,DESK,brunette_f,black,tone_2,blue
P2372,Leo,Nasser,NO,1,LEISURE,1,DESK,black,black,tone_6,olive+green
P2373,Ahmed,Scott,YES,8,LEISURE,1,ONLINE,black,black,tone_6,suit
P2374,James,Taylor,NO,3,BUSINESS,0,ONLINE,brunette_f,blue,tone_4,suit
P2375,Sam,Green,NO,1,FAMILY,1,DESK,blonde,blue,tone_2,suit
P2376,Ama,Shah,NO,2,FAMILY,2,KIOSK,brunette_f,blue,tone_3,suit
P2377,Amara,Lewandowski,NO,2,FAMILY,3,KIOSK,black_f,blue,tone_1,red
P2378,Yasmin,Asante,NO,1,FAMILY,2,KIOSK,blonde_f,black,tone_6,suit
P2379,Mia,Foster,NO,1,LEISURE,1,ONLINE,blonde_f,blue,tone_4,red
P2380,Joon,Vu,NO,2,FAMILY,2,ONLINE,blonde_f,blue,tone_6,olive+green
P2381,Faris,Mensah,NO,1,BUSINESS,1,ONLINE,blonde,black,tone_4,olive+green
P2382,William,Kaminski,NO,2,BUSINESS,0,ONLINE,blonde_f,blue,tone_5,red
P2383,Anja,Patel,NO,1,FAMILY,1,KIOSK,black,blue,tone_2,blue
P2384,Meera,Bailey,NO,2,BUSINESS,1,KIOSK,blonde_f,black,tone_3,olive+green
P2385,Violet,Huynh,NO,1,FAMILY,3,KIOSK,blonde_f,blue,tone_5,red
P2386,Morgan,Chopra,NO,1,BUSINESS,2,ONLINE,black,blue,tone_5,blue
P2387,Jack,Moreau,NO,1,LEISURE,1,DESK,black_f,blue,tone_2,suit
P2388,Quang,Walsh,NO,1,SOLO,1,DESK,brunette,blue,tone_2,red
P2389,Vivaan,Cho,NO,2,LEISURE,1,KIOSK,blonde_f,blue,tone_1,olive+green
P2390,Hao,Saleh,NO,3,SOLO,1,KIOSK,brunette_f,blue,tone_1,red
P2391,George,Campbell,NO,3,LEISURE,1,ONLINE,blonde,blue,tone_4,blue
P2392,George,Nowak,YES,5,FAMILY,2,DESK,brunette,blue,tone_5,suit
P2393,Chloe,Baker,NO,2,LEISURE,1,ONLINE,black_f,blue,tone_5,red
P2394,Jaspreet,Hall,NO,1,LEISURE,1,DESK,blonde_f,black,tone_4,suit
P2395,Marek,Phan,NO,1,BUSINESS,0,ONLINE,blonde,black,tone_4,blue
P2396,Noah,White,NO,2,FAMILY,2,ONLINE,brunette_f,blue,tone_2,suit
P2397,Ali,Xu,NO,1,LEISURE,1,DESK,black,black,tone_3,olive+green
P2398,Haruto,Brar,NO,1,LEISURE,1,ONLINE,blonde,blue,tone_6,blue
P2399,Krish,Tanaka,NO,2,BUSINESS,0,KIOSK,black,blue,tone_1,suit
P2400,Yuna,Rao,YES,8,FAMILY,3,ONLINE,brunette,blue,tone_4,suit
P2401,Declan,Wang,NO,2,BUSINESS,1,ONLINE,black_f,blue,tone_3,olive+green
P2402,Harpreet,Agyeman,NO,3,BUSINESS,1,ONLINE,black,blue,tone_6,suit
P2403,Morgan,Cho,NO,1,BUSINESS,0,ONLINE,black,black,tone_1,blue
P2404,Yasmin,Vu,NO,1,LEISURE,1,DESK,brunette,black,tone_1,blue
P2405,Nadia,Akhtar,NO,3,LEISURE,1,DESK,brunette_f,blue,tone_4,olive+green
P2406,Khalid,Tanaka,NO,1,LEISURE,1,KIOSK,black_f,blue,tone_3,blue
P2407,Imani,Camara,NO,2,BUSINESS,0,DESK,blonde,black,tone_6,suit
P2408,Marek,Jung,NO,2,BUSINESS,1,ONLINE,brunette,blue,tone_3,olive+green
P2409,Ade,Rahman,NO,3,LEISURE,0,ONLINE,brunette,black,tone_5,red
P2410,Molly,Green,NO,2,SOLO,1,ONLINE,brunette_f,blue,tone_3,red
P2411,Faris,Thompson,NO,3,BUSINESS,1,ONLINE,blonde,black,tone_4,suit
P2412,Nia,Bennett,NO,3,LEISURE,2,ONLINE,black_f,blue,tone_1,red
P2413,Jules,Sow,NO,1,LEISURE,1,ONLINE,blonde,blue,tone_2,suit
P2414,Karim,Watson,NO,1,BUSINESS,1,KIOSK,blonde_f,blue,tone_4,suit
P2415,Minho,Williams,NO,1,SOLO,1,ONLINE,brunette,blue,tone_4,suit
P2416,Sakura,Dhillon,NO,2,SOLO,1,ONLINE,brunette,blue,tone_2,blue
P2417,Jordan,Francis,NO,1,BUSINESS,0,DESK,blonde_f,blue,tone_4,red
P2418,Camille,Agyeman,NO,2,FAMILY,3,DESK,brunette_f,blue,tone_6,blue
P2419,Ronan,Ferrari,YES,6,SOLO,1,ONLINE,black,black,tone_5,blue
P2420,Riley,Chopra,NO,2,BUSINESS,0,ONLINE,black,blue,tone_3,olive+green
P2421,Kacper,Khan,NO,1,LEISURE,1,DESK,black,blue,tone_5,suit
P2422,Arjun,Adams,YES,5,BUSINESS,0,ONLINE,black,black,tone_1,blue
P2423,Manpreet,Johnson,NO,3,LEISURE,0,KIOSK,brunette,black,tone_5,olive+green
P2424,Minh,Ferrari,NO,2,BUSINESS,0,KIOSK,black,black,tone_1,suit
P2425,Haruto,Bui,YES,9,SOLO,1,DESK,black,blue,tone_1,blue
P2426,Zofia,Thomas,YES,9,FAMILY,1,KIOSK,brunette_f,blue,tone_4,suit
P2427,Emeka,Mensah,NO,2,LEISURE,1,KIOSK,blonde_f,blue,tone_5,blue
P2428,Kofi,Balogun,NO,1,SOLO,0,DESK,brunette_f,blue,tone_2,red
P2429,Faris,Campbell,NO,1,BUSINESS,0,KIOSK,black,blue,tone_1,olive+green
P2430,Amelia,Collins,NO,1,LEISURE,0,KIOSK,blonde_f,black,tone_5,red
P2431,Femi,Park,NO,1,FAMILY,2,DESK,blonde_f,black,tone_4,red
P2432,Maeve,Wilson,NO,1,BUSINESS,1,ONLINE,brunette_f,blue,tone_4,suit
P2433,Cameron,Nwosu,NO,2,FAMILY,2,KIOSK,blonde,black,tone_4,suit
P2434,Gabriel,Lopez,NO,1,LEISURE,1,ONLINE,brunette,blue,tone_6,blue
P2435,Jonas,Khalil,NO,2,LEISURE,1,DESK,blonde_f,black,tone_4,blue
P2436,Jisoo,Phan,NO,1,LEISURE,0,DESK,black,black,tone_1,red
P2437,Declan,Yamamoto,NO,2,BUSINESS,0,KIOSK,brunette,blue,tone_2,blue
P2438,Karan,Ferrari,NO,1,LEISURE,0,ONLINE,brunette_f,blue,tone_5,suit
P2439,Leon,Stewart,NO,2,LEISURE,1,KIOSK,black,blue,tone_5,blue
P2440,Navdeep,Ahmed,NO,2,FAMILY,2,DESK,brunette_f,black,tone_4,blue
P2441,Yuna,Khan,NO,2,LEISURE,1,DESK,black_f,black,tone_6,suit
P2442,Alfie,Khalil,NO,3,LEISURE,1,ONLINE,blonde,blue,tone_3,red
P2443,Lena,Schmidt,NO,2,LEISURE,1,ONLINE,brunette_f,black,tone_4,olive+green
P2444,Amelia,Liu,NO,3,SOLO,1,KIOSK,brunette,black,tone_6,olive+green
P2445,Violet,Taylor,NO,2,FAMILY,2,KIOSK,black,blue,tone_5,blue
P2446,Jonas,Grant,NO,1,FAMILY,3,DESK,brunette_f,blue,tone_4,suit
P2447,Noah,Phan,NO,1,LEISURE,1,ONLINE,blonde_f,blue,tone_6,red
P2448,Taylor,Brown,YES,7,LEISURE,1,KIOSK,black_f,blue,tone_3,red
P2449,Noah,Traore,NO,2,SOLO,0,DESK,brunette,blue,tone_6,red
P2450,Jasleen,Wu,NO,1,BUSINESS,1,KIOSK,black_f,blue,tone_5,red
P2451,Theo,O'Brien,NO,1,LEISURE,1,DESK,blonde_f,blue,tone_6,suit
P2452,Cian,Reddy,NO,1,LEISURE,1,ONLINE,black,black,tone_6,red
P2453,Anh,Mehta,NO,2,FAMILY,1,KIOSK,black_f,blue,tone_2,suit
P2454,Mateo,Bianchi,NO,1,LEISURE,2,DESK,blonde,black,tone_2,suit
P2455,Casey,Kelly,NO,2,FAMILY,2,KIOSK,black_f,blue,tone_6,olive+green
P2456,Sam,Muller,NO,1,BUSINESS,1,ONLINE,brunette,black,tone_3,blue
P2457,Jasleen,Chopra,NO,2,FAMILY,1,KIOSK,blonde_f,blue,tone_2,olive+green
P2458,Ayana,Parker,NO,1,BUSINESS,0,KIOSK,black_f,blue,tone_6,olive+green
P2459,Jack,Sow,NO,1,FAMILY,2,DESK,black_f,blue,tone_6,blue
P2460,Anh,Smith,NO,1,LEISURE,1,ONLINE,brunette_f,black,tone_1,blue
P2461,Ronan,Adams,NO,2,LEISURE,1,KIOSK,black_f,blue,tone_6,suit
P2462,Georgia,Thomas,NO,2,LEISURE,1,DESK,brunette_f,blue,tone_4,blue
P2463,Obinna,Bose,NO,3,FAMILY,1,DESK,brunette_f,blue,tone_6,olive+green
P2464,Kavya,Robinson,NO,1,FAMILY,2,DESK,black_f,blue,tone_2,red
P2465,Ngozi,Scott,NO,1,LEISURE,1,DESK,brunette,blue,tone_3,red
P2466,Meera,Morgan,NO,2,LEISURE,1,ONLINE,black_f,black,tone_1,red
P2467,Jun,Xu,NO,1,LEISURE,1,ONLINE,blonde_f,black,tone_6,olive+green
P2468,Amara,Kang,NO,3,BUSINESS,1,ONLINE,brunette,blue,tone_1,blue
P2469,Samir,Gomez,NO,1,LEISURE,1,ONLINE,blonde_f,blue,tone_4,olive+green
P2470,Nia,Toure,NO,3,FAMILY,3,DESK,blonde,blue,tone_5,suit
P2471,Faris,Kaminski,NO,1,LEISURE,0,DESK,black,black,tone_4,blue
P2472,Vihaan,Okafor,NO,2,LEISURE,2,DESK,blonde_f,black,tone_2,red
P2473,Jisoo,Richards,NO,2,LEISURE,1,DESK,black_f,black,tone_1,suit
P2474,Cameron,Kumar,NO,2,LEISURE,1,ONLINE,black,blue,tone_6,red
P2475,Georgia,Conti,NO,3,LEISURE,0,DESK,blonde_f,blue,tone_5,olive+green
P2476,Haruto,Sidhu,NO,2,FAMILY,2,KIOSK,black_f,black,tone_4,olive+green
P2477,Sebastian,Hoang,NO,2,LEISURE,2,DESK,blonde,black,tone_6,suit
P2478,Adam,Thompson,NO,1,FAMILY,2,DESK,brunette,black,tone_6,olive+green
P2479,Mandeep,Morgan,NO,3,SOLO,1,KIOSK,black_f,black,tone_5,red
P2480,Priya,Martinez,NO,1,BUSINESS,1,ONLINE,blonde_f,black,tone_1,red
P2481,Omar,O'Brien,NO,1,FAMILY,3,DESK,black,blue,tone_5,olive+green
P2482,Jordan,Nwosu,NO,1,BUSINESS,0,ONLINE,blonde_f,blue,tone_2,suit
P2483,Amara,Russell,NO,3,FAMILY,3,KIOSK,black,blue,tone_2,red
P2484,Kiet,White,NO,3,LEISURE,2,ONLINE,brunette,blue,tone_4,red
P2485,Ava,Owusu,NO,1,LEISURE,1,KIOSK,black_f,blue,tone_3,blue
P2486,Minji,Murphy,NO,1,FAMILY,2,KIOSK,blonde,blue,tone_6,blue
P2487,Diego,Agyeman,YES,5,LEISURE,1,ONLINE,black_f,black,tone_5,red
P2488,Gurleen,Joshi,NO,1,LEISURE,0,ONLINE,black_f,blue,tone_2,olive+green
P2489,Jonas,Esposito,YES,6,BUSINESS,1,ONLINE,black_f,black,tone_6,olive+green
P2490,Nadia,Romano,YES,9,LEISURE,0,DESK,black_f,blue,tone_5,red
P2491,Khalid,Gallagher,NO,2,SOLO,1,DESK,black,black,tone_3,suit
P2492,Greta,Nasser,NO,2,FAMILY,2,DESK,blonde_f,blue,tone_3,blue
P2493,Ananya,Kumar,NO,2,LEISURE,1,DESK,brunette,black,tone_1,suit
P2494,Giulia,Jung,YES,8,LEISURE,2,DESK,brunette,blue,tone_6,blue
P2495,George,Collins,NO,3,FAMILY,3,DESK,blonde,black,tone_2,blue
P2496,Noor,Zhou,NO,1,FAMILY,2,DESK,black_f,black,tone_4,blue
P2497,Arjun,Bamba,NO,1,LEISURE,1,ONLINE,brunette_f,black,tone_3,suit
P2498,Ali,Ryan,NO,2,LEISURE,2,ONLINE,blonde_f,black,tone_2,suit
P2499,George,Adeyemi,NO,2,LEISURE,1,ONLINE,brunette,blue,tone_2,red
P2500,Imani,Dang,NO,1,LEISURE,1,ONLINE,black_f,blue,tone_4,olive+green
P2501,Jules,Huynh,YES,8,BUSINESS,1,ONLINE,brunette_f,black,tone_2,suit
P2502,Neil,Hall,YES,8,LEISURE,1,ONLINE,black_f,blue,tone_2,olive+green
P2503,Ade,Durand,NO,1,LEISURE,1,ONLINE,brunette_f,black,tone_1,red
P2504,Lena,Liu,NO,2,BUSINESS,0,ONLINE,brunette_f,blue,tone_2,blue
P2505,Minh,Kelly,NO,3,FAMILY,3,DESK,brunette,blue,tone_5,red
P2506,Hyejin,Smith,NO,2,LEISURE,0,DESK,black,blue,tone_1,blue
P2507,Isha,Li,NO,2,SOLO,1,ONLINE,blonde,blue,tone_2,olive+green
P2508,Bethany,Conti,NO,2,BUSINESS,1,ONLINE,black_f,black,tone_4,olive+green
P2509,Bao,Anderson,NO,3,BUSINESS,1,ONLINE,black_f,black,tone_5,blue
P2510,Isla,Lopez,NO,2,FAMILY,3,ONLINE,brunette_f,blue,tone_4,suit
P2511,Molly,Ricci,NO,1,LEISURE,1,ONLINE,blonde_f,blue,tone_3,suit
P2512,Chidi,Watson,NO,3,FAMILY,1,DESK,brunette,blue,tone_6,olive+green
P2513,Trang,Yang,NO,3,FAMILY,1,DESK,black_f,blue,tone_5,blue
P2514,Neil,Kapoor,NO,1,FAMILY,3,DESK,brunette_f,black,tone_5,suit
P2515,Oliver,Reed,NO,3,FAMILY,2,DESK,blonde_f,black,tone_1,olive+green
P2516,Hamza,Ahmed,NO,2,LEISURE,1,DESK,black_f,blue,tone_5,red
P2517,Louis,Dubois,NO,3,LEISURE,2,ONLINE,black_f,blue,tone_1,olive+green
P2518,Samir,Malik,NO,1,BUSINESS,1,ONLINE,black_f,black,tone_3,olive+green
P2519,Krish,Watson,NO,1,BUSINESS,0,ONLINE,brunette,black,tone_5,blue
P2520,Hassan,Dubois,NO,1,FAMILY,2,KIOSK,blonde_f,black,tone_2,olive+green
P2521,Luke,Petit,NO,1,LEISURE,1,DESK,blonde_f,black,tone_3,suit
P2522,Ade,Nasser,NO,1,BUSINESS,0,KIOSK,black,black,tone_3,olive+green
P2523,Sakura,Malik,NO,1,FAMILY,2,DESK,black,blue,tone_6,blue
P2524,Yasmin,Yoon,NO,1,LEISURE,1,ONLINE,black,blue,tone_5,blue
P2525,Vivaan,Jackson,NO,2,FAMILY,3,DESK,black_f,black,tone_3,olive+green
P2526,Evie,Mahmood,NO,2,LEISURE,1,DESK,blonde_f,blue,tone_6,suit
P2527,Arjun,Iqbal,YES,6,LEISURE,1,DESK,blonde,blue,tone_5,red
P2528,Tao,Dang,NO,3,FAMILY,2,ONLINE,black,blue,tone_5,red
P2529,Hugo,Zielinski,NO,2,SOLO,0,ONLINE,blonde,blue,tone_2,red
P2530,Kofi,Siddiqui,YES,7,SOLO,1,ONLINE,black_f,blue,tone_6,red
P2531,Tariq,Le,NO,1,FAMILY,1,ONLINE,brunette_f,blue,tone_6,suit
P2532,Theo,Esposito,NO,2,BUSINESS,1,ONLINE,brunette_f,black,tone_6,olive+green
P2533,Riley,Morgan,NO,3,FAMILY,2,DESK,brunette_f,blue,tone_5,suit
P2534,Imani,Morgan,NO,2,FAMILY,3,DESK,black,black,tone_4,olive+green
P2535,Emeka,Durand,NO,2,LEISURE,1,ONLINE,blonde_f,blue,tone_5,red
P2536,Layla,Bianchi,NO,1,BUSINESS,0,ONLINE,blonde,blue,tone_5,olive+green
P2537,Malik,Pham,NO,1,FAMILY,2,DESK,black_f,black,tone_6,olive+green
P2538,Kiet,Vu,YES,10,LEISURE,1,ONLINE,blonde,black,tone_6,blue
P2539,Quang,Foster,NO,1,SOLO,2,ONLINE,brunette_f,blue,tone_1,olive+green
P2540,Daichi,Clarke,NO,1,FAMILY,1,ONLINE,blonde,black,tone_3,red
P2541,Meera,Sidhu,NO,2,LEISURE,1,ONLINE,brunette_f,black,tone_6,olive+green
P2542,Rohan,Zhang,NO,1,BUSINESS,0,ONLINE,brunette_f,blue,tone_2,suit
P2543,Sam,Camara,NO,2,LEISURE,2,DESK,black,black,tone_4,suit
P2544,David,Francis,NO,1,BUSINESS,1,ONLINE,black,black,tone_2,olive+green
P2545,Nari,Bamba,YES,6,FAMILY,2,DESK,brunette_f,black,tone_4,suit
P2546,Ayana,Saleh,NO,2,LEISURE,1,ONLINE,black,black,tone_5,suit
P2547,Charlotte,Shah,NO,1,LEISURE,1,ONLINE,blonde,black,tone_3,blue
P2548,Minji,Byrne,NO,3,SOLO,0,KIOSK,black_f,black,tone_6,blue
P2549,Noor,Le,YES,8,LEISURE,1,KIOSK,blonde,black,tone_3,suit
P2550,Ade,Dhillon,NO,2,FAMILY,3,DESK,blonde_f,blue,tone_3,suit
P2551,Oisin,Ahmed,NO,2,FAMILY,1,KIOSK,black,blue,tone_6,suit
P2552,Joon,Russell,NO,3,LEISURE,1,KIOSK,blonde_f,black,tone_3,suit
P2553,Hassan,Zhou,NO,2,BUSINESS,1,ONLINE,black,black,tone_4,red
P2554,Abena,Bianchi,YES,9,FAMILY,2,DESK,blonde,blue,tone_1,suit
P2555,Lena,Wisniewski,NO,2,LEISURE,2,KIOSK,black_f,blue,tone_6,olive+green
P2556,Yuna,Jimenez,NO,1,SOLO,1,ONLINE,blonde,blue,tone_2,red
P2557,Jelani,Jackson,YES,6,BUSINESS,1,ONLINE,blonde_f,black,tone_3,suit
P2558,Lily,Camara,NO,2,LEISURE,2,KIOSK,blonde,black,tone_3,blue
P2559,Niamh,Parker,NO,1,LEISURE,0,DESK,black_f,blue,tone_2,blue
P2560,Amara,Toure,YES,10,SOLO,0,DESK,blonde_f,blue,tone_4,red
P2561,Rin,Baker,NO,1,SOLO,2,KIOSK,blonde,blue,tone_4,olive+green
P2562,Chidi,Traore,NO,1,SOLO,1,ONLINE,blonde,black,tone_3,blue
P2563,Ama,Ali,NO,1,FAMILY,3,DESK,black_f,black,tone_4,blue
P2564,Emeka,Collins,NO,1,BUSINESS,0,ONLINE,black,blue,tone_3,suit
P2565,Evie,Tran,NO,3,SOLO,0,ONLINE,black_f,black,tone_1,suit
P2566,Jonas,Taylor,NO,3,FAMILY,2,DESK,brunette_f,black,tone_2,red
P2567,Camila,Scott,NO,2,SOLO,1,ONLINE,black,black,tone_4,red
P2568,Harry,Fischer,NO,3,LEISURE,1,KIOSK,brunette_f,blue,tone_2,suit
P2569,Adwoa,Leroy,NO,2,FAMILY,2,KIOSK,blonde_f,black,tone_1,olive+green
P2570,Ananya,Fischer,NO,2,BUSINESS,1,ONLINE,brunette_f,blue,tone_1,blue
P2571,Obinna,Kone,NO,3,BUSINESS,0,ONLINE,brunette_f,blue,tone_1,blue
P2572,Ali,Ricci,NO,2,LEISURE,1,DESK,black_f,black,tone_1,suit
P2573,Noah,Williams,YES,6,LEISURE,2,ONLINE,brunette,black,tone_2,suit
P2574,Sophie,Pham,NO,1,BUSINESS,1,ONLINE,brunette,blue,tone_1,olive+green
P2575,Jun,Foster,NO,2,LEISURE,1,ONLINE,black,black,tone_6,suit
P2576,Arthur,Ito,NO,3,FAMILY,2,DESK,brunette,black,tone_3,blue
P2577,Ryan,Bamba,NO,1,LEISURE,2,ONLINE,brunette_f,blue,tone_5,olive+green
P2578,Anja,Zhang,YES,7,LEISURE,2,ONLINE,black_f,blue,tone_3,olive+green
P2579,Malik,Adeyemi,NO,2,LEISURE,0,DESK,blonde_f,black,tone_5,red
P2580,Jian,Dhillon,YES,7,BUSINESS,2,KIOSK,black,black,tone_4,olive+green
P2581,Maeve,Hall,NO,3,LEISURE,1,ONLINE,black,black,tone_6,red
P2582,Hassan,Jones,NO,1,LEISURE,1,KIOSK,brunette,black,tone_4,red
P2583,Diego,Iyer,NO,3,LEISURE,1,DESK,black,black,tone_1,blue
P2584,Anja,Sharma,YES,6,LEISURE,1,ONLINE,black_f,black,tone_3,blue
P2585,Sebastian,Boateng,NO,3,LEISURE,1,ONLINE,brunette,black,tone_2,suit
P2586,Declan,Jones,NO,3,BUSINESS,1,ONLINE,blonde_f,black,tone_3,suit
P2587,Charlie,Baker,YES,9,LEISURE,1,DESK,brunette,black,tone_1,suit
P2588,Hugo,Baker,NO,2,FAMILY,3,ONLINE,blonde_f,blue,tone_5,olive+green
P2589,Yuki,Martinez,NO,2,LEISURE,1,ONLINE,blonde_f,blue,tone_1,blue
P2590,Matteo,Ito,NO,1,LEISURE,1,DESK,brunette_f,blue,tone_2,olive+green
P2591,Adam,Huynh,NO,1,LEISURE,1,KIOSK,brunette_f,blue,tone_2,olive+green
P2592,Orla,Gray,NO,2,LEISURE,2,ONLINE,blonde,blue,tone_1,red
P2593,Dhruv,Watson,NO,1,FAMILY,3,KIOSK,brunette_f,blue,tone_3,red
P2594,Aryan,Smith,NO,2,LEISURE,0,ONLINE,black,blue,tone_2,suit
P2595,Rin,Khalil,NO,2,BUSINESS,1,KIOSK,brunette_f,black,tone_6,olive+green
P2596,Chidi,Lee,NO,2,LEISURE,1,KIOSK,brunette_f,blue,tone_3,suit
P2597,Riley,Foster,NO,2,LEISURE,0,DESK,black_f,black,tone_3,red
P2598,Marek,O'Brien,NO,1,LEISURE,1,ONLINE,blonde,black,tone_5,red
P2599,Aarav,Gomez,YES,7,LEISURE,2,KIOSK,blonde,blue,tone_3,suit
P2600,Nadia,Baker,YES,7,LEISURE,1,DESK,blonde,blue,tone_1,olive+green
P2601,Emeka,Suzuki,YES,10,LEISURE,1,DESK,brunette_f,blue,tone_3,suit
P2602,Morgan,Desai,NO,2,LEISURE,0,ONLINE,black,black,tone_6,olive+green
P2603,Aarav,Fofana,NO,2,BUSINESS,1,ONLINE,blonde_f,black,tone_1,red
P2604,Yuna,Gupta,NO,1,BUSINESS,0,ONLINE,brunette,black,tone_6,blue
P2605,Luca,Weber,NO,2,BUSINESS,1,ONLINE,black,blue,tone_6,olive+green
P2606,Akira,Wilson,NO,1,LEISURE,0,DESK,blonde,black,tone_2,olive+green
P2607,Ayaan,Dhillon,NO,2,LEISURE,1,DESK,black_f,blue,tone_1,suit
P2608,Krish,Nasser,NO,2,LEISURE,1,ONLINE,black,black,tone_3,blue
P2609,Khalid,Green,YES,8,BUSINESS,0,ONLINE,black,black,tone_3,blue
P2610,Bao,Okafor,NO,1,LEISURE,1,DESK,brunette,blue,tone_6,olive+green
P2611,Jaspreet,Rao,YES,8,SOLO,1,KIOSK,brunette_f,black,tone_4,red
P2612,Oisin,Kumar,YES,10,SOLO,1,DESK,blonde_f,blue,tone_4,olive+green
P2613,Zain,Zielinski,NO,2,LEISURE,1,ONLINE,blonde_f,blue,tone_4,suit
P2614,Camila,Russell,NO,1,LEISURE,1,ONLINE,black,blue,tone_3,blue
P2615,Gabriel,Muller,NO,1,SOLO,1,ONLINE,black,black,tone_2,suit
P2616,Ronan,Nasser,YES,8,LEISURE,2,DESK,black,black,tone_4,red
P2617,James,Bianchi,YES,8,LEISURE,0,ONLINE,brunette,blue,tone_3,olive+green
P2618,Chloe,Sidhu,NO,2,LEISURE,0,ONLINE,black_f,blue,tone_5,red
P2619,Alfie,Garcia,NO,1,SOLO,0,KIOSK,black_f,blue,tone_1,red
P2620,Adwoa,Perez,NO,3,BUSINESS,1,KIOSK,blonde_f,black,tone_1,blue
P2621,Valentina,Watson,NO,2,LEISURE,0,DESK,blonde_f,blue,tone_3,olive+green
P2622,George,Huang,NO,2,BUSINESS,0,ONLINE,black_f,black,tone_6,olive+green
P2623,Evie,Agyeman,YES,5,BUSINESS,1,ONLINE,black,blue,tone_3,blue
P2624,Sota,Bianchi,YES,8,SOLO,1,DESK,black_f,black,tone_3,blue
P2625,Karim,Bose,YES,7,BUSINESS,0,DESK,black,black,tone_5,red
P2626,Yusuf,Roberts,NO,1,LEISURE,1,DESK,black,blue,tone_4,blue
P2627,Navdeep,Mahmood,NO,1,BUSINESS,1,KIOSK,black,blue,tone_4,blue
P2628,Marco,Lee,NO,1,FAMILY,3,KIOSK,black,blue,tone_2,suit
P2629,Molly,Kang,YES,5,LEISURE,2,ONLINE,black_f,blue,tone_2,suit
P2630,Tunde,Mansour,NO,2,FAMILY,3,DESK,black_f,blue,tone_4,blue
P2631,Johanna,Evans,NO,2,SOLO,0,KIOSK,brunette,blue,tone_2,red
P2632,Luke,Howard,NO,3,LEISURE,1,ONLINE,blonde_f,black,tone_6,suit
P2633,Wei,Bennett,YES,5,LEISURE,0,ONLINE,black_f,blue,tone_6,olive+green
P2634,Rin,Keita,NO,2,LEISURE,1,ONLINE,blonde_f,black,tone_2,red
P2635,Morgan,Sandhu,NO,2,SOLO,1,ONLINE,brunette,black,tone_2,red
P2636,Zain,Rodriguez,NO,2,FAMILY,2,DESK,black_f,blue,tone_4,olive+green
P2637,Jisoo,Jones,NO,3,SOLO,1,ONLINE,brunette,black,tone_6,olive+green
P2638,Victoria,Walker,NO,1,LEISURE,1,KIOSK,brunette,blue,tone_5,suit
P2639,Haruto,Watanabe,NO,1,BUSINESS,1,ONLINE,brunette_f,black,tone_4,suit
P2640,Leo,Lopez,YES,6,LEISURE,2,ONLINE,black,black,tone_4,red
P2641,Noor,Romano,NO,1,LEISURE,1,DESK,brunette_f,blue,tone_3,suit
P2642,Sophie,Ryan,NO,2,LEISURE,1,DESK,blonde_f,black,tone_6,blue
P2643,Niamh,Taylor,NO,1,BUSINESS,0,KIOSK,blonde,black,tone_3,red
P2644,Nadia,Howard,NO,2,FAMILY,2,KIOSK,blonde_f,black,tone_6,suit
P2645,Neil,Iyer,NO,1,BUSINESS,0,ONLINE,blonde_f,black,tone_1,olive+green
P2646,Nathan,Vu,NO,2,LEISURE,1,KIOSK,blonde_f,black,tone_5,suit
P2647,Morgan,Brown,NO,3,LEISURE,1,ONLINE,brunette,black,tone_5,blue
P2648,Kabir,Park,NO,2,LEISURE,1,KIOSK,brunette_f,black,tone_2,blue
P2649,Neil,Takahashi,NO,2,LEISURE,2,DESK,black,blue,tone_1,suit
P2650,Kofi,Muller,NO,1,LEISURE,1,ONLINE,blonde,black,tone_5,red
P2651,Harriet,Li,NO,1,BUSINESS,0,KIOSK,black,black,tone_3,olive+green
P2652,Isabella,Green,NO,3,SOLO,1,DESK,brunette_f,black,tone_5,red
P2653,Ama,Adeyemi,NO,1,LEISURE,1,KIOSK,brunette,black,tone_3,suit
P2654,Casey,Mansour,NO,1,LEISURE,0,KIOSK,blonde_f,blue,tone_1,red
P2655,Thomas,Scott,NO,1,BUSINESS,1,ONLINE,black_f,black,tone_4,suit
P2656,Alfie,Petit,NO,1,BUSINESS,1,ONLINE,brunette_f,blue,tone_2,red
P2657,Giulia,Brown,NO,2,LEISURE,1,KIOSK,black_f,blue,tone_6,olive+green
P2658,Arthur,Kim,NO,2,BUSINESS,1,KIOSK,black,black,tone_2,olive+green
P2659,Yusuf,Taylor,NO,3,FAMILY,1,DESK,brunette_f,black,tone_4,olive+green
P2660,Riley,Dhillon,NO,1,LEISURE,0,ONLINE,brunette,black,tone_1,suit
P2661,Diego,Petit,NO,2,LEISURE,2,ONLINE,brunette,blue,tone_1,red
P2662,Ren,Clarke,NO,3,LEISURE,1,DESK,brunette,blue,tone_4,olive+green
P2663,Johanna,Agyeman,NO,1,LEISURE,1,KIOSK,black,black,tone_5,blue
P2664,Kofi,Young,NO,1,BUSINESS,0,KIOSK,brunette,black,tone_1,blue
P2665,Amrit,Iyer,NO,2,SOLO,1,ONLINE,brunette,blue,tone_2,olive+green
P2666,Dev,Cho,NO,3,BUSINESS,0,DESK,blonde_f,blue,tone_1,blue
P2667,Oisin,Zhou,YES,6,FAMILY,2,KIOSK,blonde,black,tone_1,red
P2668,Anja,Ruiz,NO,1,LEISURE,1,KIOSK,brunette,black,tone_3,red
P2669,Navdeep,Kowalski,NO,2,LEISURE,1,KIOSK,black_f,black,tone_2,olive+green
P2670,Veer,Okafor,NO,2,LEISURE,1,ONLINE,blonde_f,blue,tone_3,red
P2671,Samar,Toure,NO,3,SOLO,1,ONLINE,blonde,black,tone_2,suit
P2672,Ayaan,Roberts,YES,5,LEISURE,1,ONLINE,brunette_f,black,tone_5,suit
P2673,Aaliyah,Perez,NO,2,LEISURE,0,ONLINE,black,black,tone_4,red
P2674,Yuki,Boateng,NO,2,SOLO,0,ONLINE,brunette_f,blue,tone_1,olive+green
P2675,Kabir,Lee,NO,1,FAMILY,2,DESK,brunette,black,tone_3,blue
P2676,Aiko,Esposito,NO,1,BUSINESS,1,ONLINE,blonde_f,blue,tone_2,suit
P2677,Nathan,Malik,NO,1,LEISURE,1,ONLINE,brunette_f,blue,tone_1,blue
P2678,Lily,Owusu,NO,1,LEISURE,0,ONLINE,black,blue,tone_1,blue
P2679,Sebastian,Nwosu,YES,10,LEISURE,1,ONLINE,brunette,blue,tone_6,suit
P2680,Kacper,Gill,NO,1,LEISURE,2,KIOSK,brunette,black,tone_5,blue
P2681,Victoria,Schmidt,NO,2,FAMILY,2,DESK,brunette,black,tone_2,red
P2682,Riley,Kapoor,NO,2,LEISURE,1,ONLINE,brunette,blue,tone_3,blue
P2683,Emeka,Keita,YES,5,LEISURE,1,ONLINE,brunette_f,blue,tone_4,suit
P2684,Manpreet,Bui,NO,2,SOLO,1,ONLINE,black_f,black,tone_3,red
P2685,Samir,Carter,NO,1,BUSINESS,1,DESK,brunette_f,black,tone_2,blue
P2686,Orla,Sanchez,NO,3,FAMILY,2,KIOSK,black_f,black,tone_3,blue
P2687,Theo,Chen,NO,1,BUSINESS,1,ONLINE,black_f,blue,tone_3,olive+green
P2688,Thao,Mensah,NO,1,LEISURE,1,ONLINE,black_f,blue,tone_6,suit
P2689,Alessia,Kowalski,NO,2,FAMILY,1,DESK,brunette_f,black,tone_4,red
P2690,Muhammad,Jones,NO,1,LEISURE,2,ONLINE,blonde,black,tone_2,suit
P2691,Theo,Stewart,NO,1,LEISURE,0,ONLINE,blonde_f,blue,tone_4,suit
P2692,Ngozi,Nguyen,NO,1,LEISURE,1,ONLINE,brunette,black,tone_3,olive+green
P2693,Femi,Johnson,NO,2,FAMILY,1,DESK,black,blue,tone_2,suit
P2694,Samar,Conti,NO,1,FAMILY,3,DESK,blonde_f,blue,tone_3,red
P2695,Malik,Sow,NO,2,LEISURE,1,ONLINE,brunette_f,blue,tone_6,suit
P2696,Poppy,Kang,NO,2,FAMILY,2,DESK,brunette_f,black,tone_3,olive+green
P2697,Mila,Dhillon,YES,6,LEISURE,1,ONLINE,blonde,black,tone_3,olive+green
P2698,Victoria,Kaminski,YES,10,SOLO,1,DESK,black,blue,tone_1,blue
P2699,Vivaan,Bose,NO,3,FAMILY,1,DESK,black_f,black,tone_4,olive+green
P2700,Cian,Ahmed,NO,3,SOLO,1,ONLINE,black,black,tone_2,red
P2701,Neil,Kone,YES,8,LEISURE,1,KIOSK,blonde,blue,tone_1,suit
P2702,Hamza,Schneider,YES,10,SOLO,1,DESK,brunette,black,tone_6,blue
P2703,Daichi,Dhillon,NO,2,SOLO,1,DESK,brunette,blue,tone_5,blue
P2704,Amrit,Gray,NO,1,BUSINESS,2,ONLINE,black,blue,tone_6,olive+green
P2705,Rahul,Mitchell,NO,2,BUSINESS,0,ONLINE,blonde,blue,tone_4,suit
P2706,Hao,Kaminski,YES,5,BUSINESS,0,DESK,brunette_f,blue,tone_1,blue
P2707,Diego,Wilson,NO,1,LEISURE,0,DESK,black_f,black,tone_3,red
P2708,Sam,Byrne,NO,1,BUSINESS,1,DESK,brunette_f,black,tone_6,red
P2709,Emeka,Grant,NO,2,FAMILY,2,KIOSK,black_f,black,tone_3,suit
P2710,Ishaan,Iqbal,YES,6,FAMILY,2,DESK,blonde_f,blue,tone_3,blue
P2711,Alessia,Huang,NO,1,LEISURE,1,ONLINE,black,black,tone_1,suit
P2712,Luca,Camara,YES,6,LEISURE,2,ONLINE,black_f,black,tone_6,suit
P2713,Theo,Anderson,YES,5,FAMILY,3,DESK,black,blue,tone_6,red
P2714,Henry,Smith,NO,1,FAMILY,2,KIOSK,brunette,blue,tone_6,red
P2715,Sophie,Lopez,NO,2,LEISURE,0,DESK,brunette,black,tone_2,suit
P2716,Georgia,Nasser,YES,10,LEISURE,1,KIOSK,black,black,tone_3,olive+green
P2717,Hyejin,Bamba,YES,5,LEISURE,1,DESK,brunette,black,tone_6,olive+green
P2718,Chloe,Balogun,NO,1,SOLO,1,DESK,brunette_f,black,tone_6,blue
P2719,Tara,Tanaka,YES,6,BUSINESS,1,ONLINE,blonde_f,blue,tone_5,suit
P2720,Reyansh,Sanchez,YES,8,LEISURE,2,DESK,black_f,blue,tone_3,blue
P2721,Dhruv,Kowalski,NO,1,FAMILY,2,KIOSK,black_f,blue,tone_5,suit
P2722,Anja,Yang,NO,1,LEISURE,1,KIOSK,brunette,black,tone_4,blue
P2723,Oliver,Howard,NO,2,LEISURE,2,DESK,blonde_f,black,tone_6,red
P2724,Chloe,Moreau,NO,1,BUSINESS,1,ONLINE,black,blue,tone_1,suit
P2725,Quang,Diallo,NO,1,LEISURE,2,ONLINE,blonde,black,tone_5,suit
P2726,Leo,Williams,NO,1,FAMILY,2,DESK,brunette_f,blue,tone_4,red
P2727,Nhi,Romano,NO,2,SOLO,0,DESK,black_f,blue,tone_5,suit
P2728,Johanna,Mahmood,NO,1,FAMILY,2,KIOSK,blonde_f,black,tone_3,red
P2729,Orla,Morgan,YES,7,LEISURE,1,ONLINE,blonde_f,black,tone_5,red
P2730,Felix,Thompson,NO,1,LEISURE,2,KIOSK,brunette,blue,tone_2,blue
P2731,Abena,Shah,NO,1,SOLO,1,KIOSK,blonde_f,blue,tone_4,suit
P2732,Mandeep,Muller,NO,2,BUSINESS,1,ONLINE,black,black,tone_5,suit
P2733,Arnav,Jackson,NO,1,BUSINESS,1,ONLINE,brunette,blue,tone_5,red
P2734,Hana,Keita,YES,5,LEISURE,0,DESK,blonde_f,blue,tone_5,red
P2735,Kiet,Gray,NO,1,LEISURE,1,KIOSK,black,black,tone_2,suit
P2736,Anh,Leroy,NO,3,BUSINESS,1,ONLINE,blonde_f,blue,tone_2,suit
P2737,James,Chen,NO,1,BUSINESS,2,ONLINE,brunette_f,black,tone_4,red
P2738,Niamh,Rodriguez,YES,5,LEISURE,1,KIOSK,blonde,blue,tone_2,suit
P2739,Femi,Watanabe,NO,3,LEISURE,0,KIOSK,brunette_f,black,tone_4,olive+green
P2740,Vihaan,Taylor,NO,1,FAMILY,3,KIOSK,brunette,blue,tone_3,suit
P2741,Nadia,Mansour,NO,1,LEISURE,0,ONLINE,black_f,blue,tone_6,blue
P2742,Trang,Stewart,YES,9,LEISURE,1,DESK,black_f,blue,tone_3,blue
P2743,Ibrahim,Tran,NO,1,SOLO,1,DESK,black,black,tone_5,red
P2744,Ngozi,Schmidt,NO,1,LEISURE,1,ONLINE,brunette,black,tone_1,olive+green
P2745,Adwoa,Campbell,NO,3,BUSINESS,0,KIOSK,blonde_f,black,tone_4,blue
P2746,Ren,Young,NO,1,FAMILY,3,ONLINE,brunette,black,tone_2,suit
P2747,Michael,Vu,NO,1,LEISURE,1,ONLINE,blonde_f,black,tone_5,olive+green
P2748,Greta,Yoon,YES,7,FAMILY,2,ONLINE,blonde_f,black,tone_2,olive+green
P2749,George,Traore,NO,2,FAMILY,2,DESK,brunette_f,black,tone_1,blue
P2750,Meera,Khalil,NO,2,BUSINESS,0,ONLINE,blonde_f,black,tone_2,red
P2751,Joon,Kone,NO,3,LEISURE,1,ONLINE,blonde,blue,tone_6,red
P2752,Kenji,Campbell,YES,10,LEISURE,0,DESK,blonde_f,blue,tone_6,blue
P2753,Luca,Iyer,NO,3,LEISURE,1,DESK,black_f,blue,tone_4,blue
P2754,Harpreet,Campbell,NO,1,BUSINESS,0,ONLINE,black,blue,tone_5,suit
P2755,Eoin,Williams,NO,2,LEISURE,1,ONLINE,blonde,blue,tone_4,olive+green
P2756,Tariq,Kelly,NO,3,FAMILY,3,KIOSK,blonde,blue,tone_4,red
P2757,Imani,Okafor,NO,1,SOLO,0,ONLINE,brunette_f,blue,tone_3,suit
P2758,Imran,Schmidt,YES,7,FAMILY,2,ONLINE,blonde,blue,tone_2,olive+green
P2759,Valentina,Rossi,NO,1,FAMILY,2,KIOSK,blonde_f,black,tone_4,blue
P2760,Hyejin,Toure,NO,1,LEISURE,1,ONLINE,brunette,black,tone_2,olive+green
P2761,Maeve,Richards,NO,2,FAMILY,3,ONLINE,blonde,blue,tone_6,suit
P2762,Diya,Martinez,YES,6,SOLO,1,DESK,black,blue,tone_1,olive+green
P2763,Noor,Robinson,NO,2,BUSINESS,1,ONLINE,blonde_f,blue,tone_5,olive+green
P2764,Yusuf,Malhotra,NO,2,LEISURE,0,DESK,blonde_f,black,tone_4,red
P2765,Lucie,Richards,NO,1,FAMILY,3,ONLINE,brunette,blue,tone_1,red
P2766,Ronan,Watanabe,NO,1,FAMILY,3,KIOSK,brunette_f,black,tone_3,red
P2767,Michael,Ferrari,NO,1,LEISURE,1,ONLINE,brunette_f,black,tone_3,blue
P2768,Priya,Yamamoto,NO,2,FAMILY,2,KIOSK,blonde_f,black,tone_6,blue
P2769,Simran,White,NO,2,BUSINESS,0,DESK,blonde_f,blue,tone_3,red
P2770,Poppy,Ruiz,NO,1,BUSINESS,1,KIOSK,black_f,blue,tone_6,red
P2771,Marek,Kaminski,NO,1,LEISURE,2,KIOSK,black,black,tone_6,red
P2772,Dhruv,Wu,NO,3,SOLO,2,KIOSK,black,black,tone_4,suit
P2773,Kiet,Carter,NO,2,LEISURE,1,ONLINE,blonde_f,black,tone_2,blue
P2774,Jack,Russell,NO,1,LEISURE,1,DESK,blonde,black,tone_5,blue
P2775,Diego,Wisniewski,NO,2,LEISURE,1,KIOSK,blonde,black,tone_5,red
P2776,Mariam,Sandhu,NO,1,FAMILY,2,DESK,black,black,tone_6,blue
P2777,Riley,Wang,YES,8,FAMILY,3,DESK,brunette,blue,tone_5,red
P2778,Ryan,Chopra,NO,2,BUSINESS,1,ONLINE,black_f,black,tone_5,suit
P2779,Ming,Li,NO,1,LEISURE,1,ONLINE,blonde,blue,tone_5,red
P2780,Mila,Owusu,NO,3,BUSINESS,0,ONLINE,blonde_f,black,tone_5,suit
P2781,Dhruv,Zielinski,NO,1,LEISURE,1,DESK,black,black,tone_5,suit
P2782,Manpreet,Cho,NO,1,SOLO,1,ONLINE,blonde_f,blue,tone_2,red
P2783,Tomasz,Keita,NO,1,LEISURE,2,KIOSK,black_f,blue,tone_4,red
P2784,William,Malik,NO,2,LEISURE,1,KIOSK,black_f,black,tone_2,olive+green
P2785,Arthur,Toure,NO,2,BUSINESS,1,ONLINE,blonde,blue,tone_2,olive+green
P2786,Michael,Mahmood,NO,1,LEISURE,2,ONLINE,brunette_f,blue,tone_1,red
P2787,Evie,Taylor,NO,1,LEISURE,0,ONLINE,blonde_f,blue,tone_3,blue
P2788,Aditya,Foster,NO,2,LEISURE,1,ONLINE,brunette_f,black,tone_1,olive+green
P2789,Ava,Bose,NO,2,LEISURE,2,ONLINE,brunette_f,blue,tone_3,olive+green
P2790,Ayana,Reddy,NO,2,BUSINESS,1,ONLINE,blonde_f,blue,tone_4,olive+green
P2791,Ronan,Stewart,NO,2,LEISURE,1,KIOSK,blonde_f,black,tone_4,suit
P2792,Jisoo,Martinez,YES,8,BUSINESS,0,ONLINE,black,blue,tone_4,red
P2793,Ella,Jung,NO,2,BUSINESS,0,KIOSK,brunette_f,blue,tone_2,suit
P2794,Felix,Schmidt,NO,1,LEISURE,1,KIOSK,black,black,tone_5,suit
P2795,Kiet,Clarke,NO,2,FAMILY,3,DESK,blonde,black,tone_4,suit
P2796,Sebastian,Leroy,NO,1,LEISURE,2,KIOSK,brunette_f,black,tone_6,olive+green
P2797,Mandeep,Gupta,NO,2,FAMILY,2,KIOSK,black,black,tone_2,olive+green
P2798,Ananya,Garcia,NO,2,SOLO,1,DESK,black_f,blue,tone_2,suit
P2799,Chidi,Kelly,NO,1,LEISURE,1,ONLINE,black_f,blue,tone_4,blue
P2800,Khalid,Fofana,YES,9,LEISURE,1,DESK,black_f,blue,tone_1,suit
P2801,Ama,Ito,YES,6,LEISURE,1,KIOSK,brunette_f,black,tone_3,olive+green
P2802,Isha,Stewart,NO,2,LEISURE,0,DESK,black,black,tone_5,red
P2803,Femi,Wright,YES,9,FAMILY,2,ONLINE,blonde,blue,tone_1,red
P2804,Ren,Gray,NO,2,SOLO,0,DESK,brunette_f,blue,tone_1,red
P2805,Obinna,Campbell,NO,1,LEISURE,1,DESK,blonde_f,blue,tone_5,suit
P2806,Anja,Gallagher,NO,2,FAMILY,2,ONLINE,brunette,blue,tone_1,suit
P2807,Hassan,Schneider,NO,1,FAMILY,1,DESK,blonde,black,tone_6,blue
P2808,Riley,Nguyen,NO,1,LEISURE,0,KIOSK,black_f,black,tone_2,olive+green
P2809,Mateo,Schmidt,NO,1,SOLO,2,DESK,blonde,blue,tone_1,red
P2810,Ahmed,Kumar,NO,3,LEISURE,1,ONLINE,black_f,black,tone_4,red
P2811,Grace,Wilson,YES,5,LEISURE,0,ONLINE,brunette,black,tone_5,red
P2812,Karan,Green,NO,1,FAMILY,1,ONLINE,brunette,black,tone_5,olive+green
P2813,Gurleen,Moreau,YES,5,FAMILY,2,DESK,black_f,blue,tone_2,red
P2814,Ming,Mitchell,NO,2,SOLO,0,DESK,brunette,black,tone_1,olive+green
P2815,Quang,Xu,NO,2,FAMILY,2,KIOSK,brunette,black,tone_1,olive+green
P2816,Veer,Martinez,NO,1,FAMILY,2,KIOSK,black_f,blue,tone_3,blue
P2817,Leon,Adams,NO,1,BUSINESS,1,ONLINE,black_f,black,tone_5,suit
P2818,Jaspreet,Wu,NO,2,BUSINESS,0,ONLINE,blonde_f,black,tone_5,suit
P2819,Emeka,Hall,YES,5,BUSINESS,1,ONLINE,black_f,black,tone_4,olive+green
P2820,Ronan,Takahashi,YES,9,BUSINESS,0,DESK,blonde_f,black,tone_3,suit
P2821,Tara,Gupta,NO,2,LEISURE,1,KIOSK,brunette_f,black,tone_5,blue
P2822,Riley,Baker,NO,2,BUSINESS,0,ONLINE,brunette,black,tone_2,blue
P2823,Arjun,Sanchez,NO,1,FAMILY,2,DESK,brunette_f,blue,tone_2,blue
P2824,Ella,Sow,NO,2,SOLO,1,DESK,black_f,black,tone_1,red
P2825,Mai,Doyle,NO,1,SOLO,1,KIOSK,blonde,black,tone_3,olive+green
P2826,Bao,Zhou,NO,1,FAMILY,1,ONLINE,blonde,black,tone_1,olive+green
P2827,Giulia,Fofana,YES,5,BUSINESS,1,ONLINE,black_f,blue,tone_1,olive+green
P2828,Yusuf,Rossi,NO,3,BUSINESS,0,ONLINE,brunette,blue,tone_3,olive+green
P2829,Alessia,Moreau,NO,3,SOLO,2,DESK,black_f,black,tone_4,olive+green
P2830,James,Gallagher,NO,1,BUSINESS,0,DESK,brunette_f,blue,tone_6,suit
P2831,Felix,Wilson,NO,1,LEISURE,1,ONLINE,blonde_f,blue,tone_1,olive+green
P2832,Wei,Khan,NO,2,FAMILY,2,DESK,black,blue,tone_6,red
P2833,Adam,Park,NO,1,BUSINESS,1,DESK,blonde,black,tone_4,olive+green
P2834,Zain,Reddy,NO,1,SOLO,1,ONLINE,brunette_f,blue,tone_6,red
P2835,Hyejin,Lee,YES,7,BUSINESS,0,ONLINE,blonde,blue,tone_6,blue
P2836,Valentina,Clarke,NO,2,BUSINESS,1,KIOSK,brunette,black,tone_4,suit
P2837,Thao,Singh,YES,8,LEISURE,1,ONLINE,brunette_f,black,tone_1,blue
P2838,James,Kone,NO,2,LEISURE,1,ONLINE,brunette_f,black,tone_5,red
P2839,Jonas,Scott,NO,2,LEISURE,1,DESK,brunette,blue,tone_3,blue
P2840,Diego,Saleh,YES,10,FAMILY,2,DESK,brunette,blue,tone_3,olive+green
P2841,Anh,Gray,NO,1,FAMILY,3,ONLINE,blonde_f,black,tone_4,suit
P2842,Hassan,Tran,NO,1,BUSINESS,0,DESK,black,blue,tone_3,blue
P2843,Emily,Schmidt,NO,1,LEISURE,1,ONLINE,black_f,blue,tone_1,olive+green
P2844,Wei,Hall,YES,5,BUSINESS,1,ONLINE,blonde,blue,tone_1,red
P2845,Maeve,Moreau,NO,1,BUSINESS,1,DESK,brunette,blue,tone_1,red
P2846,Giulia,Perez,NO,1,LEISURE,1,ONLINE,black,black,tone_1,red
P2847,Amelia,Bailey,NO,1,LEISURE,1,KIOSK,blonde,blue,tone_1,blue
P2848,Luke,Moreau,YES,9,LEISURE,2,KIOSK,brunette,black,tone_5,red
P2849,Khalid,Bianchi,NO,1,LEISURE,2,DESK,black,blue,tone_2,olive+green
P2850,Jian,Smith,NO,2,FAMILY,3,DESK,brunette,blue,tone_1,red
P2851,Jaspreet,Huang,NO,2,SOLO,1,ONLINE,black,black,tone_1,red
P2852,Jun,Bose,NO,2,LEISURE,1,KIOSK,black_f,blue,tone_2,red
P2853,Bethany,Garcia,NO,2,LEISURE,1,ONLINE,black_f,black,tone_5,red
P2854,Ali,Howard,NO,1,BUSINESS,1,ONLINE,brunette_f,black,tone_6,olive+green
P2855,Priya,Joshi,NO,3,FAMILY,3,DESK,brunette,black,tone_4,suit
P2856,Aiko,Schmidt,YES,6,SOLO,0,DESK,blonde,black,tone_5,red
P2857,Manon,Baker,NO,2,BUSINESS,1,DESK,brunette,black,tone_3,red
P2858,Rahul,Hall,NO,2,BUSINESS,0,KIOSK,black,black,tone_5,blue
P2859,Cameron,Liu,NO,1,LEISURE,1,DESK,blonde,blue,tone_1,blue
P2860,Eoin,Takahashi,NO,1,FAMILY,2,ONLINE,black,black,tone_3,red
P2861,Harpreet,Sanchez,YES,6,LEISURE,2,KIOSK,brunette_f,black,tone_5,suit
P2862,Declan,Zielinski,NO,1,LEISURE,0,ONLINE,brunette,blue,tone_2,suit
P2863,Ishaan,Petit,NO,1,BUSINESS,1,ONLINE,blonde_f,black,tone_3,olive+green
P2864,Cian,Sidhu,NO,3,FAMILY,3,ONLINE,black,blue,tone_4,olive+green
P2865,Amrit,Reed,NO,2,FAMILY,3,DESK,brunette,black,tone_3,olive+green
P2866,Anja,Toure,NO,1,FAMILY,2,DESK,blonde_f,blue,tone_6,red
P2867,Nathan,Ali,NO,1,LEISURE,1,DESK,brunette_f,blue,tone_3,red
P2868,Mateo,Akhtar,NO,2,FAMILY,2,KIOSK,brunette_f,blue,tone_2,olive+green
P2869,Arjun,Collins,NO,2,SOLO,0,DESK,brunette_f,blue,tone_1,olive+green
P2870,Amrit,Doyle,YES,10,FAMILY,2,KIOSK,brunette_f,black,tone_3,red
P2871,Lena,Wang,NO,1,SOLO,1,KIOSK,brunette,black,tone_6,olive+green
P2872,Eoin,Ito,NO,1,FAMILY,2,ONLINE,brunette,blue,tone_5,suit
P2873,Grace,Ricci,NO,3,LEISURE,1,DESK,blonde,black,tone_5,suit
P2874,Priya,Johnson,NO,2,FAMILY,3,DESK,brunette_f,black,tone_6,suit
P2875,Harry,Watson,YES,5,SOLO,0,ONLINE,brunette,blue,tone_5,suit
P2876,Yasmin,Boateng,NO,2,BUSINESS,1,DESK,blonde,blue,tone_1,red
P2877,Evie,Rao,NO,2,FAMILY,2,DESK,blonde_f,blue,tone_2,blue
P2878,Kenji,Vu,NO,1,SOLO,1,KIOSK,blonde,black,tone_3,blue
P2879,Manpreet,Thomas,NO,2,LEISURE,1,DESK,blonde_f,black,tone_4,red
P2880,Jules,Davies,NO,2,FAMILY,2,DESK,blonde_f,black,tone_1,blue
P2881,Alessia,Mitchell,NO,1,LEISURE,1,ONLINE,black_f,black,tone_6,blue
P2882,Kenji,Walsh,NO,2,LEISURE,2,ONLINE,brunette_f,blue,tone_3,blue
P2883,Jelani,Adeyemi,NO,3,SOLO,1,ONLINE,blonde_f,black,tone_4,blue
P2884,Obinna,Petit,NO,2,LEISURE,2,ONLINE,black,black,tone_1,suit
P2885,Giulia,Kone,NO,1,LEISURE,2,ONLINE,black,blue,tone_4,olive+green
P2886,Rin,Bianchi,YES,8,BUSINESS,0,ONLINE,blonde_f,blue,tone_1,olive+green
P2887,Krish,Sandhu,NO,2,LEISURE,1,DESK,blonde_f,blue,tone_5,blue
P2888,Diya,Bamba,NO,1,LEISURE,1,KIOSK,black,black,tone_3,red
P2889,Amara,Zhou,NO,2,SOLO,2,DESK,black,black,tone_5,suit
P2890,Vihaan,Rao,NO,2,BUSINESS,0,KIOSK,black_f,black,tone_6,suit
P2891,Nisha,Sidhu,YES,5,SOLO,1,ONLINE,brunette_f,black,tone_6,blue
P2892,Malik,Mahmood,NO,1,FAMILY,2,ONLINE,black,black,tone_2,olive+green
P2893,Imran,Kumar,NO,1,LEISURE,1,ONLINE,black_f,black,tone_6,blue
P2894,Minho,Kowalski,NO,1,LEISURE,1,DESK,black_f,black,tone_4,olive+green
P2895,Jacob,Adams,NO,1,LEISURE,1,DESK,brunette,black,tone_3,red
P2896,Ronan,Schmidt,NO,1,FAMILY,2,DESK,blonde,blue,tone_1,olive+green
P2897,Bethany,Cho,NO,3,FAMILY,2,DESK,blonde_f,blue,tone_1,suit
P2898,Zofia,Zhou,NO,1,SOLO,1,ONLINE,brunette,blue,tone_5,red
P2899,Phoebe,Sharma,NO,3,FAMILY,2,ONLINE,blonde,blue,tone_3,olive+green
P2900,Arjun,Howard,NO,2,SOLO,1,KIOSK,blonde_f,black,tone_4,olive+green
P2901,Karim,Huang,NO,2,FAMILY,2,DESK,black_f,blue,tone_1,red
P2902,Gurleen,Desai,NO,2,LEISURE,0,KIOSK,black,blue,tone_6,olive+green
P2903,Aarav,Lopez,NO,1,BUSINESS,0,ONLINE,brunette_f,blue,tone_5,red
P2904,Alex,Ferrari,NO,1,LEISURE,1,DESK,brunette,blue,tone_6,suit
P2905,Priya,Lopez,NO,2,LEISURE,2,KIOSK,brunette,blue,tone_3,olive+green
P2906,Georgia,Yamamoto,NO,1,FAMILY,2,KIOSK,black,black,tone_1,suit
P2907,Soyeon,Dang,NO,1,BUSINESS,0,ONLINE,brunette_f,blue,tone_5,suit
P2908,Cameron,Kone,NO,2,LEISURE,1,DESK,black_f,blue,tone_3,olive+green
P2909,Minh,Evans,NO,2,SOLO,1,DESK,blonde,blue,tone_6,blue
P2910,Arnav,Richards,NO,1,LEISURE,1,ONLINE,brunette,black,tone_2,olive+green
P2911,Ming,Kowalski,NO,3,LEISURE,1,ONLINE,blonde,black,tone_5,olive+green
P2912,Sami,Moretti,NO,2,SOLO,1,ONLINE,blonde,blue,tone_6,olive+green
P2913,Harpreet,Perez,NO,1,LEISURE,1,ONLINE,blonde,black,tone_3,blue
P2914,Manpreet,Williams,NO,1,FAMILY,2,DESK,black_f,black,tone_6,suit
P2915,James,Johnson,NO,3,SOLO,1,DESK,blonde_f,blue,tone_1,olive+green
P2916,Alejandro,Pham,YES,6,LEISURE,1,ONLINE,black_f,blue,tone_4,blue
P2917,Luca,Kone,NO,1,SOLO,2,ONLINE,black,black,tone_6,suit
P2918,Benjamin,Traore,NO,1,SOLO,1,KIOSK,black_f,black,tone_5,olive+green
P2919,Aanya,Okafor,NO,1,LEISURE,1,ONLINE,black,black,tone_3,blue
P2920,Faris,Pham,NO,2,SOLO,0,ONLINE,blonde_f,black,tone_6,suit
P2921,Amina,Choi,YES,5,LEISURE,1,ONLINE,black,black,tone_1,olive+green
P2922,Alex,Eze,NO,2,BUSINESS,1,ONLINE,black_f,black,tone_2,suit
P2923,Aaliyah,Ahmed,NO,1,BUSINESS,2,KIOSK,black,black,tone_1,olive+green
P2924,Reyansh,Patel,NO,2,LEISURE,0,DESK,brunette_f,blue,tone_6,red
P2925,Louis,Tran,NO,2,LEISURE,1,ONLINE,brunette_f,black,tone_2,suit
P2926,Rohan,Watanabe,NO,1,LEISURE,0,ONLINE,blonde,black,tone_5,suit
P2927,Louis,Taylor,NO,1,LEISURE,1,DESK,black_f,blue,tone_5,olive+green
P2928,Mila,Mehta,NO,3,LEISURE,1,ONLINE,blonde,black,tone_5,suit
P2929,David,Jung,NO,1,LEISURE,0,KIOSK,black,blue,tone_3,red
P2930,Amelia,Howard,NO,2,LEISURE,1,ONLINE,blonde,black,tone_6,suit
P2931,Marek,Choi,NO,2,LEISURE,1,DESK,blonde,blue,tone_3,suit
P2932,Yuna,Anderson,NO,2,LEISURE,1,ONLINE,blonde_f,blue,tone_5,suit
P2933,Alex,Yang,NO,3,SOLO,2,KIOSK,black,blue,tone_2,suit
P2934,Harriet,Carter,NO,3,BUSINESS,2,DESK,brunette,black,tone_4,olive+green
P2935,Femi,Reed,NO,1,FAMILY,3,ONLINE,black_f,black,tone_5,red
P2936,Kojo,Takahashi,NO,1,FAMILY,3,ONLINE,brunette,black,tone_5,olive+green
P2937,Niklas,Murphy,NO,1,SOLO,1,ONLINE,black_f,blue,tone_4,suit
P2938,Hamza,Ali,YES,7,LEISURE,1,ONLINE,blonde,black,tone_5,suit
P2939,Violet,Walker,NO,1,SOLO,2,KIOSK,blonde,blue,tone_4,olive+green
P2940,Jasleen,Zhang,NO,2,SOLO,1,ONLINE,blonde,blue,tone_2,olive+green
P2941,Harpreet,Bose,NO,1,BUSINESS,1,ONLINE,brunette,black,tone_1,olive+green
P2942,Minho,Muller,NO,1,BUSINESS,0,KIOSK,blonde,black,tone_2,blue
P2943,Thomas,Howard,NO,1,SOLO,2,DESK,brunette,blue,tone_4,suit
P2944,Leon,Ryan,YES,10,FAMILY,3,ONLINE,black,black,tone_2,olive+green
P2945,Declan,Khalil,NO,1,SOLO,1,ONLINE,black,black,tone_2,olive+green
P2946,Kofi,Li,NO,1,BUSINESS,1,ONLINE,black_f,black,tone_5,suit
P2947,Ren,Watanabe,YES,8,LEISURE,1,DESK,blonde,black,tone_3,olive+green
P2948,Cameron,Thompson,NO,2,FAMILY,2,DESK,black_f,blue,tone_4,blue
P2949,Daichi,Reddy,NO,2,LEISURE,0,KIOSK,brunette,black,tone_2,suit
P2950,Harriet,Garcia,YES,9,SOLO,1,DESK,blonde,black,tone_3,suit
P2951,Yusuf,Mensah,NO,2,FAMILY,2,ONLINE,black_f,black,tone_5,blue
P2952,Jasleen,Evans,NO,2,LEISURE,0,ONLINE,black,black,tone_3,red
P2953,Nia,Joshi,NO,1,LEISURE,2,KIOSK,black,blue,tone_4,olive+green
P2954,Cameron,Saleh,YES,8,LEISURE,1,ONLINE,blonde,blue,tone_5,red
P2955,Niklas,Jimenez,NO,1,FAMILY,1,KIOSK,blonde_f,blue,tone_5,olive+green
P2956,Gurleen,Dubois,NO,1,BUSINESS,0,KIOSK,black,blue,tone_3,blue
P2957,Jisoo,Xu,NO,1,SOLO,1,KIOSK,black_f,blue,tone_2,olive+green
P2958,Sota,Reed,YES,5,LEISURE,1,ONLINE,black,black,tone_1,olive+green
P2959,Hannah,Bernard,NO,1,FAMILY,2,DESK,black,blue,tone_4,suit
P2960,Grace,Walsh,NO,1,BUSINESS,0,KIOSK,brunette,black,tone_5,olive+green
P2961,Kavya,Smith,NO,1,LEISURE,1,ONLINE,blonde,blue,tone_5,suit
P2962,Leon,White,NO,2,BUSINESS,1,DESK,blonde,blue,tone_5,blue
P2963,Alex,Romano,NO,2,LEISURE,1,ONLINE,brunette_f,black,tone_3,suit
P2964,Riley,Lewandowski,NO,1,LEISURE,2,ONLINE,brunette,black,tone_3,red
P2965,James,Gray,NO,1,LEISURE,1,ONLINE,brunette,black,tone_2,blue
P2966,Jonas,Keita,YES,7,FAMILY,2,DESK,black_f,black,tone_1,olive+green
P2967,Mia,Tanaka,NO,1,BUSINESS,1,ONLINE,brunette_f,blue,tone_2,blue
P2968,Orla,Takahashi,NO,2,LEISURE,1,ONLINE,black,blue,tone_4,red
P2969,Eoin,Shah,NO,1,LEISURE,1,KIOSK,brunette,black,tone_5,blue
P2970,Samar,Le,NO,2,FAMILY,2,DESK,brunette,blue,tone_5,red
P2971,Jaspreet,Chen,NO,2,LEISURE,0,KIOSK,brunette_f,blue,tone_4,olive+green
P2972,Akira,Romano,NO,2,LEISURE,1,KIOSK,brunette,blue,tone_1,olive+green
P2973,Georgia,Huang,NO,2,LEISURE,0,ONLINE,blonde,blue,tone_5,red
P2974,William,Chen,NO,1,BUSINESS,0,ONLINE,blonde_f,black,tone_5,red
P2975,Declan,Bamba,YES,7,LEISURE,2,DESK,blonde_f,black,tone_4,olive+green
P2976,Sota,Davies,YES,10,FAMILY,3,DESK,black_f,blue,tone_3,olive+green
P2977,Samir,Siddiqui,NO,1,BUSINESS,1,DESK,blonde_f,blue,tone_1,red
P2978,Vivaan,Traore,NO,1,SOLO,1,ONLINE,brunette_f,black,tone_5,olive+green
P2979,Quang,Schmidt,NO,1,LEISURE,2,KIOSK,brunette_f,blue,tone_3,olive+green
P2980,Marek,Bamba,YES,10,FAMILY,2,DESK,black_f,blue,tone_5,blue
P2981,Olivia,Bailey,NO,3,LEISURE,2,ONLINE,black,black,tone_5,blue
P2982,Hannah,Sanchez,NO,2,LEISURE,2,ONLINE,blonde,black,tone_6,olive+green
P2983,Aiko,Mehta,YES,6,FAMILY,2,DESK,brunette,blue,tone_2,suit
P2984,Adam,Kumar,YES,9,BUSINESS,0,DESK,blonde,black,tone_4,red
P2985,Linh,Balogun,NO,2,BUSINESS,0,ONLINE,brunette_f,blue,tone_1,suit
P2986,Mila,Sanchez,NO,1,SOLO,1,ONLINE,brunette,black,tone_4,suit
P2987,Leon,Li,NO,1,FAMILY,3,ONLINE,black_f,black,tone_1,blue
P2988,Giulia,Siddiqui,NO,1,FAMILY,2,KIOSK,brunette,blue,tone_2,suit
P2989,Cian,Kelly,YES,9,LEISURE,1,DESK,black,black,tone_4,blue
P2990,Ava,Yoon,NO,1,LEISURE,1,DESK,blonde,black,tone_2,suit
P2991,Phoebe,Gill,NO,1,BUSINESS,1,KIOSK,brunette,blue,tone_5,olive+green
P2992,Aoife,Kang,YES,6,FAMILY,1,KIOSK,blonde_f,blue,tone_4,blue
P2993,Arjun,Chopra,NO,3,BUSINESS,0,ONLINE,blonde,black,tone_4,red
P2994,Vivaan,Wu,YES,8,SOLO,1,DESK,brunette,blue,tone_1,blue
P2995,Kiet,Collins,YES,8,BUSINESS,1,ONLINE,black_f,black,tone_3,suit
P2996,Mateo,Diallo,NO,1,LEISURE,0,ONLINE,brunette,black,tone_6,suit
P2997,Leon,Esposito,NO,1,LEISURE,0,DESK,brunette,black,tone_4,olive+green
P2998,Luke,Mehta,NO,1,LEISURE,1,ONLINE,brunette,blue,tone_2,blue
P2999,Ayaan,Joshi,YES,6,LEISURE,2,KIOSK,blonde_f,blue,tone_1,blue
P3000,Niamh,Nowak,YES,9,LEISURE,1,ONLINE,blonde_f,black,tone_5,red
P3001,Tara,Gallagher,NO,1,SOLO,1,DESK,black,black,tone_5,suit
P3002,Imran,Camara,NO,2,BUSINESS,1,DESK,brunette,black,tone_4,red
P3003,Harriet,Saleh,YES,5,FAMILY,3,DESK,black,black,tone_1,olive+green
P3004,Nari,Gallagher,NO,1,FAMILY,2,ONLINE,blonde,blue,tone_4,red
P3005,William,Kone,NO,1,FAMILY,2,KIOSK,brunette,black,tone_3,red
P3006,Kacper,Sandhu,NO,1,BUSINESS,1,KIOSK,blonde,black,tone_1,red
P3007,Diego,Scott,YES,7,LEISURE,1,DESK,brunette,blue,tone_3,suit
P3008,Orla,Chopra,NO,1,SOLO,0,DESK,blonde,black,tone_3,red
P3009,Orla,Foster,NO,1,BUSINESS,1,ONLINE,black,black,tone_4,red
P3010,Cian,Adams,NO,2,SOLO,2,KIOSK,blonde_f,blue,tone_4,blue
P3011,Casey,Petit,NO,1,LEISURE,0,DESK,blonde,blue,tone_1,red
P3012,Lena,Yoon,NO,1,LEISURE,1,KIOSK,brunette_f,blue,tone_2,red
P3013,Sophie,Kelly,NO,3,LEISURE,1,ONLINE,blonde,black,tone_4,blue
P3014,Hao,Ito,NO,2,LEISURE,1,KIOSK,blonde_f,blue,tone_3,suit
P3015,Dhruv,Howard,NO,1,FAMILY,2,KIOSK,blonde_f,blue,tone_3,blue
P3016,Oisin,Esposito,NO,1,BUSINESS,1,ONLINE,black_f,black,tone_6,suit
P3017,Ayaan,Foster,NO,1,SOLO,1,KIOSK,blonde_f,black,tone_3,suit
P3018,Sakura,Boateng,NO,1,LEISURE,2,DESK,blonde_f,black,tone_5,blue
P3019,Georgia,Yang,NO,1,LEISURE,2,ONLINE,brunette_f,black,tone_2,olive+green
P3020,Anh,Rodriguez,NO,2,BUSINESS,0,ONLINE,black_f,black,tone_3,olive+green
P3021,Ali,Dang,NO,2,FAMILY,1,ONLINE,black_f,black,tone_5,olive+green
P3022,Imran,Jung,NO,2,BUSINESS,1,ONLINE,black,blue,tone_5,red
P3023,Jelani,Collins,NO,1,LEISURE,2,ONLINE,brunette,blue,tone_1,blue
P3024,Diya,Anderson,NO,1,LEISURE,0,ONLINE,black_f,black,tone_2,olive+green
P3025,Cian,White,NO,1,BUSINESS,1,ONLINE,black,blue,tone_5,blue
P3026,Poppy,Evans,YES,7,BUSINESS,1,KIOSK,black_f,black,tone_6,olive+green
P3027,Emilia,Gill,YES,8,LEISURE,0,DESK,brunette,blue,tone_4,blue
P3028,Niamh,Lopez,NO,1,LEISURE,1,KIOSK,blonde_f,black,tone_6,red
P3029,Maeve,Brar,NO,2,LEISURE,1,KIOSK,blonde_f,black,tone_5,blue
P3030,Ren,Gallagher,NO,2,LEISURE,2,ONLINE,blonde_f,blue,tone_2,suit
P3031,Amrit,Camara,NO,3,SOLO,0,ONLINE,black_f,black,tone_5,suit
P3032,Tara,Leroy,YES,6,SOLO,1,ONLINE,black_f,blue,tone_1,red
P3033,Kofi,Weber,NO,1,LEISURE,1,DESK,brunette,black,tone_5,red
P3034,Matteo,Park,NO,1,SOLO,1,DESK,black,blue,tone_6,olive+green
P3035,Dhruv,Traore,NO,3,BUSINESS,0,ONLINE,blonde,blue,tone_3,olive+green
P3036,Marek,Nowak,NO,1,LEISURE,1,ONLINE,blonde,black,tone_5,suit
P3037,Meera,Liu,NO,2,LEISURE,1,DESK,black,black,tone_1,olive+green
P3038,Benjamin,Murphy,YES,6,FAMILY,3,DESK,blonde,blue,tone_3,blue
P3039,Trang,Schmidt,NO,2,LEISURE,1,KIOSK,brunette_f,black,tone_2,red
P3040,Isla,Kelly,NO,1,SOLO,1,DESK,blonde,black,tone_1,blue
P3041,Imani,Richards,NO,2,LEISURE,1,KIOSK,black,blue,tone_5,blue
P3042,Ahmed,Iyer,NO,1,LEISURE,1,DESK,brunette,black,tone_1,red
P3043,Zain,Li,NO,2,FAMILY,2,DESK,brunette,blue,tone_2,suit
P3044,Mandeep,Evans,NO,3,SOLO,1,ONLINE,blonde_f,black,tone_4,suit
P3045,Alessia,Wright,NO,2,BUSINESS,0,ONLINE,blonde,blue,tone_1,red
P3046,Grace,Iyer,NO,1,LEISURE,0,KIOSK,black,blue,tone_4,blue
P3047,Emeka,Davies,NO,1,LEISURE,2,ONLINE,black,blue,tone_2,olive+green
P3048,Mateo,Bamba,NO,1,LEISURE,0,KIOSK,brunette,blue,tone_3,blue
P3049,Jun,Walsh,NO,2,LEISURE,1,ONLINE,black_f,blue,tone_3,red
P3050,Grace,Kapoor,NO,3,LEISURE,1,KIOSK,black_f,blue,tone_2,blue
P3051,Avery,Williams,NO,1,LEISURE,0,DESK,brunette,black,tone_1,red
P3052,Ruby,Kowalski,NO,1,SOLO,1,KIOSK,black,blue,tone_5,olive+green
P3053,Isabella,Sharma,NO,1,FAMILY,3,KIOSK,brunette_f,blue,tone_3,suit
P3054,Charlotte,Hoang,NO,2,SOLO,1,ONLINE,brunette,black,tone_3,blue
P3055,Yuki,Hoang,NO,1,LEISURE,2,KIOSK,brunette,blue,tone_4,olive+green
P3056,Ayaan,Young,YES,7,FAMILY,2,KIOSK,black_f,blue,tone_3,suit
P3057,Tomasz,Zhou,NO,1,BUSINESS,1,ONLINE,black_f,blue,tone_1,suit
P3058,Morgan,Kapoor,YES,8,BUSINESS,0,ONLINE,black_f,black,tone_4,olive+green
P3059,Daichi,Ali,NO,1,LEISURE,1,KIOSK,blonde_f,blue,tone_5,suit
P3060,Kacper,Agyeman,NO,1,SOLO,1,ONLINE,brunette_f,black,tone_5,red
P3061,Isabella,Sow,NO,2,LEISURE,1,ONLINE,black,blue,tone_3,blue
P3062,Benjamin,Sharma,NO,3,LEISURE,1,DESK,brunette,blue,tone_1,olive+green
P3063,Kenji,Clarke,NO,2,LEISURE,1,DESK,brunette_f,blue,tone_2,blue
P3064,Benjamin,Evans,YES,6,SOLO,0,ONLINE,blonde,blue,tone_3,blue
P3065,Krish,Moreau,NO,1,LEISURE,1,KIOSK,blonde_f,black,tone_2,olive+green
P3066,Minji,Reed,YES,6,SOLO,1,DESK,black_f,black,tone_2,red
P3067,Hannah,Dubois,YES,6,BUSINESS,1,ONLINE,brunette_f,blue,tone_3,suit
P3068,Ryan,Howard,NO,1,LEISURE,1,ONLINE,blonde,blue,tone_4,blue
P3069,Isla,Kaur,YES,10,FAMILY,2,DESK,black,black,tone_6,red
P3070,Layla,Nair,NO,1,LEISURE,1,ONLINE,brunette_f,blue,tone_4,olive+green
P3071,Ronan,Nwosu,YES,6,LEISURE,1,ONLINE,black_f,black,tone_3,blue
P3072,Aoife,Iqbal,NO,3,SOLO,1,DESK,brunette_f,blue,tone_1,suit
P3073,Lily,Bamba,NO,1,LEISURE,2,ONLINE,brunette_f,black,tone_5,suit
P3074,Ryan,Zielinski,YES,7,BUSINESS,0,KIOSK,blonde,black,tone_1,olive+green
P3075,Simran,Hussain,NO,1,LEISURE,1,ONLINE,brunette,black,tone_2,red
P3076,Rohan,Wilson,NO,1,BUSINESS,0,ONLINE,blonde_f,black,tone_1,suit
P3077,Priya,Zielinski,YES,8,FAMILY,2,DESK,blonde,blue,tone_4,olive+green
P3078,Nari,Romano,NO,2,BUSINESS,0,ONLINE,black,blue,tone_5,red
P3079,Muhammad,Bennett,YES,5,BUSINESS,0,ONLINE,black_f,black,tone_4,olive+green
P3080,Ruby,Joshi,NO,1,BUSINESS,0,ONLINE,blonde,black,tone_6,suit
P3081,Yasmin,Kang,NO,1,LEISURE,1,ONLINE,black_f,black,tone_4,suit
P3082,Minji,Gallagher,NO,3,BUSINESS,0,ONLINE,brunette,black,tone_4,olive+green
P3083,Avery,Sow,YES,9,LEISURE,1,ONLINE,black_f,black,tone_1,red
P3084,Oliver,Green,NO,1,BUSINESS,1,ONLINE,blonde,black,tone_3,suit
P3085,Wei,Adeyemi,NO,1,FAMILY,2,ONLINE,blonde,blue,tone_1,red
P3086,Ali,Durand,NO,1,SOLO,1,KIOSK,brunette_f,black,tone_5,blue
P3087,Poppy,Rossi,NO,2,SOLO,1,ONLINE,brunette_f,blue,tone_4,olive+green
P3088,Salma,Ito,NO,1,SOLO,1,KIOSK,blonde_f,blue,tone_5,olive+green
P3089,Chiara,Agyeman,NO,2,SOLO,1,KIOSK,black_f,blue,tone_4,blue
P3090,Neil,Dang,NO,1,FAMILY,2,ONLINE,brunette,blue,tone_3,red
P3091,Ishaan,Phan,NO,1,LEISURE,1,ONLINE,brunette_f,blue,tone_1,blue
P3092,Aaliyah,Reed,NO,2,LEISURE,1,ONLINE,blonde_f,blue,tone_6,suit
P3093,Oisin,Gray,NO,1,LEISURE,1,DESK,brunette,blue,tone_1,blue
P3094,Khalid,Patel,NO,2,LEISURE,1,KIOSK,brunette,black,tone_5,blue
P3095,Tomasz,Carter,NO,1,LEISURE,1,ONLINE,blonde_f,blue,tone_6,blue
P3096,Valentina,Kelly,NO,1,LEISURE,0,ONLINE,blonde,blue,tone_3,suit
P3097,Rohan,Suzuki,NO,2,LEISURE,1,KIOSK,black,blue,tone_4,blue
P3098,Rin,Phan,NO,2,LEISURE,0,ONLINE,black,blue,tone_3,red
P3099,Bao,Green,NO,1,BUSINESS,1,ONLINE,blonde_f,black,tone_1,olive+green
P3100,Ren,Agyeman,NO,1,FAMILY,3,ONLINE,brunette_f,blue,tone_4,red
P3101,Mia,Jones,NO,1,SOLO,1,DESK,blonde,blue,tone_6,olive+green
P3102,Tomasz,Yamamoto,NO,1,BUSINESS,0,KIOSK,blonde_f,black,tone_1,red
P3103,Jasleen,Wright,NO,3,LEISURE,0,DESK,black_f,blue,tone_3,suit
P3104,Joon,Jung,NO,2,BUSINESS,1,ONLINE,brunette,black,tone_3,suit
P3105,Zain,Rossi,NO,1,SOLO,2,KIOSK,brunette,black,tone_5,red
P3106,Yuki,Bamba,YES,10,SOLO,1,KIOSK,brunette,blue,tone_4,olive+green
P3107,Nadia,Bamba,NO,2,SOLO,1,KIOSK,brunette_f,blue,tone_3,olive+green
P3108,Omar,Young,NO,2,BUSINESS,0,ONLINE,brunette_f,blue,tone_4,blue
P3109,Karan,Watson,NO,1,SOLO,0,ONLINE,brunette,blue,tone_1,olive+green
P3110,Wei,Jones,NO,3,LEISURE,1,ONLINE,blonde,black,tone_2,blue
P3111,Ronan,Keita,NO,1,FAMILY,3,KIOSK,brunette_f,black,tone_5,red
P3112,Hassan,Moretti,NO,1,LEISURE,1,ONLINE,blonde,black,tone_5,blue
P3113,Louis,Ali,NO,1,LEISURE,0,ONLINE,black_f,blue,tone_2,blue
P3114,Camille,Verma,NO,3,LEISURE,1,DESK,brunette_f,blue,tone_5,blue
P3115,Sota,Akhtar,NO,1,LEISURE,1,ONLINE,black_f,blue,tone_1,red
P3116,Georgia,White,NO,2,LEISURE,2,KIOSK,blonde_f,black,tone_6,olive+green
P3117,Eoin,Reddy,YES,5,SOLO,2,KIOSK,brunette,blue,tone_3,olive+green
P3118,Poppy,Russell,NO,1,LEISURE,2,DESK,black_f,black,tone_5,suit
P3119,Ama,White,YES,10,BUSINESS,1,DESK,brunette,black,tone_4,red
P3120,Layla,Sanchez,NO,3,FAMILY,2,DESK,blonde,black,tone_3,blue
P3121,David,Iyer,NO,2,LEISURE,2,KIOSK,blonde,black,tone_2,olive+green
P3122,Quang,Mensah,YES,5,LEISURE,1,ONLINE,blonde_f,black,tone_1,suit
P3123,Jacob,Sandhu,NO,1,LEISURE,1,KIOSK,blonde,blue,tone_3,olive+green
P3124,Matteo,Hussain,NO,1,LEISURE,0,KIOSK,blonde,blue,tone_4,suit
P3125,Georgia,Gill,NO,2,SOLO,1,KIOSK,blonde_f,blue,tone_6,red
P3126,Nia,Wang,NO,1,LEISURE,1,ONLINE,black_f,black,tone_4,red
P3127,Jordan,Verma,YES,8,BUSINESS,1,ONLINE,blonde,black,tone_5,olive+green
P3128,Ama,Pham,NO,2,SOLO,1,ONLINE,brunette,black,tone_1,blue
P3129,Cameron,Tran,NO,3,LEISURE,0,DESK,black,black,tone_5,olive+green
P3130,Alejandro,Murphy,NO,2,FAMILY,1,KIOSK,blonde_f,blue,tone_5,olive+green
P3131,Rahul,Iyer,NO,1,SOLO,0,KIOSK,brunette_f,blue,tone_5,blue
P3132,Nadia,Bianchi,YES,7,SOLO,1,ONLINE,blonde_f,blue,tone_3,red
P3133,Khalid,Chen,YES,7,SOLO,0,KIOSK,brunette_f,blue,tone_4,olive+green
P3134,Ava,Gupta,NO,2,BUSINESS,0,KIOSK,brunette,blue,tone_5,red
P3135,Kavya,Muller,NO,3,FAMILY,2,DESK,brunette,black,tone_1,suit
P3136,Aarav,Wu,YES,6,SOLO,2,DESK,brunette,blue,tone_1,olive+green
P3137,Jasleen,Huynh,YES,6,FAMILY,2,DESK,blonde_f,blue,tone_3,blue
P3138,Hana,Mahmood,NO,2,LEISURE,2,DESK,black_f,blue,tone_2,red
P3139,Linh,Kone,NO,2,LEISURE,1,ONLINE,brunette,black,tone_5,red
P3140,Cameron,Davies,NO,1,SOLO,1,ONLINE,brunette,blue,tone_3,blue
P3141,Jakub,Yamamoto,NO,2,LEISURE,2,KIOSK,black_f,blue,tone_3,suit
P3142,Harriet,Pham,NO,1,FAMILY,1,ONLINE,brunette,black,tone_1,blue
P3143,James,Yamamoto,NO,2,LEISURE,2,KIOSK,blonde,black,tone_2,red
P3144,Ngozi,Kapoor,NO,1,BUSINESS,1,ONLINE,brunette_f,blue,tone_1,blue
P3145,Oliver,Tran,NO,3,FAMILY,3,DESK,blonde_f,black,tone_1,blue
P3146,James,Iyer,NO,1,SOLO,2,ONLINE,black,blue,tone_5,blue
P3147,Simran,Mehta,NO,2,LEISURE,0,ONLINE,black,black,tone_5,suit
P3148,Evie,Khalil,YES,10,FAMILY,2,DESK,brunette,blue,tone_6,olive+green
P3149,Jakub,Howard,NO,2,LEISURE,0,DESK,black,blue,tone_3,olive+green
P3150,Nhi,Brar,NO,1,BUSINESS,0,KIOSK,brunette_f,blue,tone_4,suit
P3151,Johanna,Jones,NO,1,LEISURE,0,KIOSK,blonde_f,black,tone_6,blue
P3152,Tao,Ferrari,NO,3,LEISURE,2,ONLINE,brunette_f,blue,tone_3,red
P3153,Thao,Davies,NO,2,FAMILY,1,DESK,brunette,black,tone_3,red
P3154,Phoebe,Foster,YES,7,LEISURE,1,KIOSK,blonde,black,tone_1,blue
P3155,Chiara,Bianchi,NO,3,FAMILY,2,KIOSK,black,black,tone_4,suit
P3156,Imani,Carter,YES,5,BUSINESS,0,ONLINE,brunette,blue,tone_1,red
P3157,Kojo,Rossi,NO,2,LEISURE,2,DESK,brunette_f,black,tone_4,red
P3158,Soyeon,Roberts,NO,2,BUSINESS,0,KIOSK,blonde_f,blue,tone_4,suit
P3159,Charlotte,Saleh,YES,5,SOLO,1,DESK,blonde,blue,tone_3,suit
P3160,Yusuf,Malik,NO,1,BUSINESS,1,ONLINE,black_f,blue,tone_4,blue
P3161,Evie,Hall,NO,2,FAMILY,2,ONLINE,blonde_f,blue,tone_4,olive+green
P3162,Sakura,Romano,NO,3,LEISURE,0,ONLINE,blonde,blue,tone_5,suit
P3163,Hyejin,Keita,NO,2,FAMILY,3,ONLINE,black,black,tone_4,suit
P3164,Manon,Dubois,NO,1,FAMILY,3,DESK,brunette,black,tone_3,blue
P3165,Mia,Petit,NO,1,LEISURE,0,DESK,blonde_f,black,tone_5,olive+green
P3166,James,Okafor,NO,1,FAMILY,3,DESK,brunette_f,black,tone_6,blue
P3167,Yasmin,Wright,NO,1,SOLO,1,DESK,brunette_f,blue,tone_1,olive+green
P3168,Minh,Ryan,NO,2,BUSINESS,1,KIOSK,brunette,blue,tone_6,blue
P3169,James,Takahashi,NO,2,LEISURE,2,DESK,blonde,blue,tone_1,olive+green
P3170,Hannah,Owusu,NO,1,BUSINESS,1,DESK,blonde,blue,tone_5,red
P3171,Grace,Perez,YES,10,SOLO,2,DESK,blonde_f,black,tone_3,olive+green
P3172,Kwame,Stewart,NO,1,LEISURE,2,KIOSK,black_f,blue,tone_1,blue
P3173,Manpreet,Scott,NO,2,SOLO,0,ONLINE,black,blue,tone_4,suit
P3174,Chidi,Gomez,NO,2,BUSINESS,1,ONLINE,brunette_f,black,tone_2,olive+green
P3175,Obinna,Kim,NO,1,LEISURE,0,KIOSK,brunette_f,blue,tone_3,blue
P3176,David,Mensah,NO,2,BUSINESS,1,KIOSK,brunette_f,black,tone_5,suit
P3177,Maeve,Malik,NO,3,LEISURE,2,DESK,brunette_f,black,tone_3,red
P3178,Manon,Weber,YES,5,SOLO,0,KIOSK,brunette,black,tone_6,blue
P3179,Hassan,Bui,NO,1,LEISURE,1,DESK,brunette_f,blue,tone_1,red
P3180,Aryan,Bui,NO,3,LEISURE,1,ONLINE,black,blue,tone_3,olive+green
P3181,Quang,Mansour,NO,2,BUSINESS,0,ONLINE,blonde_f,blue,tone_3,suit
P3182,Tunde,Mehta,YES,5,BUSINESS,1,ONLINE,blonde,black,tone_3,red
P3183,Ananya,Johnson,NO,1,LEISURE,2,DESK,blonde_f,black,tone_5,olive+green
P3184,Ming,Shah,NO,3,BUSINESS,0,KIOSK,blonde_f,blue,tone_1,blue
P3185,Alex,Mehta,NO,1,FAMILY,3,ONLINE,brunette,blue,tone_3,suit
P3186,Nari,Takahashi,NO,2,LEISURE,2,KIOSK,black,blue,tone_1,olive+green
P3187,James,Brar,NO,1,LEISURE,1,ONLINE,blonde,black,tone_2,olive+green
P3188,Nadia,Russell,NO,2,LEISURE,1,DESK,black,black,tone_4,olive+green
P3189,Olivia,Kelly,YES,9,SOLO,1,DESK,blonde_f,black,tone_2,red
P3190,Minh,Chen,NO,1,LEISURE,1,ONLINE,brunette,blue,tone_3,suit
P3191,Hassan,Wu,NO,1,BUSINESS,0,DESK,blonde,blue,tone_5,blue
P3192,Valentina,Dang,NO,1,FAMILY,3,ONLINE,blonde_f,blue,tone_1,red
P3193,Nia,Esposito,NO,1,BUSINESS,1,ONLINE,brunette_f,blue,tone_2,red
P3194,Linh,Pham,NO,3,BUSINESS,0,ONLINE,blonde_f,blue,tone_2,blue
P3195,Isha,Ahmed,YES,7,BUSINESS,1,ONLINE,black,black,tone_2,suit
P3196,Hannah,Sidhu,NO,1,SOLO,1,ONLINE,blonde,blue,tone_6,blue
P3197,Haruto,Clarke,NO,1,LEISURE,1,ONLINE,black,black,tone_5,blue
P3198,Nhi,Siddiqui,YES,9,LEISURE,1,DESK,brunette_f,black,tone_1,red
P3199,Amara,White,YES,6,SOLO,1,ONLINE,blonde_f,black,tone_2,blue
P3200,Chloe,Russell,NO,2,LEISURE,1,ONLINE,blonde,blue,tone_4,red
P3201,Aarav,Bernard,NO,1,SOLO,0,ONLINE,brunette_f,black,tone_4,red
P3202,Sam,Conti,YES,10,LEISURE,1,ONLINE,black_f,black,tone_5,olive+green
P3203,Samir,Moretti,NO,1,LEISURE,0,ONLINE,blonde_f,blue,tone_4,olive+green
P3204,Krish,Anderson,NO,1,SOLO,1,ONLINE,brunette_f,black,tone_4,blue
P3205,Rahul,Bamba,NO,1,BUSINESS,1,ONLINE,brunette,black,tone_4,suit
P3206,Tao,Choi,NO,3,FAMILY,3,DESK,black,blue,tone_3,olive+green
P3207,Harpreet,Young,NO,1,LEISURE,0,KIOSK,brunette,blue,tone_6,blue
P3208,Alessia,Eze,NO,1,LEISURE,0,ONLINE,brunette_f,blue,tone_5,olive+green
P3209,Imran,Watanabe,NO,1,LEISURE,1,KIOSK,brunette_f,blue,tone_3,olive+green
P3210,Sota,Cho,YES,5,BUSINESS,1,ONLINE,blonde,black,tone_4,blue
P3211,Malik,Tanaka,NO,3,LEISURE,1,DESK,blonde,blue,tone_6,red
P3212,Nathan,Russell,YES,9,LEISURE,1,ONLINE,brunette,blue,tone_3,blue
P3213,Bilal,Tran,NO,1,LEISURE,1,KIOSK,black,blue,tone_5,blue
P3214,Oscar,Yang,NO,2,LEISURE,0,KIOSK,black_f,blue,tone_1,blue
P3215,Henry,Hussain,NO,2,FAMILY,2,KIOSK,brunette_f,black,tone_4,suit
P3216,Orla,Choi,YES,5,FAMILY,2,KIOSK,brunette_f,black,tone_1,suit
P3217,Joon,Conti,YES,10,LEISURE,1,ONLINE,blonde,black,tone_1,blue
P3218,Tomasz,Howard,NO,3,LEISURE,1,DESK,brunette,black,tone_4,red
P3219,Ali,Petit,YES,10,FAMILY,3,DESK,blonde_f,black,tone_3,blue
P3220,Salma,Evans,NO,3,LEISURE,2,ONLINE,brunette_f,blue,tone_2,suit
P3221,Adwoa,Richards,NO,1,SOLO,1,KIOSK,blonde,blue,tone_3,olive+green
P3222,Jordan,Reddy,NO,2,SOLO,1,ONLINE,blonde,black,tone_5,suit
P3223,Kenji,Schmidt,NO,1,LEISURE,2,KIOSK,blonde_f,blue,tone_3,red
P3224,Oisin,Bui,NO,2,BUSINESS,0,ONLINE,black,blue,tone_4,olive+green
P3225,Alejandro,Roberts,YES,7,LEISURE,1,ONLINE,black,black,tone_2,blue
P3226,William,Rossi,NO,3,LEISURE,1,KIOSK,black,black,tone_6,red
P3227,Greta,Taylor,YES,8,LEISURE,1,ONLINE,brunette,blue,tone_3,olive+green
P3228,Ali,Bailey,NO,1,LEISURE,1,ONLINE,blonde_f,black,tone_4,suit
P3229,Zuri,Diallo,NO,2,SOLO,2,KIOSK,blonde_f,black,tone_1,blue
P3230,Luca,Wu,NO,1,LEISURE,1,KIOSK,blonde,black,tone_4,blue
P3231,Wei,Desai,NO,2,BUSINESS,0,KIOSK,black,black,tone_5,suit
P3232,Nathan,Lewandowski,NO,2,LEISURE,1,DESK,brunette,blue,tone_6,red
P3233,Sota,Ferrari,NO,1,LEISURE,1,KIOSK,black_f,black,tone_6,suit
P3234,Isha,Fofana,NO,1,LEISURE,1,ONLINE,brunette,blue,tone_1,blue
P3235,Layla,Campbell,NO,1,SOLO,0,KIOSK,blonde_f,blue,tone_2,suit
P3236,Mia,Thompson,NO,2,SOLO,1,DESK,black,black,tone_6,red
P3237,Ayaan,Russell,NO,1,BUSINESS,1,ONLINE,brunette_f,black,tone_1,blue
P3238,Michael,Campbell,YES,10,LEISURE,1,DESK,black,black,tone_5,olive+green
P3239,Aiko,Liu,YES,10,BUSINESS,0,ONLINE,black,blue,tone_6,suit
P3240,Omar,Muller,YES,6,FAMILY,3,KIOSK,black,black,tone_1,red
P3241,Arjun,Brar,NO,2,LEISURE,2,ONLINE,black_f,black,tone_5,suit
P3242,Hugo,Nguyen,YES,6,FAMILY,2,DESK,brunette_f,black,tone_6,blue
P3243,Imran,Ryan,NO,1,LEISURE,1,ONLINE,blonde_f,blue,tone_1,red
P3244,Trang,Ryan,NO,2,BUSINESS,0,ONLINE,blonde,blue,tone_3,red
P3245,Karan,Reed,NO,1,LEISURE,1,ONLINE,blonde_f,blue,tone_2,blue
P3246,Sebastian,Durand,NO,1,LEISURE,1,ONLINE,brunette,black,tone_6,suit
P3247,Olivia,Nair,NO,3,BUSINESS,0,ONLINE,black_f,black,tone_1,red
P3248,Riya,Gupta,NO,2,SOLO,1,ONLINE,black,blue,tone_2,red
P3249,Lily,Zhang,NO,3,FAMILY,2,KIOSK,black_f,black,tone_4,blue
P3250,Theo,Evans,NO,1,LEISURE,2,DESK,brunette_f,blue,tone_6,olive+green
P3251,Nadia,Diallo,NO,1,LEISURE,1,DESK,black,blue,tone_4,blue
P3252,Jonas,Sharma,NO,1,BUSINESS,0,ONLINE,blonde,black,tone_2,red
P3253,Jisoo,Patel,YES,5,LEISURE,1,KIOSK,brunette_f,black,tone_6,suit
P3254,Jordan,Clarke,NO,2,LEISURE,0,ONLINE,blonde_f,blue,tone_4,suit
P3255,Thomas,Young,NO,1,FAMILY,1,KIOSK,black_f,black,tone_6,blue
P3256,Riya,Wang,YES,10,LEISURE,1,ONLINE,blonde_f,blue,tone_3,olive+green
P3257,Hyejin,Davies,NO,1,LEISURE,1,KIOSK,blonde_f,black,tone_5,olive+green
P3258,Akira,Wang,NO,1,LEISURE,0,DESK,brunette,black,tone_6,suit
P3259,Meera,Nowak,YES,10,BUSINESS,0,KIOSK,brunette_f,blue,tone_1,olive+green
P3260,Zofia,Muller,NO,2,FAMILY,2,DESK,brunette,black,tone_3,suit
P3261,Taylor,Adams,NO,2,BUSINESS,0,ONLINE,black_f,black,tone_1,blue
P3262,Leon,Siddiqui,NO,1,LEISURE,0,KIOSK,brunette,black,tone_2,olive+green
P3263,Rahul,Moretti,NO,3,BUSINESS,1,KIOSK,brunette_f,blue,tone_4,suit
P3264,Leon,Brar,YES,6,FAMILY,3,DESK,black_f,black,tone_1,red
P3265,Kiet,Singh,NO,3,SOLO,1,ONLINE,brunette_f,blue,tone_2,blue
P3266,Marek,Smith,NO,1,BUSINESS,2,ONLINE,brunette_f,black,tone_1,olive+green
P3267,Taylor,Rahman,YES,8,FAMILY,2,ONLINE,brunette,black,tone_5,suit
P3268,Sota,Jones,NO,1,SOLO,2,ONLINE,blonde,blue,tone_5,red
P3269,Chiara,Baker,NO,2,BUSINESS,0,ONLINE,black,blue,tone_6,red
P3270,Vivaan,Conti,NO,1,BUSINESS,0,ONLINE,black,blue,tone_5,red
P3271,Salma,Nasser,NO,2,LEISURE,1,KIOSK,black,black,tone_4,olive+green
P3272,Arnav,Petit,NO,1,LEISURE,1,ONLINE,blonde,blue,tone_5,suit
P3273,Victoria,Tanaka,NO,3,BUSINESS,0,ONLINE,brunette_f,blue,tone_5,red
P3274,Mai,Scott,NO,3,LEISURE,0,ONLINE,black,blue,tone_5,suit
P3275,Victoria,Boateng,NO,1,SOLO,2,DESK,blonde,blue,tone_4,olive+green
P3276,George,Rahman,NO,1,BUSINESS,1,ONLINE,brunette,blue,tone_6,blue
P3277,Oliver,Byrne,YES,10,SOLO,1,DESK,brunette_f,blue,tone_1,blue
P3278,Muhammad,Chen,NO,1,SOLO,1,KIOSK,brunette_f,blue,tone_5,red
P3279,Krish,Vu,NO,1,LEISURE,1,DESK,brunette_f,blue,tone_1,suit
P3280,Krish,Chen,NO,3,BUSINESS,1,ONLINE,brunette_f,black,tone_5,red
P3281,Mariam,Ahmed,NO,2,BUSINESS,0,ONLINE,black,black,tone_6,red
P3282,James,Schneider,NO,1,BUSINESS,0,ONLINE,black_f,black,tone_3,blue
P3283,Karim,Gomez,NO,3,SOLO,0,ONLINE,brunette,blue,tone_1,olive+green
P3284,Kiet,Sidhu,NO,1,SOLO,1,ONLINE,brunette,blue,tone_3,blue
P3285,Simran,Brown,NO,2,LEISURE,1,ONLINE,black,blue,tone_3,red
P3286,Hamza,Joshi,NO,2,LEISURE,1,ONLINE,black_f,black,tone_3,blue
P3287,Muhammad,Shah,YES,5,SOLO,1,KIOSK,blonde_f,black,tone_3,red
P3288,Hamza,Zhang,NO,1,FAMILY,2,DESK,black_f,blue,tone_4,blue
P3289,Gabriel,Durand,NO,1,LEISURE,1,ONLINE,brunette_f,black,tone_3,red
P3290,Ella,Schmidt,NO,2,FAMILY,2,KIOSK,blonde_f,black,tone_4,suit
P3291,Kabir,Reed,NO,2,LEISURE,1,ONLINE,brunette,black,tone_2,suit
P3292,Leo,Khan,NO,1,LEISURE,1,DESK,blonde_f,blue,tone_4,olive+green
P3293,Linh,Perez,NO,1,BUSINESS,1,ONLINE,brunette_f,black,tone_2,blue
P3294,Ibrahim,Adams,NO,2,SOLO,1,KIOSK,blonde_f,black,tone_5,olive+green
P3295,Michael,Iyer,NO,2,FAMILY,2,DESK,brunette_f,black,tone_2,olive+green
P3296,Oscar,Joshi,NO,2,BUSINESS,1,ONLINE,black_f,black,tone_1,suit
P3297,Thao,Esposito,YES,10,LEISURE,1,DESK,black,blue,tone_6,red
P3298,Taylor,O'Brien,NO,1,LEISURE,1,ONLINE,black,black,tone_6,blue
P3299,Alex,Vu,NO,1,LEISURE,0,ONLINE,black,blue,tone_1,red
P3300,Vihaan,Romano,NO,2,LEISURE,1,ONLINE,blonde_f,blue,tone_6,red
P3301,Niklas,O'Brien,NO,2,LEISURE,1,DESK,brunette,blue,tone_1,blue
P3302,Ren,Williams,NO,1,BUSINESS,1,ONLINE,blonde,black,tone_4,blue
P3303,Chidi,Ali,NO,2,BUSINESS,1,ONLINE,black_f,black,tone_2,blue
P3304,Vivaan,Muller,NO,1,FAMILY,1,ONLINE,blonde,blue,tone_3,red
P3305,Minh,Wright,NO,1,FAMILY,1,DESK,blonde_f,black,tone_6,suit
P3306,Sebastian,Dubois,YES,10,BUSINESS,0,ONLINE,blonde,blue,tone_4,red
P3307,Abena,Yoon,NO,3,LEISURE,1,ONLINE,brunette,blue,tone_6,olive+green
P3308,Nadia,Richards,NO,2,LEISURE,1,DESK,brunette_f,blue,tone_3,suit
P3309,Linh,Williams,NO,1,BUSINESS,0,ONLINE,black_f,blue,tone_4,blue
P3310,Sophia,Johnson,NO,1,FAMILY,1,ONLINE,blonde_f,black,tone_5,blue
P3311,Luca,Thompson,NO,2,LEISURE,1,DESK,brunette,blue,tone_5,blue
P3312,Lucie,Haddad,NO,3,LEISURE,1,DESK,black_f,black,tone_2,olive+green
P3313,Cameron,Ruiz,NO,1,FAMILY,1,KIOSK,black_f,blue,tone_5,suit
P3314,Samir,Chen,NO,3,LEISURE,1,ONLINE,brunette,black,tone_3,suit
P3315,Valentina,Thompson,NO,1,BUSINESS,0,DESK,brunette,black,tone_6,blue
P3316,Jordan,Balogun,NO,2,SOLO,2,ONLINE,blonde,black,tone_2,red
P3317,Hao,Reddy,NO,1,LEISURE,1,ONLINE,black_f,black,tone_3,blue
P3318,Avery,Zhang,NO,2,LEISURE,0,ONLINE,blonde,blue,tone_4,olive+green
P3319,Mariam,Sidhu,NO,1,SOLO,1,KIOSK,black_f,black,tone_5,olive+green
P3320,Jakub,Zielinski,NO,1,FAMILY,3,DESK,black,black,tone_3,olive+green
P3321,Abena,Mensah,YES,9,LEISURE,1,KIOSK,brunette,black,tone_4,olive+green
P3322,Giulia,Baker,NO,2,LEISURE,2,KIOSK,brunette,black,tone_1,blue
P3323,Niklas,Weber,NO,1,FAMILY,2,DESK,black_f,blue,tone_6,suit
P3324,Daichi,Thompson,NO,2,LEISURE,1,ONLINE,blonde,black,tone_3,suit
P3325,Declan,Garcia,YES,9,LEISURE,1,DESK,brunette,blue,tone_3,olive+green
P3326,Daichi,Li,YES,10,LEISURE,0,KIOSK,black,blue,tone_5,suit
P3327,Leon,Huynh,NO,1,LEISURE,1,DESK,blonde,black,tone_4,blue
P3328,Luke,Ferrari,NO,1,BUSINESS,1,DESK,black_f,blue,tone_1,olive+green
P3329,Ahmed,Young,NO,1,FAMILY,3,KIOSK,blonde_f,blue,tone_3,blue
P3330,Alessia,Wisniewski,NO,2,LEISURE,2,ONLINE,black,black,tone_3,red
P3331,Jelani,Reddy,NO,3,LEISURE,0,KIOSK,brunette,black,tone_2,olive+green
P3332,Malik,Esposito,NO,3,FAMILY,1,DESK,brunette_f,black,tone_4,red
P3333,Daichi,Adeyemi,NO,2,LEISURE,1,ONLINE,blonde_f,blue,tone_5,blue
P3334,Felix,Agyeman,NO,3,BUSINESS,0,ONLINE,brunette_f,black,tone_6,blue
P3335,Oisin,Mahmood,NO,2,LEISURE,1,DESK,black_f,blue,tone_6,suit
P3336,Sakura,Camara,NO,2,BUSINESS,0,KIOSK,black,black,tone_2,blue
P3337,Yasmin,Desai,NO,1,FAMILY,2,DESK,black_f,blue,tone_6,suit
P3338,Nadia,Durand,NO,1,LEISURE,1,ONLINE,blonde_f,black,tone_5,red
P3339,Ming,Nowak,NO,2,LEISURE,1,KIOSK,black,black,tone_6,suit
P3340,Jaspreet,Malik,NO,2,LEISURE,1,KIOSK,brunette,blue,tone_6,olive+green
P3341,Felix,Romano,NO,2,LEISURE,1,KIOSK,black_f,black,tone_2,red
P3342,William,Xu,NO,1,BUSINESS,0,ONLINE,brunette_f,blue,tone_6,suit
P3343,Navdeep,Ricci,NO,1,LEISURE,1,ONLINE,blonde,black,tone_1,suit
P3344,Jules,Mensah,NO,1,FAMILY,2,ONLINE,blonde_f,black,tone_1,red
P3345,Jun,Watson,YES,6,BUSINESS,1,ONLINE,black_f,blue,tone_6,blue
P3346,Mai,Nguyen,NO,3,SOLO,1,KIOSK,black,black,tone_1,olive+green
P3347,Jaspreet,Howard,NO,1,LEISURE,1,ONLINE,brunette_f,black,tone_1,red
P3348,Aryan,Kang,NO,1,LEISURE,1,ONLINE,brunette,blue,tone_1,blue
P3349,Ayaan,Kim,YES,10,FAMILY,2,DESK,brunette_f,blue,tone_4,suit
P3350,Dhruv,Rao,NO,1,SOLO,1,DESK,black_f,black,tone_2,olive+green
P3351,Hassan,Lewandowski,YES,8,LEISURE,1,ONLINE,black_f,black,tone_1,olive+green
P3352,Casey,Tanaka,YES,7,LEISURE,0,KIOSK,blonde_f,black,tone_1,suit
P3353,Simran,Chen,NO,2,BUSINESS,0,KIOSK,blonde_f,black,tone_4,blue
P3354,George,Ali,NO,3,BUSINESS,0,ONLINE,blonde_f,black,tone_3,blue
P3355,Valentina,Wright,YES,8,LEISURE,0,DESK,brunette,black,tone_5,suit
P3356,Emilia,Sanchez,YES,6,LEISURE,0,DESK,brunette,black,tone_5,suit
P3357,Violet,Fischer,NO,2,LEISURE,1,ONLINE,brunette_f,black,tone_5,blue
P3358,Isabella,Taylor,YES,7,FAMILY,3,DESK,black,black,tone_1,suit
P3359,Emilia,Chen,NO,2,LEISURE,0,DESK,blonde_f,blue,tone_3,blue
P3360,Johanna,Tanaka,NO,2,SOLO,0,ONLINE,blonde_f,blue,tone_5,blue
P3361,Mai,Thompson,NO,1,LEISURE,1,DESK,brunette_f,blue,tone_2,blue
P3362,Maeve,Moretti,NO,3,SOLO,1,ONLINE,blonde,black,tone_1,red
P3363,Kabir,Kowalski,NO,1,LEISURE,1,ONLINE,black,blue,tone_6,olive+green
P3364,Isla,Sanchez,YES,8,BUSINESS,0,DESK,black,black,tone_2,red
P3365,Arjun,Wang,NO,2,FAMILY,2,ONLINE,blonde,blue,tone_5,suit
P3366,Minh,Weber,NO,3,SOLO,1,DESK,blonde,blue,tone_2,blue
P3367,Harpreet,Gupta,NO,1,SOLO,0,ONLINE,blonde,blue,tone_2,suit
P3368,Ibrahim,Khalil,NO,1,BUSINESS,0,ONLINE,blonde,black,tone_5,olive+green
P3369,Ade,Roberts,NO,1,LEISURE,2,ONLINE,black_f,black,tone_5,olive+green
P3370,Aiko,Yamamoto,NO,3,LEISURE,2,ONLINE,black_f,blue,tone_1,suit
P3371,Daichi,Russell,NO,2,LEISURE,2,ONLINE,brunette,blue,tone_5,olive+green
P3372,Ryan,Nair,NO,1,FAMILY,3,DESK,black_f,black,tone_4,red
P3373,Louis,Ryan,NO,1,SOLO,1,DESK,blonde_f,blue,tone_4,suit
P3374,Minho,Toure,NO,2,SOLO,1,ONLINE,black,blue,tone_4,blue
P3375,Zain,Taylor,YES,10,LEISURE,1,ONLINE,blonde_f,blue,tone_4,blue
P3376,Aaliyah,Lewandowski,YES,9,SOLO,2,DESK,black_f,blue,tone_5,olive+green
P3377,Chiara,Parker,YES,9,BUSINESS,1,KIOSK,blonde_f,black,tone_5,red
P3378,Riya,Okafor,NO,1,FAMILY,3,KIOSK,brunette_f,blue,tone_2,olive+green
P3379,Chloe,Liu,NO,1,LEISURE,1,KIOSK,black_f,black,tone_4,suit
P3380,Nhi,Young,NO,1,FAMILY,1,ONLINE,black_f,blue,tone_4,suit
P3381,Kenji,Suzuki,NO,1,LEISURE,1,DESK,black_f,black,tone_4,olive+green
P3382,Theo,Gray,NO,1,LEISURE,0,DESK,brunette,blue,tone_3,olive+green
P3383,George,Taylor,NO,2,BUSINESS,0,KIOSK,blonde,blue,tone_1,blue
P3384,Yusuf,Boateng,NO,1,SOLO,1,ONLINE,brunette_f,blue,tone_6,suit
P3385,Zain,Kaminski,NO,1,SOLO,1,KIOSK,black_f,black,tone_3,suit
P3386,Mei,Reed,NO,1,BUSINESS,1,ONLINE,blonde,black,tone_5,olive+green
P3387,Kenji,Asante,NO,1,BUSINESS,0,ONLINE,brunette_f,black,tone_2,blue
P3388,Dhruv,Gill,NO,1,FAMILY,2,KIOSK,black,black,tone_6,blue
P3389,Sakura,Taylor,YES,5,BUSINESS,0,ONLINE,black_f,blue,tone_6,olive+green
P3390,Ali,Bernard,NO,1,LEISURE,1,DESK,brunette_f,black,tone_2,red
P3391,Wei,Mansour,NO,1,FAMILY,2,ONLINE,black,black,tone_1,blue
P3392,Poppy,Bernard,NO,3,SOLO,1,ONLINE,black_f,black,tone_4,suit
P3393,Morgan,Bennett,NO,2,FAMILY,1,DESK,black_f,blue,tone_4,blue
P3394,Aarav,Foster,NO,2,LEISURE,1,KIOSK,black_f,black,tone_3,red
P3395,Ibrahim,Green,YES,10,SOLO,1,DESK,brunette_f,black,tone_2,olive+green
P3396,Jisoo,Zhang,NO,2,LEISURE,2,KIOSK,blonde,black,tone_2,suit
P3397,Oliver,Ali,NO,2,BUSINESS,1,ONLINE,brunette_f,black,tone_3,red
P3398,Luke,Wright,NO,1,LEISURE,0,ONLINE,blonde_f,black,tone_6,olive+green
P3399,Victoria,Howard,NO,1,BUSINESS,0,DESK,blonde_f,blue,tone_6,olive+green
P3400,Kavya,Sandhu,NO,2,SOLO,1,ONLINE,black,black,tone_6,suit
P3401,Violet,Vu,NO,2,LEISURE,0,KIOSK,brunette_f,black,tone_6,olive+green
P3402,Lily,Balogun,YES,9,BUSINESS,1,KIOSK,blonde_f,black,tone_1,red
P3403,Trang,Taylor,NO,2,FAMILY,2,DESK,black_f,black,tone_3,olive+green
P3404,Khalid,Phan,NO,2,BUSINESS,1,ONLINE,black_f,black,tone_1,suit
P3405,Aanya,Nwosu,NO,1,LEISURE,1,KIOSK,blonde_f,blue,tone_3,suit
P3406,Orla,Ito,NO,1,BUSINESS,0,KIOSK,blonde,black,tone_2,suit
P3407,Abena,Cho,NO,1,LEISURE,0,DESK,brunette_f,black,tone_5,olive+green
P3408,Ren,Taylor,NO,1,LEISURE,0,KIOSK,brunette_f,blue,tone_4,suit
P3409,Zuri,Pham,YES,6,LEISURE,1,DESK,brunette_f,blue,tone_6,olive+green
P3410,Hugo,Lopez,YES,8,SOLO,1,KIOSK,black_f,black,tone_2,blue
P3411,Tomasz,Davies,NO,2,LEISURE,2,KIOSK,black,blue,tone_4,red
P3412,Mai,Bianchi,NO,1,FAMILY,3,KIOSK,blonde_f,blue,tone_3,olive+green
P3413,Jaspreet,Suzuki,NO,1,LEISURE,1,ONLINE,brunette,blue,tone_4,red
P3414,Jacob,Campbell,NO,2,LEISURE,1,ONLINE,brunette_f,black,tone_6,blue
P3415,Amrit,Adams,NO,3,LEISURE,0,DESK,blonde,blue,tone_6,blue
P3416,Violet,Keita,NO,1,BUSINESS,1,KIOSK,black_f,blue,tone_4,blue
P3417,Ren,Wright,NO,1,FAMILY,3,ONLINE,black,blue,tone_4,red
P3418,Kavya,Yang,NO,1,FAMILY,2,ONLINE,blonde_f,blue,tone_1,red
P3419,Jian,Kone,NO,3,BUSINESS,2,ONLINE,brunette,blue,tone_4,suit
P3420,Henry,Balogun,NO,1,BUSINESS,1,ONLINE,blonde_f,blue,tone_3,suit
P3421,Femi,Tanaka,NO,2,LEISURE,0,ONLINE,blonde_f,black,tone_5,red
P3422,Nathan,Young,NO,1,SOLO,0,KIOSK,brunette_f,blue,tone_3,blue
P3423,Theo,Jones,NO,3,LEISURE,1,ONLINE,blonde,blue,tone_4,olive+green
P3424,Orla,Ryan,NO,1,BUSINESS,0,KIOSK,blonde,blue,tone_3,blue
P3425,Rahul,Thomas,NO,1,LEISURE,1,ONLINE,black,black,tone_2,red
P3426,Priya,Hoang,YES,6,LEISURE,1,ONLINE,brunette,blue,tone_3,red
P3427,Kacper,Hoang,NO,1,SOLO,1,DESK,brunette,blue,tone_2,suit
P3428,Krish,Adams,NO,1,BUSINESS,1,ONLINE,blonde,black,tone_3,blue
P3429,Jordan,Nasser,NO,1,FAMILY,2,KIOSK,blonde,blue,tone_1,suit
P3430,Alex,Zhang,NO,2,SOLO,1,KIOSK,black_f,blue,tone_4,red
P3431,Camille,Watanabe,NO,2,LEISURE,1,KIOSK,blonde_f,black,tone_6,olive+green
P3432,Nari,Mensah,NO,2,SOLO,2,ONLINE,blonde_f,black,tone_5,red
P3433,Aarav,Mansour,NO,1,BUSINESS,1,ONLINE,black_f,black,tone_6,suit
P3434,Chloe,Choi,NO,3,BUSINESS,0,ONLINE,black,black,tone_1,red
P3435,Cian,Walsh,YES,7,SOLO,0,KIOSK,brunette,black,tone_4,suit
P3436,Kofi,Kaur,NO,2,LEISURE,2,KIOSK,brunette_f,blue,tone_6,blue
P3437,Aryan,Iqbal,NO,3,LEISURE,1,DESK,brunette,blue,tone_6,olive+green
P3438,Sam,Jimenez,YES,5,BUSINESS,1,ONLINE,black,black,tone_1,suit
P3439,Aryan,Siddiqui,NO,1,FAMILY,3,DESK,blonde,black,tone_6,red
P3440,Riya,Rossi,NO,3,BUSINESS,0,ONLINE,blonde,black,tone_1,suit
P3441,Noah,Clarke,NO,1,FAMILY,3,DESK,brunette_f,blue,tone_3,suit
P3442,Tariq,Garcia,NO,1,LEISURE,1,DESK,blonde,black,tone_6,red
P3443,Gurpreet,Murphy,YES,5,BUSINESS,0,KIOSK,brunette_f,black,tone_5,blue
P3444,Chidi,Owusu,NO,2,FAMILY,2,KIOSK,blonde_f,black,tone_1,blue
P3445,Santiago,Hoang,NO,1,SOLO,1,KIOSK,brunette,black,tone_6,blue
P3446,Omar,Bose,NO,1,BUSINESS,1,ONLINE,black,black,tone_2,olive+green
P3447,Jun,Nowak,NO,1,LEISURE,1,KIOSK,brunette_f,blue,tone_5,red
P3448,Johanna,Parker,YES,10,BUSINESS,2,DESK,brunette_f,blue,tone_5,blue
P3449,Valentina,Sow,NO,1,FAMILY,2,ONLINE,brunette,black,tone_4,suit
P3450,Yuki,Liu,NO,2,FAMILY,2,DESK,brunette_f,blue,tone_1,olive+green
P3451,Tomasz,Baker,NO,2,LEISURE,1,ONLINE,blonde,black,tone_2,olive+green
P3452,Jacob,Stewart,NO,1,BUSINESS,1,ONLINE,blonde_f,black,tone_4,blue
P3453,Casey,Garcia,NO,1,BUSINESS,0,ONLINE,blonde,blue,tone_3,blue
P3454,Malik,Ricci,YES,6,BUSINESS,1,KIOSK,blonde,blue,tone_6,olive+green
P3455,Neil,Foster,NO,2,BUSINESS,1,ONLINE,black,black,tone_6,olive+green
P3456,Hyejin,Pham,NO,2,LEISURE,0,KIOSK,brunette,black,tone_3,suit
P3457,Kiet,Green,YES,6,BUSINESS,0,ONLINE,blonde,black,tone_1,blue
P3458,Cameron,Morgan,YES,9,LEISURE,2,KIOSK,black_f,blue,tone_4,olive+green
P3459,Jaspreet,Jung,NO,1,FAMILY,2,ONLINE,blonde,blue,tone_1,suit
P3460,Cian,Robinson,NO,1,FAMILY,2,DESK,black,blue,tone_1,olive+green
P3461,Declan,Gupta,NO,3,SOLO,1,DESK,brunette_f,black,tone_4,blue
P3462,Minho,Davies,NO,1,LEISURE,2,ONLINE,blonde_f,blue,tone_5,suit
P3463,Gurleen,Lee,NO,1,FAMILY,2,DESK,brunette_f,black,tone_5,red
P3464,Mateo,Balogun,NO,1,FAMILY,2,DESK,brunette,black,tone_2,suit
P3465,Sakura,Kowalski,NO,1,BUSINESS,1,ONLINE,black_f,blue,tone_6,suit
P3466,Benjamin,Desai,YES,9,LEISURE,2,KIOSK,brunette_f,blue,tone_1,red
P3467,Tao,Keita,YES,6,LEISURE,1,DESK,black,black,tone_3,suit
P3468,Amelia,Kim,NO,3,BUSINESS,0,ONLINE,black_f,black,tone_3,olive+green
P3469,Kwame,Foster,NO,1,SOLO,0,KIOSK,black,blue,tone_4,red
P3470,Henry,Vu,NO,1,LEISURE,1,DESK,blonde,blue,tone_4,olive+green
P3471,Tariq,Gallagher,NO,1,FAMILY,2,DESK,black_f,blue,tone_6,suit
P3472,Riley,Parker,NO,2,SOLO,0,DESK,black,blue,tone_3,suit
P3473,Tunde,Ali,YES,8,LEISURE,0,DESK,black_f,blue,tone_1,suit
P3474,Imani,Thomas,YES,8,LEISURE,1,DESK,brunette_f,black,tone_1,olive+green
P3475,Kofi,Dubois,NO,1,BUSINESS,0,KIOSK,blonde,black,tone_3,olive+green
P3476,Felix,Wu,NO,2,FAMILY,2,KIOSK,brunette_f,blue,tone_1,olive+green
P3477,Aanya,Robinson,YES,7,FAMILY,2,DESK,brunette,blue,tone_1,suit
P3478,Greta,Lewandowski,NO,3,SOLO,1,DESK,blonde_f,blue,tone_2,suit
P3479,Karan,Owusu,NO,1,LEISURE,0,DESK,black,black,tone_3,suit
P3480,Alfie,Bose,NO,3,LEISURE,1,ONLINE,black,blue,tone_3,olive+green
P3481,Greta,Kim,NO,3,FAMILY,2,DESK,brunette,blue,tone_3,red
P3482,Amara,Siddiqui,NO,1,LEISURE,1,DESK,blonde_f,blue,tone_1,suit
P3483,Nadia,Saleh,NO,1,LEISURE,2,DESK,black_f,black,tone_1,olive+green
P3484,Jack,O'Brien,NO,2,LEISURE,1,KIOSK,black,black,tone_6,olive+green
P3485,Tunde,Takahashi,NO,1,SOLO,1,ONLINE,brunette,black,tone_5,olive+green
P3486,Nadia,Clarke,NO,2,LEISURE,0,ONLINE,black,blue,tone_3,olive+green
P3487,Casey,Shah,NO,1,BUSINESS,1,KIOSK,brunette_f,black,tone_2,suit
P3488,Kwame,Weber,NO,2,LEISURE,1,ONLINE,brunette_f,black,tone_3,olive+green
P3489,Malik,Kapoor,YES,5,LEISURE,1,KIOSK,blonde_f,blue,tone_5,blue
P3490,Ming,Howard,YES,10,LEISURE,2,ONLINE,blonde_f,blue,tone_4,red
P3491,Dhruv,Takahashi,NO,1,LEISURE,1,KIOSK,brunette,black,tone_4,olive+green
P3492,Wei,Clarke,NO,2,LEISURE,1,ONLINE,blonde,blue,tone_4,olive+green
P3493,Kofi,Dang,NO,3,BUSINESS,0,ONLINE,black_f,black,tone_4,red
P3494,Poppy,Mehta,YES,7,LEISURE,1,DESK,black,blue,tone_2,suit
P3495,Noah,Jackson,NO,2,BUSINESS,0,ONLINE,black_f,blue,tone_6,red
P3496,Jakub,Brar,NO,1,SOLO,2,KIOSK,brunette,black,tone_6,suit
P3497,Aiko,Watson,YES,6,LEISURE,2,ONLINE,black_f,black,tone_6,suit
P3498,Yasmin,Mansour,NO,1,LEISURE,2,DESK,black,black,tone_3,red
P3499,Ade,Lewandowski,NO,1,FAMILY,3,DESK,brunette,black,tone_4,olive+green
P3500,Aaliyah,Green,NO,2,LEISURE,1,ONLINE,brunette_f,blue,tone_3,olive+green
P3501,Aarav,Ahmed,YES,10,FAMILY,3,DESK,black_f,black,tone_1,blue
P3502,Jamie,Patel,NO,2,LEISURE,1,ONLINE,blonde,black,tone_1,red
P3503,Amrit,Bui,YES,6,LEISURE,1,ONLINE,blonde,black,tone_6,olive+green
P3504,Kacper,Park,YES,7,LEISURE,1,ONLINE,blonde_f,black,tone_6,blue
P3505,Niklas,Moretti,YES,9,LEISURE,0,DESK,black,blue,tone_4,blue
P3506,Jordan,Wisniewski,NO,1,LEISURE,1,DESK,blonde_f,black,tone_3,olive+green
P3507,Kabir,Kang,NO,1,LEISURE,0,KIOSK,brunette,black,tone_6,suit
P3508,Anja,Ferrari,NO,1,BUSINESS,0,KIOSK,brunette_f,blue,tone_4,olive+green
P3509,Mia,Green,NO,1,LEISURE,1,KIOSK,brunette,black,tone_3,suit
P3510,Diya,Morgan,NO,1,LEISURE,0,ONLINE,black_f,blue,tone_5,suit
P3511,Femi,Iqbal,NO,2,LEISURE,1,ONLINE,brunette,black,tone_2,blue
P3512,Mei,Jung,NO,1,LEISURE,1,KIOSK,black,black,tone_3,suit
P3513,Alejandro,Nwosu,NO,2,LEISURE,1,ONLINE,black,black,tone_1,olive+green
P3514,Casey,Bailey,NO,1,SOLO,2,ONLINE,black,black,tone_2,red
P3515,Jisoo,Bose,NO,1,SOLO,1,ONLINE,black_f,black,tone_5,red
P3516,Kenji,Wang,NO,1,FAMILY,2,ONLINE,black,blue,tone_6,blue
P3517,Aditya,Yang,NO,1,LEISURE,0,ONLINE,blonde_f,black,tone_1,suit
P3518,Anja,Green,NO,2,LEISURE,1,DESK,black,blue,tone_1,olive+green
P3519,Ayana,Mahmood,YES,5,LEISURE,1,DESK,black,blue,tone_6,red
P3520,Kojo,Bose,NO,1,LEISURE,1,KIOSK,blonde,black,tone_3,olive+green
P3521,Cian,Jones,NO,1,LEISURE,1,DESK,brunette,blue,tone_4,blue
P3522,Leo,Fischer,NO,1,LEISURE,1,ONLINE,black_f,black,tone_6,red
P3523,Samir,Moreau,YES,6,SOLO,1,ONLINE,black_f,blue,tone_6,blue
P3524,Jack,Martinez,NO,3,FAMILY,1,DESK,brunette,black,tone_5,suit
P3525,Casey,Durand,NO,3,LEISURE,0,KIOSK,brunette_f,black,tone_4,blue
P3526,Camila,Romano,NO,1,LEISURE,2,DESK,black_f,blue,tone_1,red
P3527,Lena,Huynh,NO,2,LEISURE,1,ONLINE,blonde_f,blue,tone_3,red
P3528,Morgan,Bianchi,NO,2,BUSINESS,0,KIOSK,blonde_f,blue,tone_3,red
P3529,Camille,Kim,NO,1,FAMILY,3,ONLINE,brunette,blue,tone_3,red
P3530,Riley,Toure,NO,2,LEISURE,2,DESK,black_f,black,tone_4,suit
P3531,Cameron,Weber,NO,2,SOLO,1,KIOSK,brunette_f,blue,tone_1,olive+green
P3532,Ade,Taylor,NO,2,LEISURE,1,ONLINE,brunette,blue,tone_6,olive+green
P3533,Kenji,Haddad,YES,9,SOLO,2,DESK,blonde_f,blue,tone_2,blue
P3534,Kenji,Gray,NO,2,LEISURE,1,DESK,brunette_f,black,tone_6,suit
P3535,Ayaan,Kone,NO,2,BUSINESS,1,DESK,black_f,black,tone_4,suit
P3536,Henry,Kaminski,NO,1,LEISURE,1,ONLINE,black,black,tone_1,blue
P3537,Kiet,Kim,NO,1,LEISURE,1,DESK,black_f,black,tone_5,suit
P3538,Cameron,Toure,NO,2,BUSINESS,0,ONLINE,brunette,black,tone_5,olive+green
P3539,Zain,Khan,NO,1,FAMILY,2,ONLINE,blonde,black,tone_6,olive+green
P3540,Mila,Romano,NO,3,FAMILY,1,ONLINE,black,blue,tone_6,blue
P3541,Gurleen,Mensah,YES,10,LEISURE,1,ONLINE,black,black,tone_6,suit
P3542,George,Thompson,NO,3,LEISURE,1,DESK,brunette_f,blue,tone_5,olive+green
P3543,Amelia,Green,NO,2,BUSINESS,1,ONLINE,brunette,blue,tone_2,suit
P3544,Charlotte,Phan,NO,1,BUSINESS,0,ONLINE,blonde,blue,tone_5,red
P3545,Sam,Petit,NO,1,FAMILY,3,DESK,black_f,black,tone_4,red
P3546,Hannah,Haddad,NO,1,LEISURE,1,DESK,blonde,black,tone_6,suit
P3547,Bilal,Nowak,NO,1,LEISURE,1,KIOSK,black,black,tone_1,suit
P3548,Santiago,Liu,YES,5,FAMILY,3,KIOSK,black,black,tone_3,olive+green
P3549,Mei,Mensah,NO,2,SOLO,1,KIOSK,brunette_f,blue,tone_5,olive+green
P3550,Aoife,Kelly,NO,2,SOLO,1,ONLINE,black_f,black,tone_6,blue
P3551,Dhruv,Bailey,NO,1,BUSINESS,1,ONLINE,black,black,tone_6,blue
P3552,Lena,Wright,NO,2,LEISURE,1,KIOSK,brunette_f,black,tone_6,blue
P3553,Aarav,Watson,NO,1,LEISURE,1,KIOSK,blonde_f,blue,tone_1,olive+green
P3554,Sophie,Sanchez,NO,1,BUSINESS,1,DESK,brunette_f,black,tone_6,blue
P3555,Ananya,Rodriguez,NO,1,LEISURE,1,KIOSK,blonde_f,blue,tone_4,olive+green
P3556,Vihaan,Hall,NO,3,LEISURE,1,KIOSK,brunette_f,black,tone_1,olive+green
P3557,Chiara,Sanchez,NO,3,BUSINESS,1,KIOSK,black,black,tone_3,olive+green
P3558,Reyansh,Tanaka,NO,2,SOLO,2,ONLINE,brunette,black,tone_5,blue
P3559,Ronan,Romano,NO,2,FAMILY,3,DESK,blonde,black,tone_1,suit
P3560,Valentina,Bailey,NO,3,SOLO,2,DESK,brunette_f,black,tone_1,blue
P3561,Tara,Bailey,YES,7,SOLO,1,KIOSK,blonde,blue,tone_5,suit
P3562,Oisin,Eze,NO,1,FAMILY,3,DESK,black,black,tone_5,suit
P3563,Aiko,Fischer,YES,5,BUSINESS,0,ONLINE,blonde_f,black,tone_4,olive+green
P3564,Jack,Siddiqui,NO,1,LEISURE,1,DESK,blonde_f,blue,tone_6,olive+green
P3565,Dev,Kaur,NO,2,SOLO,1,ONLINE,brunette_f,blue,tone_4,suit
P3566,Vihaan,Bernard,NO,3,FAMILY,3,ONLINE,black,black,tone_5,olive+green
P3567,Ananya,Rossi,NO,2,LEISURE,1,ONLINE,brunette,blue,tone_3,blue
P3568,James,Singh,NO,1,SOLO,1,KIOSK,brunette_f,blue,tone_1,blue
P3569,Kojo,Richards,YES,8,FAMILY,2,DESK,black,blue,tone_2,red
P3570,Minh,Nasser,NO,1,LEISURE,0,DESK,brunette_f,black,tone_4,blue
P3571,Imran,Doyle,NO,2,SOLO,1,ONLINE,brunette_f,black,tone_2,olive+green
P3572,Olivia,Camara,NO,1,LEISURE,0,ONLINE,blonde_f,blue,tone_5,olive+green
P3573,Minho,Nair,NO,3,SOLO,2,ONLINE,blonde,black,tone_4,olive+green
P3574,Neil,Ryan,NO,2,BUSINESS,0,KIOSK,blonde_f,black,tone_3,red
P3575,Diya,Nair,NO,2,LEISURE,1,KIOSK,black,blue,tone_3,suit
P3576,Marek,Boateng,NO,3,LEISURE,1,ONLINE,brunette_f,blue,tone_1,red
P3577,Yusuf,Martinez,NO,3,FAMILY,1,ONLINE,brunette,blue,tone_4,olive+green
P3578,Trang,Thomas,NO,1,LEISURE,1,ONLINE,blonde_f,blue,tone_6,blue
P3579,Ngozi,Bui,NO,1,FAMILY,1,ONLINE,brunette,blue,tone_5,olive+green
P3580,Samar,Evans,NO,1,FAMILY,3,KIOSK,brunette_f,blue,tone_5,olive+green
P3581,Casey,Reddy,NO,1,FAMILY,2,DESK,brunette_f,black,tone_2,blue
P3582,Phoebe,Reed,NO,3,BUSINESS,0,ONLINE,blonde_f,black,tone_4,olive+green
P3583,Kavya,Gupta,NO,1,LEISURE,2,ONLINE,black,blue,tone_3,suit
P3584,Arthur,Mansour,NO,2,BUSINESS,1,ONLINE,blonde,black,tone_2,red
P3585,Dev,Rao,NO,1,LEISURE,1,ONLINE,black_f,black,tone_1,blue
P3586,Sami,Green,YES,10,LEISURE,1,KIOSK,blonde_f,black,tone_2,blue
P3587,Jun,Chopra,NO,2,LEISURE,1,DESK,blonde_f,black,tone_1,red
P3588,Isla,Campbell,NO,1,SOLO,1,DESK,brunette_f,black,tone_3,suit
P3589,Niamh,Keita,YES,8,SOLO,0,DESK,brunette,black,tone_5,suit
P3590,Avery,Fischer,NO,2,BUSINESS,1,ONLINE,blonde,black,tone_4,olive+green
P3591,Rahul,Haddad,NO,1,BUSINESS,0,ONLINE,blonde_f,blue,tone_3,red
P3592,Hao,Russell,NO,2,FAMILY,2,KIOSK,black,blue,tone_5,blue
P3593,Navdeep,Nowak,NO,1,BUSINESS,1,ONLINE,black,blue,tone_4,blue
P3594,Mariam,Fofana,NO,2,FAMILY,1,KIOSK,black,blue,tone_3,red
P3595,Mariam,Schmidt,YES,5,BUSINESS,1,ONLINE,blonde_f,black,tone_3,suit
P3596,Nisha,Boateng,NO,2,FAMILY,2,DESK,blonde_f,blue,tone_6,suit
P3597,Gabriel,Malik,YES,6,FAMILY,2,DESK,black_f,black,tone_5,suit
P3598,Zuri,Ricci,NO,2,SOLO,1,ONLINE,black,black,tone_3,suit
P3599,Navdeep,Jimenez,NO,1,BUSINESS,1,KIOSK,black_f,black,tone_4,olive+green
P3600,Ryan,Hussain,NO,1,LEISURE,2,ONLINE,blonde_f,black,tone_5,red
P3601,Nia,Chen,YES,5,BUSINESS,0,KIOSK,blonde_f,blue,tone_4,red
P3602,Malik,Young,NO,1,LEISURE,1,ONLINE,blonde_f,black,tone_5,red
P3603,Navdeep,Gupta,YES,6,FAMILY,2,ONLINE,black,black,tone_4,suit
P3604,Diego,Doyle,NO,1,LEISURE,1,DESK,black_f,black,tone_3,blue
P3605,Aaliyah,Muller,NO,3,LEISURE,1,DESK,blonde_f,black,tone_5,olive+green
P3606,Yusuf,Patel,NO,3,SOLO,1,KIOSK,black,black,tone_2,suit
P3607,Cameron,Traore,NO,3,SOLO,1,KIOSK,blonde,blue,tone_5,suit
P3608,Akira,Garcia,NO,1,LEISURE,1,DESK,brunette_f,black,tone_2,blue
P3609,David,Tran,NO,1,SOLO,1,ONLINE,brunette,blue,tone_5,blue
P3610,Sami,Campbell,NO,2,SOLO,1,ONLINE,brunette_f,blue,tone_4,blue
P3611,Kojo,Ahmed,NO,3,LEISURE,2,DESK,brunette,blue,tone_3,suit
P3612,Ryan,Campbell,YES,10,LEISURE,1,ONLINE,brunette,blue,tone_2,blue
P3613,Jonas,Asante,NO,1,LEISURE,0,ONLINE,brunette,black,tone_3,blue
P3614,Marek,Thomas,YES,10,FAMILY,2,KIOSK,blonde,blue,tone_5,suit
P3615,Minji,Adams,NO,1,LEISURE,1,DESK,black,black,tone_1,blue
P3616,Lily,Byrne,NO,3,FAMILY,1,ONLINE,brunette,black,tone_1,blue
P3617,Joon,Hall,NO,2,BUSINESS,1,ONLINE,brunette_f,black,tone_5,blue
P3618,Jasleen,Nasser,NO,1,BUSINESS,2,KIOSK,blonde_f,blue,tone_6,olive+green
P3619,Morgan,Gomez,NO,2,SOLO,1,KIOSK,black,black,tone_5,olive+green
P3620,Ruby,Yoon,YES,6,BUSINESS,0,DESK,brunette,black,tone_2,blue
P3621,Harry,Eze,YES,5,BUSINESS,1,ONLINE,brunette,blue,tone_4,suit
P3622,Anja,Xu,YES,8,BUSINESS,0,KIOSK,blonde,blue,tone_3,blue
P3623,Taylor,Haddad,YES,9,LEISURE,1,KIOSK,blonde_f,blue,tone_3,olive+green
P3624,Jamie,Ruiz,NO,1,LEISURE,0,DESK,black,blue,tone_2,olive+green
P3625,Karim,Lee,NO,3,BUSINESS,0,ONLINE,brunette,blue,tone_2,suit
P3626,Rin,O'Brien,NO,1,SOLO,1,ONLINE,brunette,blue,tone_5,suit
P3627,Kwame,Sow,NO,2,LEISURE,1,ONLINE,brunette,blue,tone_3,suit
P3628,Giulia,Patel,NO,3,SOLO,2,KIOSK,black,black,tone_1,blue
P3629,Sophie,Okafor,NO,1,SOLO,0,ONLINE,black_f,black,tone_5,blue
P3630,Sophia,Reed,NO,2,BUSINESS,1,ONLINE,black,blue,tone_4,red
P3631,Lily,Haddad,NO,1,LEISURE,1,DESK,blonde,black,tone_5,suit
P3632,Marco,Byrne,NO,2,LEISURE,1,ONLINE,brunette_f,black,tone_3,blue
P3633,Hugo,Davies,NO,2,SOLO,1,KIOSK,blonde_f,black,tone_5,red
P3634,Kojo,Perez,NO,3,BUSINESS,1,ONLINE,black,blue,tone_3,blue
P3635,Luke,Rao,NO,1,FAMILY,2,ONLINE,brunette,black,tone_2,suit
P3636,Cian,Taylor,NO,2,LEISURE,0,DESK,blonde_f,black,tone_6,red
P3637,Eoin,Le,NO,1,SOLO,1,DESK,brunette,black,tone_4,red
P3638,Vivaan,Roberts,NO,1,FAMILY,3,ONLINE,black_f,black,tone_4,olive+green
P3639,David,Zielinski,NO,1,LEISURE,2,ONLINE,black,black,tone_3,suit
P3640,Chidi,Ferrari,NO,3,FAMILY,3,ONLINE,brunette,black,tone_4,olive+green
P3641,Lena,Rahman,NO,3,BUSINESS,1,ONLINE,black_f,black,tone_5,red
P3642,Krish,Reddy,NO,2,SOLO,1,DESK,black_f,black,tone_3,suit
P3643,Yusuf,Evans,NO,2,LEISURE,1,DESK,black,blue,tone_5,red
P3644,Rin,Nguyen,NO,3,LEISURE,1,KIOSK,blonde,blue,tone_2,blue
P3645,Hugo,Eze,NO,2,LEISURE,0,ONLINE,brunette,blue,tone_3,suit
P3646,Manon,Esposito,NO,2,LEISURE,1,KIOSK,blonde,blue,tone_2,suit
P3647,Chloe,Verma,NO,1,LEISURE,1,ONLINE,black_f,blue,tone_1,suit
P3648,Gurpreet,Brown,NO,2,SOLO,1,ONLINE,brunette,blue,tone_1,red
P3649,Kiet,Huynh,YES,9,BUSINESS,0,ONLINE,black,blue,tone_2,suit
P3650,Lucie,Khan,NO,1,LEISURE,0,DESK,blonde,black,tone_1,olive+green
P3651,Adwoa,Petit,NO,1,LEISURE,1,ONLINE,black_f,blue,tone_2,suit
P3652,Mariam,Johnson,NO,3,LEISURE,1,ONLINE,brunette,black,tone_3,red
P3653,Luke,Siddiqui,YES,7,LEISURE,1,DESK,blonde_f,black,tone_3,olive+green
P3654,Manon,Mitchell,NO,1,LEISURE,1,KIOSK,black_f,black,tone_4,olive+green
P3655,Aryan,Tanaka,YES,10,BUSINESS,1,ONLINE,black,black,tone_5,blue
P3656,Samir,Richards,NO,1,LEISURE,0,DESK,blonde,black,tone_3,olive+green
P3657,Anja,Singh,NO,2,SOLO,1,DESK,brunette,blue,tone_5,red
P3658,Quang,Li,NO,1,LEISURE,1,KIOSK,black_f,black,tone_3,red
P3659,Sophia,Jung,NO,1,FAMILY,3,DESK,brunette_f,blue,tone_4,suit
P3660,Kavya,Lopez,NO,2,LEISURE,2,DESK,black_f,blue,tone_2,suit
P3661,Theo,Kowalski,NO,1,BUSINESS,1,ONLINE,black,black,tone_1,olive+green
P3662,Nadia,Rodriguez,YES,9,BUSINESS,1,KIOSK,brunette_f,black,tone_2,red
P3663,George,Khalil,NO,1,LEISURE,2,DESK,brunette,black,tone_6,suit
P3664,Omar,Thomas,NO,1,LEISURE,1,ONLINE,blonde_f,black,tone_4,blue
P3665,Thomas,Petit,NO,1,BUSINESS,0,DESK,blonde,blue,tone_1,suit
P3666,Niamh,Cho,NO,1,SOLO,1,DESK,black,blue,tone_2,suit
P3667,Leo,Smith,NO,3,LEISURE,0,ONLINE,black,blue,tone_4,olive+green
P3668,Georgia,Rodriguez,NO,2,BUSINESS,0,KIOSK,brunette_f,black,tone_4,olive+green
P3669,Jamie,Liu,YES,8,SOLO,1,ONLINE,black_f,blue,tone_6,olive+green
P3670,Marco,Collins,NO,3,SOLO,1,KIOSK,black,blue,tone_4,red
P3671,Samar,Bui,NO,1,LEISURE,1,ONLINE,blonde_f,blue,tone_3,olive+green
P3672,Hassan,Cho,NO,1,LEISURE,1,ONLINE,brunette,black,tone_6,blue
P3673,Jacob,Xu,NO,1,FAMILY,1,KIOSK,black_f,blue,tone_2,red
P3674,Joon,Rossi,NO,1,FAMILY,3,DESK,black,blue,tone_5,blue
P3675,Diego,Fischer,YES,8,SOLO,0,KIOSK,black_f,blue,tone_5,blue
P3676,Yuna,Agyeman,NO,3,SOLO,1,KIOSK,blonde_f,black,tone_4,suit
P3677,Diego,Green,NO,2,FAMILY,3,KIOSK,blonde_f,black,tone_3,blue
P3678,Johanna,Weber,YES,5,BUSINESS,0,ONLINE,black_f,blue,tone_6,blue
P3679,Felix,Martinez,YES,9,BUSINESS,0,ONLINE,brunette_f,black,tone_6,suit
P3680,Anh,Russell,NO,1,SOLO,1,KIOSK,black_f,blue,tone_6,blue
P3681,Arjun,Khan,NO,3,LEISURE,1,ONLINE,brunette,blue,tone_3,olive+green
P3682,Nhi,O'Brien,NO,2,SOLO,1,ONLINE,black,blue,tone_5,olive+green
P3683,Karan,Khalil,NO,1,BUSINESS,1,KIOSK,black,blue,tone_3,suit
P3684,Amara,Perez,YES,5,BUSINESS,1,ONLINE,brunette_f,blue,tone_6,blue
P3685,Gurleen,Rahman,NO,2,LEISURE,2,ONLINE,brunette,blue,tone_3,red
P3686,Imran,Gallagher,NO,1,LEISURE,0,KIOSK,black_f,blue,tone_6,red
P3687,Obinna,Takahashi,NO,1,SOLO,1,ONLINE,black_f,blue,tone_3,suit
P3688,Meera,Hussain,NO,1,LEISURE,0,KIOSK,black_f,blue,tone_1,red
P3689,Arnav,Kang,NO,1,LEISURE,1,ONLINE,brunette_f,black,tone_1,red
P3690,Hannah,Fischer,NO,1,SOLO,2,DESK,black_f,blue,tone_1,blue
P3691,Violet,Mensah,NO,3,LEISURE,1,KIOSK,brunette,black,tone_6,red
P3692,Jasleen,Balogun,NO,1,LEISURE,1,DESK,brunette_f,blue,tone_1,blue
P3693,Krish,Okafor,NO,1,SOLO,1,ONLINE,brunette_f,blue,tone_2,red
P3694,Chidi,Thomas,NO,1,BUSINESS,0,ONLINE,black,blue,tone_4,red
P3695,Ayaan,Thomas,NO,1,LEISURE,1,DESK,blonde,blue,tone_6,olive+green
P3696,Reyansh,Esposito,YES,7,LEISURE,1,ONLINE,brunette_f,black,tone_6,blue
P3697,Ming,Davies,YES,7,BUSINESS,2,ONLINE,blonde_f,blue,tone_4,suit
P3698,Arjun,Durand,NO,1,LEISURE,0,KIOSK,black,black,tone_5,olive+green
P3699,Layla,Russell,NO,1,BUSINESS,1,DESK,brunette_f,blue,tone_2,red
P3700,Yusuf,Muller,NO,1,LEISURE,2,ONLINE,blonde,black,tone_2,blue
P3701,Jacob,Phan,NO,3,LEISURE,2,KIOSK,brunette,blue,tone_5,red
P3702,Jun,Green,NO,2,SOLO,1,DESK,blonde_f,blue,tone_5,blue
P3703,Kabir,Dubois,YES,9,FAMILY,3,ONLINE,black,blue,tone_2,red
P3704,Karim,Shah,YES,10,LEISURE,1,ONLINE,black,blue,tone_2,red
P3705,Anh,Eze,NO,2,BUSINESS,0,ONLINE,brunette,black,tone_4,blue
P3706,Emilia,Williams,NO,1,LEISURE,1,ONLINE,black,black,tone_6,olive+green
P3707,Aoife,Diallo,NO,2,LEISURE,1,ONLINE,blonde_f,black,tone_1,red
P3708,Gabriel,Moreau,NO,2,LEISURE,1,DESK,brunette,black,tone_5,olive+green
P3709,Yasmin,Wang,NO,2,LEISURE,1,KIOSK,blonde,black,tone_3,suit
P3710,Yasmin,Le,NO,2,BUSINESS,1,KIOSK,brunette_f,blue,tone_4,red
P3711,Gurpreet,Iqbal,NO,1,LEISURE,0,DESK,blonde,black,tone_4,olive+green
P3712,Casey,Khalil,NO,1,BUSINESS,0,ONLINE,black,black,tone_1,olive+green
P3713,Navdeep,Moreau,YES,7,BUSINESS,0,KIOSK,blonde_f,blue,tone_6,suit
P3714,Zain,Boateng,NO,1,SOLO,2,KIOSK,brunette_f,blue,tone_3,olive+green
P3715,Sota,Evans,NO,1,SOLO,1,DESK,blonde_f,blue,tone_3,blue
P3716,Diego,Weber,YES,10,FAMILY,2,DESK,brunette,black,tone_6,blue
P3717,Phoebe,Walker,NO,1,FAMILY,2,KIOSK,black_f,blue,tone_3,olive+green
P3718,Ananya,Gomez,NO,3,SOLO,1,ONLINE,black_f,black,tone_1,red
P3719,Orla,Zielinski,NO,1,FAMILY,3,ONLINE,blonde_f,blue,tone_5,suit
P3720,Matteo,Carter,NO,2,LEISURE,1,DESK,blonde,blue,tone_6,olive+green
P3721,Leon,Zielinski,NO,2,SOLO,1,KIOSK,blonde,black,tone_3,red
P3722,Minho,Saleh,NO,2,BUSINESS,1,DESK,brunette,blue,tone_5,red
P3723,Giulia,Boateng,YES,7,LEISURE,1,ONLINE,blonde,black,tone_5,blue
P3724,Ryan,Keita,YES,9,BUSINESS,0,DESK,black,blue,tone_6,red
P3725,Alessia,Roberts,NO,2,SOLO,1,KIOSK,black,black,tone_1,suit
P3726,Bao,Mahmood,NO,3,BUSINESS,0,KIOSK,blonde_f,blue,tone_5,blue
P3727,Ren,Kone,NO,3,FAMILY,2,DESK,black,black,tone_2,red
P3728,Meera,Saleh,NO,1,BUSINESS,0,ONLINE,blonde,blue,tone_3,olive+green
P3729,Veer,Keita,NO,2,LEISURE,2,ONLINE,black_f,blue,tone_5,olive+green
P3730,Tariq,Mahmood,YES,6,BUSINESS,0,KIOSK,brunette,blue,tone_5,suit
P3731,Kenji,Anderson,NO,3,LEISURE,1,DESK,black,blue,tone_5,suit
P3732,Layla,Dhillon,NO,1,SOLO,1,DESK,black_f,black,tone_1,red
P3733,Valentina,Sidhu,NO,2,SOLO,1,DESK,black,black,tone_1,red
P3734,Minji,Watanabe,NO,2,LEISURE,0,ONLINE,blonde,blue,tone_5,olive+green
P3735,Sakura,Zhou,NO,2,SOLO,1,DESK,blonde,blue,tone_1,suit
P3736,Kiet,Foster,NO,1,BUSINESS,1,ONLINE,black_f,blue,tone_2,olive+green
P3737,Arjun,Singh,NO,2,FAMILY,3,KIOSK,blonde_f,blue,tone_1,suit
P3738,Morgan,Malik,NO,2,LEISURE,1,DESK,brunette,blue,tone_4,suit
P3739,Chiara,Yamamoto,NO,2,FAMILY,3,KIOSK,brunette_f,black,tone_1,red
P3740,Hamza,Conti,YES,10,LEISURE,1,ONLINE,blonde,black,tone_5,olive+green
P3741,Anja,Mansour,NO,2,BUSINESS,0,ONLINE,black_f,blue,tone_6,red
P3742,Chidi,Liu,NO,1,LEISURE,1,KIOSK,black_f,black,tone_1,red
P3743,Anja,Walker,NO,1,SOLO,1,DESK,brunette_f,blue,tone_6,suit
P3744,Muhammad,Baker,NO,1,LEISURE,0,ONLINE,black,black,tone_6,olive+green
P3745,Hyejin,Green,YES,7,LEISURE,2,ONLINE,blonde,blue,tone_3,red
P3746,Hamza,Keita,NO,3,SOLO,2,ONLINE,blonde_f,blue,tone_1,blue
P3747,Ruby,Mansour,YES,7,LEISURE,1,ONLINE,black_f,black,tone_6,blue
P3748,Neil,Francis,NO,2,LEISURE,1,DESK,black_f,black,tone_2,red
P3749,Thomas,Weber,NO,1,SOLO,1,KIOSK,black,black,tone_2,olive+green
P3750,Lily,Schmidt,YES,5,LEISURE,1,KIOSK,brunette,blue,tone_1,red
P3751,Ronan,O'Brien,NO,3,LEISURE,0,KIOSK,brunette,black,tone_3,red
P3752,Harpreet,Saleh,NO,1,LEISURE,1,DESK,blonde,blue,tone_3,red
P3753,George,Mahmood,NO,2,LEISURE,1,ONLINE,black,blue,tone_1,suit
P3754,Thao,Akhtar,NO,1,SOLO,1,ONLINE,blonde,black,tone_4,olive+green
P3755,Veer,Khalil,NO,1,LEISURE,1,ONLINE,blonde_f,black,tone_3,suit
P3756,Violet,Boateng,NO,2,FAMILY,1,KIOSK,blonde_f,black,tone_5,red
P3757,William,Kelly,NO,1,FAMILY,3,ONLINE,black_f,black,tone_3,red
P3758,Jordan,Toure,NO,3,BUSINESS,0,KIOSK,blonde,blue,tone_4,red
P3759,Riley,Hall,NO,1,LEISURE,0,ONLINE,blonde_f,black,tone_4,olive+green
P3760,Johanna,Zielinski,NO,2,LEISURE,0,KIOSK,black_f,black,tone_6,suit
P3761,Charlie,Byrne,NO,2,LEISURE,1,ONLINE,blonde_f,black,tone_1,red
P3762,Santiago,Keita,YES,9,LEISURE,2,ONLINE,black_f,blue,tone_2,suit
P3763,Rahul,Gomez,NO,2,BUSINESS,0,KIOSK,brunette,blue,tone_3,blue
P3764,Minji,Nowak,NO,1,LEISURE,0,DESK,brunette_f,blue,tone_1,blue
P3765,Hannah,Rodriguez,NO,3,FAMILY,2,ONLINE,blonde_f,blue,tone_1,blue
P3766,Violet,Kang,NO,3,LEISURE,2,DESK,blonde,black,tone_5,blue
P3767,Kenji,Zhou,NO,1,SOLO,0,ONLINE,black_f,black,tone_3,suit
P3768,Sota,O'Brien,NO,1,FAMILY,3,DESK,brunette,blue,tone_1,red
P3769,Sophia,Saleh,NO,3,FAMILY,3,DESK,blonde,blue,tone_4,blue
P3770,Molly,Richards,NO,2,FAMILY,3,ONLINE,blonde,black,tone_6,blue
P3771,Riley,Cho,NO,1,FAMILY,3,KIOSK,brunette_f,black,tone_1,olive+green
P3772,Manon,Ryan,NO,1,SOLO,1,ONLINE,black,black,tone_3,red
P3773,Gabriel,Leroy,NO,1,LEISURE,1,ONLINE,blonde_f,black,tone_6,olive+green
P3774,Ibrahim,Camara,NO,2,BUSINESS,1,ONLINE,blonde,blue,tone_2,blue
P3775,Arjun,Sidhu,NO,1,FAMILY,3,ONLINE,blonde,black,tone_6,blue
P3776,Hassan,Smith,NO,3,LEISURE,2,ONLINE,black_f,black,tone_5,red
P3777,Jasleen,Rao,NO,3,LEISURE,1,KIOSK,blonde_f,black,tone_1,suit
P3778,Jasleen,Jones,NO,2,LEISURE,0,DESK,brunette_f,black,tone_1,suit
P3779,Niamh,Owusu,NO,1,FAMILY,2,DESK,blonde_f,blue,tone_2,olive+green
P3780,Minji,Keita,NO,2,LEISURE,2,ONLINE,blonde,black,tone_6,olive+green
P3781,Joon,Zhang,NO,2,LEISURE,2,KIOSK,blonde,black,tone_1,red
P3782,Omar,Nair,NO,1,BUSINESS,0,ONLINE,black_f,blue,tone_4,red
P3783,Noah,Keita,NO,2,FAMILY,2,DESK,blonde_f,black,tone_2,blue
P3784,Giulia,Li,NO,2,SOLO,2,KIOSK,brunette,black,tone_1,suit
P3785,Faris,Gupta,NO,1,SOLO,0,KIOSK,black_f,blue,tone_4,olive+green
P3786,Obinna,Akhtar,NO,1,LEISURE,1,DESK,brunette_f,black,tone_4,suit
P3787,Jisoo,Fischer,NO,2,LEISURE,1,KIOSK,blonde,black,tone_1,red
P3788,Orla,Moretti,NO,2,BUSINESS,1,KIOSK,blonde,blue,tone_5,suit
P3789,Isabella,Davies,NO,1,LEISURE,1,ONLINE,brunette_f,black,tone_3,blue
P3790,Oscar,Iqbal,YES,5,LEISURE,1,KIOSK,blonde_f,black,tone_2,blue
P3791,Neil,Bui,NO,1,SOLO,2,ONLINE,blonde,black,tone_1,red
P3792,Ronan,Bernard,NO,1,BUSINESS,0,DESK,blonde,black,tone_3,suit
P3793,Olivia,Kowalski,NO,3,BUSINESS,1,ONLINE,blonde_f,black,tone_4,red
P3794,Salma,Esposito,NO,1,FAMILY,3,DESK,black,black,tone_4,suit
P3795,Avery,Khan,NO,3,SOLO,0,KIOSK,blonde,blue,tone_4,red
P3796,Dev,Verma,NO,1,FAMILY,1,ONLINE,brunette_f,blue,tone_1,red
P3797,Charlie,Wilson,NO,1,BUSINESS,1,KIOSK,blonde_f,black,tone_4,olive+green
P3798,Amrit,Walsh,NO,3,LEISURE,1,ONLINE,blonde,blue,tone_3,suit
P3799,Grace,Garcia,NO,3,SOLO,2,ONLINE,black_f,black,tone_5,blue
P3800,Jules,Mehta,NO,2,BUSINESS,1,DESK,black_f,black,tone_3,suit
P3801,Isla,Agyeman,NO,3,LEISURE,1,ONLINE,brunette,blue,tone_2,red
P3802,Zain,Bui,NO,2,LEISURE,1,ONLINE,black_f,black,tone_2,red
P3803,Sota,Foster,YES,6,SOLO,0,ONLINE,black_f,black,tone_6,olive+green
P3804,Jun,Bianchi,NO,1,LEISURE,0,ONLINE,black_f,black,tone_1,red
P3805,Hao,Tran,YES,8,LEISURE,1,DESK,brunette_f,blue,tone_3,suit
P3806,Bilal,Choi,YES,9,LEISURE,1,ONLINE,brunette,black,tone_3,olive+green
P3807,Alfie,Malhotra,YES,6,LEISURE,0,KIOSK,brunette,black,tone_6,olive+green
P3808,Jun,Pham,NO,1,SOLO,2,ONLINE,black,black,tone_6,suit
P3809,Veer,Campbell,NO,1,BUSINESS,0,ONLINE,blonde_f,blue,tone_3,suit
P3810,Theo,Murphy,NO,3,LEISURE,0,ONLINE,blonde,black,tone_6,olive+green
P3811,Poppy,Watson,NO,1,SOLO,1,KIOSK,black_f,blue,tone_3,blue
P3812,Salma,Durand,NO,2,SOLO,2,KIOSK,black,blue,tone_1,suit
P3813,Marek,Gallagher,NO,1,SOLO,1,DESK,black_f,black,tone_5,red
P3814,Benjamin,Thomas,NO,1,SOLO,1,ONLINE,brunette_f,black,tone_6,blue
P3815,Henry,Yamamoto,YES,7,FAMILY,2,DESK,brunette,blue,tone_2,blue
P3816,Ruby,Reed,NO,3,LEISURE,1,ONLINE,brunette_f,black,tone_6,suit
P3817,Kwame,Zhang,NO,2,LEISURE,2,ONLINE,black,black,tone_6,olive+green
P3818,Trang,Richards,NO,1,LEISURE,2,DESK,brunette,blue,tone_3,suit
P3819,Amelia,Nwosu,YES,10,BUSINESS,0,ONLINE,blonde,black,tone_4,olive+green
P3820,Ava,Shah,YES,10,LEISURE,1,ONLINE,blonde_f,black,tone_3,red
P3821,Meera,Collins,NO,1,FAMILY,1,DESK,black_f,black,tone_6,suit
P3822,Imani,Verma,NO,3,BUSINESS,1,KIOSK,brunette_f,blue,tone_6,olive+green
P3823,Vivaan,Nair,NO,1,SOLO,1,DESK,black_f,black,tone_2,suit
P3824,Haruto,Robinson,YES,8,BUSINESS,0,ONLINE,black,black,tone_1,red
P3825,Nathan,Taylor,NO,3,LEISURE,0,ONLINE,brunette_f,black,tone_2,olive+green
P3826,Kofi,Phan,NO,3,FAMILY,3,DESK,blonde,black,tone_4,suit
P3827,Diego,Ryan,YES,7,SOLO,1,KIOSK,black,black,tone_6,suit
P3828,Arjun,Thompson,NO,3,LEISURE,0,DESK,brunette_f,black,tone_5,red
P3829,Reyansh,Williams,YES,10,LEISURE,0,ONLINE,blonde_f,blue,tone_5,suit
P3830,Jamie,Owusu,NO,1,BUSINESS,0,ONLINE,blonde,black,tone_6,red
P3831,Mateo,Kaur,NO,1,FAMILY,1,DESK,brunette_f,blue,tone_4,suit
P3832,Harry,Kaur,NO,2,LEISURE,1,ONLINE,black_f,black,tone_3,red
P3833,Joon,Johnson,NO,2,LEISURE,1,DESK,blonde,blue,tone_1,olive+green
P3834,Grace,Balogun,NO,2,LEISURE,1,ONLINE,brunette,blue,tone_1,suit
P3835,Minji,Gray,NO,2,LEISURE,1,ONLINE,black,black,tone_4,red
P3836,Zain,Mahmood,NO,3,LEISURE,1,ONLINE,blonde,blue,tone_1,olive+green
P3837,Jonas,Joshi,YES,9,BUSINESS,0,ONLINE,black,blue,tone_3,red
P3838,Johanna,Choi,NO,2,BUSINESS,1,KIOSK,black,blue,tone_1,olive+green
P3839,Marek,Kumar,NO,1,BUSINESS,2,ONLINE,brunette,black,tone_4,olive+green
P3840,Aarav,Eze,NO,1,LEISURE,2,ONLINE,brunette_f,black,tone_2,blue
P3841,Marek,Leroy,NO,2,LEISURE,1,DESK,brunette,black,tone_5,suit
P3842,Harriet,Smith,YES,5,LEISURE,1,ONLINE,blonde,blue,tone_5,red
P3843,Evie,Moreau,NO,1,LEISURE,1,DESK,blonde_f,blue,tone_1,blue
P3844,Amelia,Gray,NO,2,BUSINESS,1,ONLINE,blonde_f,black,tone_1,blue
P3845,Luca,Ito,NO,1,LEISURE,1,ONLINE,black_f,black,tone_3,suit
P3846,Maeve,Johnson,NO,2,LEISURE,1,DESK,blonde,black,tone_4,red
P3847,Karim,Grant,NO,3,SOLO,0,KIOSK,brunette_f,blue,tone_2,red
P3848,Yuki,Baker,YES,9,LEISURE,0,DESK,brunette_f,black,tone_2,olive+green
P3849,Quang,Iqbal,NO,1,LEISURE,1,DESK,brunette,blue,tone_1,blue
P3850,Aoife,Zhou,NO,1,FAMILY,3,DESK,blonde_f,black,tone_5,olive+green
P3851,Tao,Wisniewski,NO,1,BUSINESS,1,KIOSK,blonde_f,black,tone_1,olive+green
P3852,Aditya,Sharma,NO,1,LEISURE,1,KIOSK,blonde_f,black,tone_1,suit
P3853,Zain,Saleh,NO,1,LEISURE,1,KIOSK,black,black,tone_4,suit
P3854,Arthur,Adeyemi,NO,1,SOLO,0,KIOSK,black,blue,tone_4,blue
P3855,Alejandro,Ali,NO,2,FAMILY,2,KIOSK,brunette,black,tone_5,blue
P3856,Aoife,Young,YES,8,LEISURE,0,DESK,black_f,blue,tone_1,blue
P3857,Samar,Wang,NO,1,LEISURE,1,KIOSK,black,black,tone_1,blue
P3858,Jasleen,Mehta,YES,5,FAMILY,1,DESK,black_f,black,tone_5,blue
P3859,Sophie,Hall,YES,7,FAMILY,3,DESK,black_f,blue,tone_5,blue
P3860,Yasmin,Kelly,YES,7,BUSINESS,0,ONLINE,black_f,blue,tone_6,red
P3861,Riya,Desai,YES,5,LEISURE,0,KIOSK,brunette,black,tone_4,suit
P3862,Hyejin,Schmidt,NO,2,LEISURE,1,DESK,brunette_f,blue,tone_2,suit
P3863,Isabella,Jackson,NO,1,FAMILY,2,ONLINE,black_f,black,tone_3,suit
P3864,Riley,Iyer,NO,1,SOLO,1,ONLINE,black,black,tone_6,red
P3865,Diego,Adams,NO,2,LEISURE,0,DESK,black_f,blue,tone_1,blue
P3866,Imran,Lee,NO,1,LEISURE,0,ONLINE,blonde,black,tone_5,olive+green
P3867,Salma,Kowalski,NO,2,LEISURE,2,ONLINE,brunette_f,blue,tone_1,blue
P3868,Jelani,Ryan,NO,1,LEISURE,1,ONLINE,black_f,black,tone_1,olive+green
P3869,Jack,Shah,NO,1,FAMILY,3,DESK,black_f,blue,tone_6,red
P3870,Jun,Traore,NO,1,LEISURE,1,DESK,black_f,blue,tone_1,suit
P3871,Sophie,Toure,YES,10,LEISURE,0,KIOSK,black,blue,tone_4,red
P3872,Trang,Wang,YES,5,LEISURE,1,DESK,black_f,blue,tone_4,red
P3873,Mila,Ricci,NO,3,LEISURE,1,KIOSK,brunette,black,tone_6,red
P3874,Olivia,Okafor,NO,1,LEISURE,1,DESK,brunette_f,black,tone_1,olive+green
P3875,Imani,Balogun,NO,2,BUSINESS,0,ONLINE,blonde_f,black,tone_6,olive+green
P3876,Aaliyah,O'Brien,NO,1,LEISURE,1,ONLINE,brunette_f,blue,tone_2,olive+green
P3877,Evie,Akhtar,NO,1,FAMILY,3,ONLINE,black,blue,tone_2,suit
P3878,Nari,Nowak,NO,1,LEISURE,1,ONLINE,blonde_f,blue,tone_2,blue
P3879,Adwoa,Clarke,NO,1,BUSINESS,0,ONLINE,blonde_f,black,tone_3,red
P3880,Ahmed,Schneider,NO,1,FAMILY,2,DESK,brunette_f,blue,tone_1,olive+green
P3881,Poppy,Reddy,NO,1,FAMILY,1,KIOSK,black_f,blue,tone_4,suit
P3882,Maeve,Patel,NO,2,LEISURE,0,KIOSK,blonde_f,blue,tone_3,olive+green
P3883,Obinna,Tran,NO,3,LEISURE,1,DESK,blonde,blue,tone_1,olive+green
P3884,Anh,Nair,NO,2,LEISURE,2,DESK,brunette,black,tone_1,red
P3885,Jack,Malik,NO,2,LEISURE,0,DESK,brunette_f,black,tone_6,blue
P3886,Kiet,Rodriguez,YES,10,LEISURE,0,DESK,blonde,black,tone_6,olive+green
P3887,Yusuf,Dubois,NO,1,FAMILY,3,DESK,black,blue,tone_4,suit
P3888,Mariam,Kang,NO,1,LEISURE,1,ONLINE,blonde,blue,tone_3,blue
P3889,Casey,Nowak,YES,8,SOLO,0,KIOSK,black,black,tone_5,suit
P3890,Minho,Murphy,YES,8,SOLO,0,DESK,black_f,blue,tone_3,blue
P3891,Riya,Grant,NO,1,LEISURE,1,DESK,blonde,black,tone_1,red
P3892,Ella,Murphy,NO,2,SOLO,0,DESK,black,black,tone_2,red
P3893,Ronan,Parker,NO,1,BUSINESS,2,KIOSK,black_f,black,tone_3,red
P3894,Jaspreet,Smith,NO,2,SOLO,0,ONLINE,brunette_f,blue,tone_1,olive+green
P3895,Sami,Fofana,YES,10,LEISURE,1,DESK,brunette_f,black,tone_6,olive+green
P3896,Gurleen,Williams,NO,2,FAMILY,2,KIOSK,brunette_f,black,tone_2,red
P3897,Declan,Eze,NO,1,LEISURE,1,KIOSK,blonde_f,black,tone_5,suit
P3898,Sam,Toure,NO,2,BUSINESS,0,KIOSK,blonde_f,black,tone_1,suit
P3899,Lucie,Thomas,NO,1,SOLO,2,KIOSK,blonde,blue,tone_4,suit
P3900,Imran,Rodriguez,NO,1,FAMILY,3,DESK,blonde,blue,tone_4,suit
P3901,Jules,Nwosu,NO,1,SOLO,1,DESK,black,black,tone_3,blue
P3902,Hamza,Watson,NO,3,LEISURE,1,KIOSK,blonde,blue,tone_4,red
P3903,Aarav,Brown,NO,2,LEISURE,0,ONLINE,black_f,black,tone_3,olive+green
P3904,Niamh,Singh,NO,1,BUSINESS,1,DESK,brunette,black,tone_2,blue
P3905,Gurpreet,Khalil,NO,2,LEISURE,1,ONLINE,black,blue,tone_4,blue
P3906,Ali,Iyer,YES,5,LEISURE,2,DESK,blonde_f,black,tone_3,olive+green
P3907,Obinna,Moreau,NO,1,BUSINESS,1,ONLINE,black,black,tone_6,suit
P3908,Molly,Kelly,NO,1,SOLO,1,KIOSK,black,black,tone_2,olive+green
P3909,Alex,Foster,NO,2,FAMILY,1,ONLINE,black,blue,tone_1,red
P3910,Soyeon,Baker,NO,1,FAMILY,2,DESK,brunette,blue,tone_1,blue
P3911,Benjamin,Park,NO,3,BUSINESS,1,DESK,blonde_f,black,tone_4,red
P3912,Gurleen,Keita,NO,2,BUSINESS,1,ONLINE,black_f,blue,tone_2,olive+green
P3913,Benjamin,Li,NO,2,BUSINESS,1,ONLINE,black_f,black,tone_3,suit
P3914,Hana,Anderson,YES,9,LEISURE,1,ONLINE,black,blue,tone_3,olive+green
P3915,Kojo,Evans,NO,2,SOLO,1,ONLINE,black,black,tone_5,blue
P3916,Ayaan,Le,NO,1,LEISURE,1,ONLINE,blonde,black,tone_3,olive+green
P3917,Faris,Russell,NO,1,FAMILY,2,KIOSK,blonde_f,black,tone_5,olive+green
P3918,Alessia,Sharma,NO,2,BUSINESS,0,ONLINE,brunette,blue,tone_6,blue
P3919,Cameron,Chen,NO,3,SOLO,0,ONLINE,black,blue,tone_6,olive+green
P3920,Luca,O'Brien,NO,1,LEISURE,1,ONLINE,blonde,blue,tone_4,blue
P3921,Maeve,Evans,NO,3,SOLO,1,ONLINE,black_f,black,tone_6,olive+green
P3922,Alejandro,Nasser,NO,1,FAMILY,2,ONLINE,blonde,blue,tone_5,blue
P3923,Faris,Toure,NO,1,LEISURE,0,KIOSK,brunette_f,blue,tone_2,blue
P3924,Neil,Li,NO,3,FAMILY,3,DESK,brunette_f,black,tone_6,olive+green
P3925,Mia,Wright,NO,2,BUSINESS,1,ONLINE,black,black,tone_5,red
P3926,Jamie,Campbell,NO,3,SOLO,2,DESK,blonde,blue,tone_2,olive+green
P3927,Chloe,Saleh,NO,2,SOLO,1,ONLINE,black_f,blue,tone_4,olive+green
P3928,Priya,Toure,NO,1,LEISURE,1,KIOSK,black,black,tone_6,suit
P3929,Imran,Leroy,NO,1,LEISURE,2,ONLINE,brunette_f,blue,tone_4,red
P3930,Santiago,Walsh,NO,3,SOLO,1,KIOSK,brunette,blue,tone_2,suit
P3931,Jaspreet,Iqbal,NO,3,BUSINESS,1,ONLINE,blonde_f,blue,tone_1,suit
P3932,Johanna,Jung,YES,5,FAMILY,3,ONLINE,blonde_f,black,tone_4,olive+green
P3933,Kwame,Gray,NO,2,FAMILY,1,KIOSK,brunette,black,tone_6,red
P3934,Jules,Okafor,NO,2,BUSINESS,2,DESK,black_f,blue,tone_1,olive+green
P3935,Priya,Campbell,NO,2,BUSINESS,0,ONLINE,black_f,black,tone_1,olive+green
P3936,Oscar,Bui,NO,3,FAMILY,2,KIOSK,brunette,black,tone_5,olive+green
P3937,Oliver,Haddad,NO,1,LEISURE,1,ONLINE,brunette,blue,tone_5,blue
P3938,Omar,Khan,NO,1,LEISURE,1,KIOSK,brunette,black,tone_1,blue
P3939,Minh,Patel,NO,3,BUSINESS,1,ONLINE,blonde_f,blue,tone_2,suit
P3940,Kavya,Ahmed,YES,7,LEISURE,1,KIOSK,brunette_f,black,tone_3,suit
P3941,Arnav,Johnson,YES,10,LEISURE,1,ONLINE,brunette,blue,tone_2,blue
P3942,Krish,Ryan,NO,1,BUSINESS,1,ONLINE,brunette_f,black,tone_2,suit
P3943,Mia,Cho,YES,6,BUSINESS,1,KIOSK,blonde_f,blue,tone_3,suit
P3944,Marco,Scott,NO,1,FAMILY,3,DESK,black,black,tone_4,olive+green
P3945,Aiko,Adams,YES,8,LEISURE,1,ONLINE,brunette,blue,tone_6,red
P3946,Oliver,O'Brien,NO,2,FAMILY,3,ONLINE,black,black,tone_6,red
P3947,Zofia,Kaur,YES,10,FAMILY,2,ONLINE,blonde_f,blue,tone_6,red
P3948,Bao,Watson,NO,1,LEISURE,0,DESK,black_f,black,tone_4,olive+green
P3949,Neil,Lewandowski,YES,6,FAMILY,2,DESK,brunette_f,blue,tone_3,blue
P3950,Lily,Wisniewski,YES,6,LEISURE,1,ONLINE,brunette,black,tone_5,red
P3951,Diya,Garcia,NO,2,LEISURE,1,DESK,brunette_f,black,tone_4,suit
P3952,Cameron,Durand,NO,1,LEISURE,2,KIOSK,black_f,black,tone_4,olive+green
P3953,Anja,Clarke,NO,1,LEISURE,1,ONLINE,blonde,black,tone_2,olive+green
P3954,Ade,Ricci,NO,1,BUSINESS,0,ONLINE,blonde,black,tone_3,olive+green
P3955,Bilal,Rahman,NO,2,SOLO,2,ONLINE,black_f,blue,tone_3,red
P3956,Jules,Schmidt,NO,3,BUSINESS,1,KIOSK,brunette_f,blue,tone_4,suit
P3957,Kacper,Yoon,NO,2,LEISURE,1,ONLINE,black_f,blue,tone_2,red
P3958,Sami,Evans,YES,8,FAMILY,2,KIOSK,blonde,black,tone_5,suit
P3959,Michael,Thomas,NO,1,LEISURE,1,KIOSK,black,black,tone_2,olive+green
P3960,Kiet,Ruiz,YES,5,BUSINESS,1,ONLINE,black_f,blue,tone_2,olive+green
P3961,Riley,Tanaka,NO,1,LEISURE,1,ONLINE,blonde_f,black,tone_4,olive+green
P3962,Linh,Saleh,YES,8,FAMILY,3,DESK,black_f,black,tone_2,olive+green
P3963,Noor,O'Brien,NO,1,BUSINESS,1,DESK,brunette_f,black,tone_3,suit
P3964,Karim,Ito,NO,3,LEISURE,1,DESK,brunette,blue,tone_5,blue
P3965,Tomasz,Watson,NO,3,BUSINESS,1,ONLINE,black,blue,tone_2,blue
P3966,Benjamin,Yamamoto,NO,2,LEISURE,1,ONLINE,blonde_f,black,tone_4,blue
P3967,Neil,Kang,YES,9,LEISURE,1,DESK,brunette,blue,tone_6,red
P3968,Adwoa,Malik,NO,1,SOLO,1,DESK,blonde_f,black,tone_1,red
P3969,Sam,Kapoor,NO,2,LEISURE,0,ONLINE,brunette,blue,tone_5,suit
P3970,Jordan,Brar,NO,2,FAMILY,1,KIOSK,blonde,black,tone_1,suit
P3971,Mariam,Nowak,NO,3,LEISURE,1,ONLINE,black_f,black,tone_5,blue
P3972,Ali,Evans,NO,2,BUSINESS,0,ONLINE,brunette_f,blue,tone_4,olive+green
P3973,Mateo,Huynh,NO,2,SOLO,1,KIOSK,black_f,black,tone_1,red
P3974,Kabir,Rodriguez,YES,10,LEISURE,1,ONLINE,blonde,black,tone_1,suit
P3975,Mandeep,Khalil,YES,10,LEISURE,0,KIOSK,brunette_f,blue,tone_1,olive+green
P3976,Gurleen,Taylor,NO,3,LEISURE,1,DESK,black,blue,tone_3,olive+green
P3977,Kiet,Schneider,YES,8,LEISURE,1,ONLINE,black,blue,tone_6,red
P3978,Mandeep,Takahashi,YES,5,BUSINESS,1,ONLINE,blonde,black,tone_1,olive+green
P3979,Bethany,Wilson,NO,1,LEISURE,0,ONLINE,blonde,blue,tone_4,olive+green
P3980,Zofia,Thompson,NO,2,LEISURE,1,DESK,brunette_f,black,tone_6,olive+green
P3981,Zain,Toure,NO,3,SOLO,1,DESK,brunette_f,blue,tone_4,suit
P3982,Neil,Bernard,NO,2,LEISURE,1,DESK,brunette,black,tone_3,blue
P3983,Oisin,Young,NO,1,LEISURE,0,ONLINE,brunette_f,black,tone_4,suit
P3984,Aditya,Li,NO,1,SOLO,2,DESK,blonde_f,blue,tone_1,red
P3985,Poppy,Fischer,NO,1,SOLO,1,ONLINE,brunette_f,black,tone_5,olive+green
P3986,Zofia,Zielinski,NO,1,FAMILY,2,KIOSK,black_f,black,tone_4,suit
P3987,Yuki,Hall,YES,6,LEISURE,0,ONLINE,brunette_f,blue,tone_5,red
P3988,Ade,Romano,YES,8,BUSINESS,1,KIOSK,brunette,blue,tone_3,suit
P3989,Yusuf,Foster,YES,10,BUSINESS,1,ONLINE,black_f,blue,tone_2,blue
P3990,Michael,Singh,NO,1,LEISURE,1,ONLINE,black_f,blue,tone_6,blue
P3991,Ming,Mahmood,NO,3,LEISURE,2,KIOSK,brunette,blue,tone_5,olive+green
P3992,Kacper,Kowalski,NO,3,FAMILY,3,ONLINE,blonde,blue,tone_4,suit
P3993,Joon,Watson,NO,1,LEISURE,1,ONLINE,black_f,blue,tone_1,blue
P3994,Henry,Murphy,NO,1,SOLO,2,KIOSK,brunette_f,black,tone_6,red
P3995,Phoebe,Ryan,YES,5,LEISURE,1,DESK,blonde_f,blue,tone_2,suit
P3996,Ayana,Adeyemi,NO,1,SOLO,1,ONLINE,black_f,black,tone_1,blue
P3997,Omar,Fischer,NO,3,FAMILY,2,KIOSK,black_f,blue,tone_3,red
P3998,Violet,Kaur,NO,1,SOLO,1,ONLINE,brunette,blue,tone_5,red
P3999,Linh,Muller,NO,1,SOLO,1,ONLINE,brunette_f,blue,tone_6,olive+green
P4000,Daichi,Moreau,NO,3,LEISURE,1,ONLINE,black,blue,tone_1,olive+green
P4001,Camila,Parker,NO,1,LEISURE,0,ONLINE,brunette,black,tone_5,blue
P4002,Molly,Mitchell,YES,5,BUSINESS,1,ONLINE,black,black,tone_5,blue
P4003,Amrit,Traore,NO,2,BUSINESS,1,ONLINE,brunette_f,black,tone_1,blue
P4004,Emily,Wright,NO,3,LEISURE,0,DESK,black_f,blue,tone_2,blue
P4005,Riley,Kim,NO,1,BUSINESS,1,KIOSK,brunette_f,black,tone_6,blue
P4006,Karan,Perez,NO,1,LEISURE,1,ONLINE,black_f,black,tone_6,olive+green
P4007,Arjun,Le,NO,2,LEISURE,1,ONLINE,black_f,black,tone_3,olive+green
P4008,Sebastian,Russell,NO,3,SOLO,1,DESK,brunette_f,blue,tone_3,blue
P4009,Georgia,Martinez,NO,2,LEISURE,2,DESK,blonde_f,black,tone_3,red
P4010,Hyejin,Lewandowski,NO,1,LEISURE,1,ONLINE,black,black,tone_6,red
P4011,Felix,Durand,NO,1,LEISURE,0,ONLINE,blonde_f,black,tone_2,blue
P4012,Eoin,Foster,NO,1,BUSINESS,0,ONLINE,brunette,blue,tone_1,olive+green
P4013,Samar,Moreau,NO,1,FAMILY,3,KIOSK,black,black,tone_2,suit
P4014,Casey,Gill,NO,1,BUSINESS,1,DESK,brunette,black,tone_2,suit
P4015,Sebastian,Lee,YES,7,BUSINESS,1,ONLINE,blonde,black,tone_6,suit
P4016,Hannah,Ryan,YES,6,BUSINESS,0,ONLINE,brunette_f,blue,tone_6,suit
P4017,Tariq,Collins,NO,2,SOLO,1,ONLINE,black_f,black,tone_6,olive+green
P4018,Aarav,Rodriguez,NO,1,LEISURE,1,DESK,blonde_f,blue,tone_5,olive+green
P4019,Amrit,Yoon,NO,1,FAMILY,3,ONLINE,brunette_f,blue,tone_4,red
P4020,Kabir,Camara,NO,2,LEISURE,1,DESK,blonde,blue,tone_5,olive+green
P4021,Sebastian,Eze,NO,1,LEISURE,1,KIOSK,blonde,blue,tone_3,blue
P4022,Noor,Martinez,NO,2,LEISURE,1,DESK,blonde_f,black,tone_4,olive+green
P4023,Hana,Rao,YES,7,SOLO,2,ONLINE,brunette,blue,tone_6,red
P4024,Samar,Kone,NO,2,FAMILY,2,ONLINE,brunette_f,black,tone_1,suit
P4025,Eoin,Gomez,NO,2,LEISURE,1,ONLINE,black_f,blue,tone_6,blue
P4026,Violet,Green,NO,2,FAMILY,1,KIOSK,blonde_f,black,tone_4,suit
P4027,Hao,Chopra,NO,2,LEISURE,1,ONLINE,blonde,black,tone_1,suit
P4028,Lucie,Nasser,NO,1,BUSINESS,1,ONLINE,black,black,tone_5,red
P4029,Jordan,Collins,NO,1,SOLO,1,KIOSK,brunette_f,black,tone_1,blue
P4030,Hao,Smith,NO,3,SOLO,1,ONLINE,brunette,black,tone_6,red
P4031,Zofia,Sharma,NO,1,LEISURE,1,DESK,black_f,black,tone_4,blue
P4032,Gabriel,Jimenez,NO,2,BUSINESS,0,KIOSK,black_f,blue,tone_4,suit
P4033,Harpreet,Kang,NO,1,LEISURE,1,ONLINE,blonde_f,black,tone_5,olive+green
P4034,Marek,Siddiqui,NO,3,SOLO,1,KIOSK,blonde_f,blue,tone_6,suit
P4035,Amina,Brown,NO,3,LEISURE,0,ONLINE,black,black,tone_2,blue
P4036,Isabella,Richards,NO,1,LEISURE,0,DESK,blonde_f,black,tone_2,suit
P4037,Luca,Huang,NO,2,BUSINESS,0,KIOSK,black_f,blue,tone_1,olive+green
P4038,Maeve,Carter,NO,2,LEISURE,1,DESK,blonde,blue,tone_1,suit
P4039,Emeka,Ryan,NO,2,BUSINESS,1,ONLINE,blonde,black,tone_6,suit
P4040,Manon,Wright,NO,1,SOLO,0,ONLINE,black_f,black,tone_4,red
P4041,Adwoa,Walker,YES,7,SOLO,0,ONLINE,brunette,blue,tone_1,suit
P4042,Tariq,Green,NO,2,BUSINESS,0,KIOSK,black_f,black,tone_2,olive+green
P4043,Jelani,Wisniewski,NO,1,BUSINESS,0,DESK,black_f,blue,tone_5,suit
P4044,Ella,Okafor,YES,7,LEISURE,1,ONLINE,blonde,black,tone_2,blue
P4045,Joon,Dubois,NO,1,LEISURE,1,ONLINE,brunette,black,tone_3,blue
P4046,Dev,Dhillon,NO,2,LEISURE,1,DESK,black,blue,tone_2,olive+green
P4047,Bao,Adeyemi,NO,2,FAMILY,2,KIOSK,black_f,black,tone_4,suit
P4048,Leo,Murphy,NO,2,BUSINESS,0,KIOSK,brunette_f,black,tone_2,suit
P4049,Imran,Smith,YES,10,LEISURE,0,KIOSK,brunette_f,blue,tone_4,suit
P4050,Lucie,Cho,NO,1,LEISURE,1,ONLINE,brunette,black,tone_2,blue
P4051,Manpreet,Park,YES,8,SOLO,1,ONLINE,brunette,blue,tone_4,blue
P4052,Ahmed,Gray,NO,1,LEISURE,0,DESK,blonde_f,black,tone_4,blue
P4053,Mariam,Siddiqui,NO,3,LEISURE,1,DESK,black_f,blue,tone_5,olive+green
P4054,Marco,Bernard,NO,1,LEISURE,2,KIOSK,brunette,blue,tone_6,olive+green
P4055,Meera,Wang,NO,1,BUSINESS,1,KIOSK,black,black,tone_3,red
P4056,Alessia,Richards,NO,2,LEISURE,0,ONLINE,brunette,black,tone_4,blue
P4057,Oisin,Ricci,NO,1,BUSINESS,1,ONLINE,blonde,black,tone_1,blue
P4058,Aanya,Gupta,NO,3,BUSINESS,1,ONLINE,black_f,black,tone_5,suit
P4059,Alessia,Williams,NO,1,LEISURE,2,KIOSK,brunette,black,tone_4,olive+green
P4060,Phoebe,Jung,NO,1,LEISURE,1,ONLINE,black_f,blue,tone_5,suit
P4061,Sami,Kowalski,NO,2,LEISURE,1,ONLINE,blonde,black,tone_2,olive+green
P4062,Tunde,Lee,NO,3,BUSINESS,0,ONLINE,brunette_f,black,tone_5,blue
P4063,Mia,Gray,NO,1,FAMILY,1,DESK,black,blue,tone_1,olive+green
P4064,Eoin,Francis,NO,1,FAMILY,1,ONLINE,black_f,black,tone_4,suit
P4065,Faris,Davies,NO,1,LEISURE,1,DESK,brunette_f,black,tone_5,blue
P4066,Georgia,Schneider,NO,1,LEISURE,2,DESK,blonde,blue,tone_6,suit
P4067,Diego,Howard,NO,1,FAMILY,2,KIOSK,blonde,blue,tone_4,red
P4068,Jonas,Boateng,YES,5,LEISURE,0,ONLINE,brunette,black,tone_6,olive+green
P4069,Zofia,Shah,NO,2,LEISURE,2,ONLINE,black,black,tone_5,red
P4070,Bao,Bamba,NO,2,LEISURE,1,DESK,black,blue,tone_5,red
P4071,Taylor,Ricci,NO,1,LEISURE,1,KIOSK,black,blue,tone_4,suit
P4072,Amelia,Mitchell,NO,3,FAMILY,3,DESK,blonde,black,tone_4,red
P4073,Kabir,Schmidt,NO,1,BUSINESS,1,DESK,blonde,blue,tone_5,red
P4074,Zuri,Yamamoto,NO,3,FAMILY,2,ONLINE,black_f,blue,tone_5,suit
P4075,Minho,Adams,NO,1,FAMILY,3,ONLINE,black,blue,tone_6,suit
P4076,Molly,Lopez,NO,1,LEISURE,1,ONLINE,blonde_f,black,tone_5,blue
P4077,Dhruv,Taylor,NO,2,LEISURE,1,ONLINE,blonde,black,tone_4,olive+green
P4078,Vihaan,Robinson,NO,1,LEISURE,1,ONLINE,brunette,black,tone_2,blue
P4079,Minji,Mensah,NO,1,LEISURE,1,ONLINE,blonde_f,blue,tone_4,suit
P4080,Isabella,Kaminski,NO,3,LEISURE,1,DESK,brunette,blue,tone_6,blue
P4081,Samar,Choi,NO,2,LEISURE,0,KIOSK,blonde,blue,tone_2,suit
P4082,Anh,Pham,NO,1,LEISURE,1,DESK,black,blue,tone_4,olive+green
P4083,Ibrahim,Patel,NO,1,BUSINESS,1,ONLINE,brunette,blue,tone_6,suit
P4084,Diya,Khan,YES,6,LEISURE,1,DESK,blonde,black,tone_1,olive+green
P4085,Mia,Lopez,YES,8,FAMILY,2,ONLINE,black,black,tone_2,olive+green
P4086,Alejandro,Jung,NO,1,LEISURE,2,DESK,blonde_f,black,tone_6,olive+green
P4087,Riley,Sharma,NO,1,BUSINESS,0,ONLINE,brunette_f,blue,tone_1,suit
P4088,Thomas,Desai,NO,1,LEISURE,1,DESK,brunette,blue,tone_1,suit
P4089,Hamza,Huynh,NO,1,LEISURE,1,DESK,brunette_f,blue,tone_3,red
P4090,Sophia,Murphy,NO,2,LEISURE,0,KIOSK,blonde,black,tone_6,blue
P4091,Felix,Lopez,NO,2,LEISURE,1,ONLINE,brunette,blue,tone_3,blue
P4092,Harry,Traore,NO,3,LEISURE,1,ONLINE,brunette_f,blue,tone_2,suit
P4093,Bilal,Verma,NO,2,BUSINESS,0,ONLINE,brunette,black,tone_4,blue
P4094,Jordan,Vu,NO,2,BUSINESS,1,ONLINE,blonde,black,tone_2,olive+green
P4095,Matteo,Schmidt,NO,1,LEISURE,1,DESK,brunette_f,black,tone_5,suit
P4096,Isla,Williams,NO,2,BUSINESS,1,ONLINE,black,blue,tone_5,red
P4097,Victoria,Khalil,NO,1,SOLO,0,DESK,brunette_f,black,tone_3,blue
P4098,Zuri,Verma,NO,1,FAMILY,2,KIOSK,blonde_f,blue,tone_1,suit
P4099,Ayaan,Zhang,NO,3,SOLO,1,DESK,brunette,black,tone_1,suit
P4100,Marek,Campbell,NO,1,SOLO,1,ONLINE,blonde_f,black,tone_6,suit
P4101,Wei,Kowalski,NO,1,SOLO,0,KIOSK,brunette_f,black,tone_1,blue
P4102,Soyeon,Nowak,NO,1,SOLO,2,DESK,blonde,black,tone_5,suit
P4103,Oscar,Adams,YES,10,LEISURE,2,ONLINE,black,black,tone_6,blue
P4104,Chloe,Dang,YES,5,FAMILY,2,KIOSK,blonde,black,tone_6,red
P4105,Aoife,O'Brien,NO,1,BUSINESS,1,KIOSK,blonde_f,blue,tone_4,suit
P4106,Simran,Kowalski,NO,2,LEISURE,0,ONLINE,blonde_f,blue,tone_6,red
P4107,Tara,Akhtar,NO,3,LEISURE,1,ONLINE,black,blue,tone_6,olive+green
P4108,Gabriel,Rossi,NO,1,SOLO,1,ONLINE,black,blue,tone_4,red
P4109,Lily,Nair,YES,10,BUSINESS,0,DESK,black,black,tone_6,red
P4110,Navdeep,Nwosu,NO,1,FAMILY,2,KIOSK,brunette,blue,tone_5,red
P4111,Haruto,Foster,NO,1,LEISURE,1,DESK,brunette,black,tone_2,red
P4112,George,Nasser,NO,2,SOLO,1,DESK,blonde_f,black,tone_2,suit
P4113,Ryan,Walsh,NO,1,SOLO,0,ONLINE,brunette,blue,tone_3,olive+green
P4114,George,Nguyen,NO,1,LEISURE,2,DESK,black,blue,tone_4,blue
P4115,Leon,Chopra,YES,10,BUSINESS,0,ONLINE,brunette_f,black,tone_6,blue
P4116,Mai,Hall,NO,3,LEISURE,1,ONLINE,blonde,black,tone_4,suit
P4117,Wei,Richards,YES,5,LEISURE,1,KIOSK,brunette_f,black,tone_1,red
P4118,Tara,Owusu,NO,1,LEISURE,2,KIOSK,blonde,blue,tone_5,olive+green
P4119,Yuki,Balogun,NO,1,LEISURE,0,ONLINE,black,black,tone_3,red
P4120,Adam,Roberts,NO,1,LEISURE,1,ONLINE,blonde_f,blue,tone_5,blue
P4121,Gurpreet,Mahmood,NO,1,BUSINESS,1,ONLINE,blonde_f,blue,tone_4,blue
P4122,Evie,Malik,YES,9,LEISURE,1,KIOSK,blonde,black,tone_4,olive+green
P4123,Benjamin,Adams,NO,1,FAMILY,3,ONLINE,brunette_f,blue,tone_3,blue
P4124,Muhammad,Yamamoto,NO,1,LEISURE,1,ONLINE,brunette,black,tone_1,olive+green
P4125,Jasleen,Gray,NO,1,LEISURE,1,ONLINE,black,black,tone_5,red
P4126,Ahmed,Huang,NO,3,SOLO,1,ONLINE,black,blue,tone_4,red
P4127,Declan,Young,NO,3,FAMILY,2,ONLINE,black,black,tone_5,blue
P4128,Lena,Ahmed,NO,1,LEISURE,1,KIOSK,blonde,blue,tone_6,blue
P4129,Nadia,Wilson,NO,2,SOLO,1,KIOSK,black,blue,tone_5,olive+green
P4130,Amina,Anderson,NO,2,FAMILY,3,DESK,black,black,tone_2,suit
P4131,Declan,Robinson,YES,9,LEISURE,0,ONLINE,black_f,blue,tone_5,blue
P4132,Luke,Brown,NO,2,LEISURE,1,DESK,blonde_f,black,tone_2,red
P4133,Aoife,Kowalski,NO,1,SOLO,1,KIOSK,blonde,black,tone_4,olive+green
P4134,Taylor,Bamba,NO,1,BUSINESS,0,DESK,blonde,blue,tone_6,red
P4135,Jasleen,Iyer,NO,1,FAMILY,2,KIOSK,black_f,blue,tone_4,suit
P4136,Oscar,Howard,NO,1,LEISURE,0,DESK,black_f,blue,tone_5,blue
P4137,Sami,Anderson,NO,2,SOLO,1,KIOSK,blonde,black,tone_6,red
P4138,Nari,Xu,YES,8,LEISURE,1,DESK,blonde,blue,tone_4,suit
P4139,Poppy,Rodriguez,NO,1,LEISURE,1,ONLINE,brunette,black,tone_6,suit
P4140,Aaliyah,Nguyen,NO,3,LEISURE,2,ONLINE,black,blue,tone_1,red
P4141,Sophie,Martinez,NO,3,LEISURE,1,ONLINE,black_f,black,tone_5,suit
P4142,Haruto,Leroy,NO,1,FAMILY,3,KIOSK,blonde_f,black,tone_6,blue
P4143,Kacper,Rahman,NO,1,FAMILY,3,DESK,blonde_f,black,tone_2,blue
P4144,Yusuf,Sandhu,YES,10,BUSINESS,0,ONLINE,blonde,blue,tone_4,red
P4145,Ahmed,Tanaka,YES,8,LEISURE,0,DESK,brunette_f,black,tone_1,blue
P4146,Tao,Sandhu,YES,10,FAMILY,2,DESK,black,black,tone_2,blue
P4147,Lena,Russell,NO,2,BUSINESS,0,KIOSK,brunette_f,blue,tone_1,blue
P4148,Krish,Patel,NO,2,BUSINESS,0,ONLINE,blonde,black,tone_6,suit
P4149,Kojo,Jung,NO,2,BUSINESS,1,ONLINE,black,blue,tone_1,olive+green
P4150,Manpreet,Takahashi,NO,1,FAMILY,3,DESK,blonde_f,black,tone_3,red
P4151,Navdeep,Bose,NO,2,BUSINESS,1,ONLINE,brunette_f,black,tone_2,olive+green
P4152,Veer,Vu,NO,1,FAMILY,2,KIOSK,black_f,blue,tone_4,blue
P4153,Kenji,Sow,NO,2,SOLO,2,ONLINE,brunette_f,blue,tone_6,red
P4154,Priya,Roberts,NO,1,LEISURE,1,KIOSK,brunette_f,blue,tone_4,red
P4155,Casey,Yoon,NO,1,LEISURE,1,ONLINE,black_f,blue,tone_4,red
P4156,Nia,Grant,NO,1,BUSINESS,0,ONLINE,brunette_f,black,tone_2,olive+green
P4157,Harry,Roberts,YES,9,FAMILY,2,ONLINE,brunette_f,blue,tone_6,suit
P4158,Tara,Iqbal,NO,3,LEISURE,1,ONLINE,brunette_f,black,tone_2,olive+green
P4159,Priya,Jung,YES,6,LEISURE,1,DESK,blonde_f,blue,tone_5,blue
P4160,Johanna,Huynh,NO,1,BUSINESS,1,ONLINE,black,blue,tone_1,suit
P4161,Ayana,Nair,NO,2,BUSINESS,1,ONLINE,blonde,blue,tone_4,suit
P4162,Alfie,Bailey,NO,1,SOLO,1,DESK,black,black,tone_4,olive+green
P4163,Adam,Gupta,NO,2,FAMILY,1,ONLINE,brunette,blue,tone_3,blue
P4164,Ronan,Park,NO,2,FAMILY,3,DESK,black_f,blue,tone_3,blue
P4165,Mandeep,Thomas,NO,1,FAMILY,1,DESK,brunette_f,blue,tone_3,olive+green
P4166,Isha,Bianchi,NO,2,SOLO,1,ONLINE,blonde,blue,tone_5,olive+green
P4167,Phoebe,Grant,NO,1,LEISURE,1,ONLINE,brunette_f,blue,tone_6,olive+green
P4168,Lucie,Sharma,YES,6,LEISURE,1,ONLINE,blonde,blue,tone_6,suit
P4169,Sam,Smith,NO,2,BUSINESS,1,KIOSK,blonde_f,blue,tone_4,suit
P4170,Harry,Clarke,NO,1,LEISURE,1,KIOSK,black,black,tone_4,suit
P4171,Ronan,Chen,YES,6,LEISURE,0,ONLINE,blonde,blue,tone_1,suit
P4172,Ahmed,Vu,NO,1,BUSINESS,0,KIOSK,black,blue,tone_6,red
P4173,Amara,Khan,NO,1,LEISURE,2,KIOSK,blonde_f,black,tone_3,blue
P4174,Niamh,Martinez,NO,2,BUSINESS,0,ONLINE,blonde_f,black,tone_1,red
P4175,Ronan,Byrne,NO,1,SOLO,0,ONLINE,blonde_f,black,tone_3,blue
P4176,Simran,Johnson,NO,1,SOLO,1,ONLINE,blonde_f,black,tone_2,suit
P4177,Aoife,Sandhu,NO,3,BUSINESS,1,ONLINE,blonde,blue,tone_6,blue
P4178,Tara,Singh,NO,2,FAMILY,3,ONLINE,blonde,blue,tone_2,blue
P4179,Ayaan,Takahashi,NO,1,BUSINESS,1,ONLINE,blonde_f,blue,tone_3,blue
P4180,Sebastian,Anderson,NO,1,SOLO,1,DESK,blonde_f,black,tone_5,red
P4181,Violet,Leroy,NO,1,LEISURE,0,DESK,blonde,black,tone_5,red
P4182,Arjun,Esposito,NO,2,SOLO,1,DESK,black_f,black,tone_4,blue
P4183,Santiago,Moretti,NO,3,BUSINESS,0,DESK,blonde_f,black,tone_2,olive+green
P4184,Rohan,O'Brien,NO,1,FAMILY,2,DESK,brunette,black,tone_6,olive+green
P4185,Abena,Gill,NO,1,BUSINESS,0,ONLINE,blonde_f,blue,tone_3,olive+green
P4186,Ananya,Russell,NO,2,FAMILY,2,DESK,black_f,blue,tone_4,suit
P4187,Quang,Gill,YES,7,BUSINESS,0,ONLINE,blonde_f,black,tone_5,blue
P4188,Sophia,Walsh,NO,1,LEISURE,1,DESK,black,black,tone_6,red
P4189,Imani,Clarke,NO,3,BUSINESS,0,ONLINE,black_f,blue,tone_1,suit
P4190,Aarav,Ferrari,NO,1,SOLO,1,ONLINE,blonde,blue,tone_2,suit
P4191,Arjun,Davies,NO,1,BUSINESS,0,ONLINE,blonde_f,black,tone_4,olive+green
P4192,Kofi,Fischer,YES,7,BUSINESS,0,KIOSK,brunette_f,black,tone_2,red
P4193,Oliver,Francis,NO,2,LEISURE,0,DESK,blonde_f,black,tone_2,suit
P4194,Kwame,Chopra,YES,8,SOLO,1,DESK,blonde_f,black,tone_4,suit
P4195,Johanna,Asante,NO,2,LEISURE,1,ONLINE,brunette,blue,tone_5,suit
P4196,Hao,Kelly,NO,1,LEISURE,1,KIOSK,blonde_f,blue,tone_6,olive+green
P4197,Ryan,Balogun,NO,2,BUSINESS,0,KIOSK,brunette,black,tone_1,suit
P4198,Hugo,Wilson,YES,9,LEISURE,2,KIOSK,brunette_f,black,tone_5,blue
P4199,Emily,Yamamoto,NO,2,LEISURE,1,ONLINE,brunette,black,tone_6,olive+green
P4200,Grace,Campbell,NO,2,LEISURE,1,KIOSK,brunette_f,blue,tone_5,olive+green
P4201,Emeka,Xu,YES,10,BUSINESS,0,KIOSK,brunette_f,blue,tone_5,suit
P4202,Avery,Balogun,NO,3,LEISURE,2,DESK,brunette_f,black,tone_1,red
P4203,Noor,White,NO,2,SOLO,1,ONLINE,brunette,blue,tone_6,blue
P4204,Poppy,Yamamoto,YES,9,LEISURE,1,DESK,black_f,blue,tone_6,suit
P4205,Avery,Malhotra,NO,3,LEISURE,1,KIOSK,brunette_f,blue,tone_3,olive+green
P4206,Jules,Kone,NO,2,FAMILY,2,DESK,black_f,blue,tone_2,red
P4207,Molly,Huang,NO,3,LEISURE,1,ONLINE,brunette_f,blue,tone_1,red
P4208,Ava,Wisniewski,NO,1,BUSINESS,1,ONLINE,black_f,black,tone_4,olive+green
P4209,Jasleen,Durand,NO,3,BUSINESS,1,ONLINE,black_f,blue,tone_2,red
P4210,Daichi,Scott,NO,1,LEISURE,1,KIOSK,brunette,black,tone_2,suit
P4211,Riya,Saleh,NO,1,BUSINESS,1,ONLINE,blonde,black,tone_1,olive+green
P4212,Emily,Park,NO,2,LEISURE,1,KIOSK,black_f,blue,tone_3,red
P4213,Amelia,Kaminski,NO,1,BUSINESS,2,ONLINE,brunette_f,blue,tone_3,suit
P4214,Sakura,Howard,NO,1,FAMILY,1,DESK,brunette,black,tone_2,blue
P4215,Bilal,Morgan,NO,1,SOLO,1,KIOSK,blonde_f,blue,tone_5,olive+green
P4216,Kavya,Yamamoto,YES,10,LEISURE,0,ONLINE,blonde_f,black,tone_4,suit
P4217,Priya,Carter,NO,1,FAMILY,2,ONLINE,brunette,black,tone_4,blue
P4218,Zuri,Grant,NO,2,LEISURE,1,KIOSK,brunette,blue,tone_6,blue
P4219,Michael,Shah,NO,1,FAMILY,1,DESK,blonde,blue,tone_2,red
P4220,Jasleen,Young,YES,5,SOLO,1,ONLINE,blonde,blue,tone_2,suit
P4221,Jordan,Rao,NO,2,LEISURE,0,KIOSK,black,black,tone_4,olive+green
P4222,Jasleen,Kang,NO,1,FAMILY,1,KIOSK,blonde,blue,tone_5,olive+green
P4223,Mei,Traore,NO,1,SOLO,0,DESK,blonde_f,black,tone_3,olive+green
P4224,Gabriel,Williams,NO,1,FAMILY,3,KIOSK,black_f,blue,tone_1,olive+green
P4225,Chidi,Walker,YES,7,BUSINESS,1,ONLINE,black,blue,tone_3,olive+green
P4226,Sophia,Francis,NO,1,SOLO,1,ONLINE,black,blue,tone_5,red
P4227,Riya,Mehta,NO,3,BUSINESS,0,ONLINE,blonde_f,black,tone_5,suit
P4228,Riya,Doyle,NO,1,SOLO,1,ONLINE,blonde,blue,tone_1,suit
P4229,Violet,Nwosu,NO,3,SOLO,1,KIOSK,blonde,black,tone_6,red
P4230,Leon,Rao,NO,1,SOLO,1,DESK,brunette_f,black,tone_4,suit
P4231,Ming,Brar,NO,2,LEISURE,0,KIOSK,black,black,tone_4,red
P4232,Malik,Morgan,YES,7,BUSINESS,1,ONLINE,black,black,tone_1,red
P4233,Diya,Brar,NO,1,SOLO,1,KIOSK,brunette_f,blue,tone_5,red
P4234,Jisoo,Grant,NO,2,SOLO,0,ONLINE,black,blue,tone_5,red
P4235,Harriet,Muller,NO,1,BUSINESS,1,KIOSK,black,black,tone_6,olive+green
P4236,Diya,Gupta,NO,1,SOLO,1,ONLINE,black,blue,tone_6,suit
P4237,Tao,Bernard,YES,8,FAMILY,2,DESK,brunette,blue,tone_6,blue
P4238,Avery,Bennett,YES,6,BUSINESS,1,ONLINE,blonde_f,blue,tone_3,red
P4239,Johanna,Lopez,NO,2,SOLO,1,KIOSK,black,black,tone_1,blue
P4240,Hao,Anderson,NO,1,LEISURE,1,ONLINE,blonde_f,blue,tone_5,red
P4241,Olivia,O'Brien,NO,1,SOLO,1,ONLINE,brunette,black,tone_2,blue
P4242,Ibrahim,Bose,NO,1,FAMILY,2,DESK,black,blue,tone_2,suit
P4243,William,Diallo,YES,8,BUSINESS,1,ONLINE,blonde,blue,tone_2,blue
P4244,Adwoa,Balogun,NO,1,BUSINESS,0,ONLINE,blonde,black,tone_1,red
P4245,Emilia,Patel,NO,1,FAMILY,3,DESK,brunette,black,tone_6,red
P4246,Sota,Baker,NO,2,BUSINESS,1,DESK,blonde,black,tone_3,olive+green
P4247,Krish,Iyer,NO,3,BUSINESS,2,ONLINE,brunette,black,tone_3,olive+green
P4248,Femi,Lopez,NO,1,FAMILY,2,DESK,blonde,blue,tone_6,olive+green
P4249,Sophie,Johnson,NO,1,FAMILY,1,KIOSK,blonde,blue,tone_2,red
P4250,Jaspreet,Tanaka,NO,3,LEISURE,0,DESK,brunette_f,blue,tone_1,olive+green
P4251,Ali,Nguyen,NO,1,BUSINESS,0,ONLINE,brunette,blue,tone_1,olive+green
P4252,Lily,Desai,NO,1,LEISURE,1,KIOSK,blonde,black,tone_2,blue
P4253,Simran,Yamamoto,NO,3,LEISURE,1,ONLINE,brunette,black,tone_6,red
P4254,Obinna,Byrne,YES,10,LEISURE,0,ONLINE,blonde,blue,tone_3,red
P4255,Linh,Smith,NO,1,LEISURE,1,KIOSK,brunette,black,tone_6,red
P4256,Avery,Zielinski,NO,3,LEISURE,1,DESK,black_f,black,tone_1,red
P4257,Harpreet,Hoang,NO,3,LEISURE,0,DESK,brunette,black,tone_4,suit
P4258,Zain,Conti,YES,5,LEISURE,1,ONLINE,black,black,tone_5,suit
P4259,Harry,Iyer,NO,1,SOLO,0,ONLINE,blonde_f,blue,tone_2,red
P4260,Ayana,Choi,NO,2,LEISURE,1,DESK,black,black,tone_3,blue
P4261,Mariam,Pham,NO,2,BUSINESS,1,ONLINE,black,black,tone_1,blue
P4262,Daichi,Sow,NO,2,LEISURE,1,KIOSK,blonde_f,black,tone_2,red
P4263,Ayaan,Iyer,NO,3,LEISURE,2,DESK,brunette_f,blue,tone_4,blue
P4264,Arthur,Zhou,YES,6,LEISURE,2,DESK,black_f,black,tone_4,olive+green
P4265,Alex,Wilson,NO,2,LEISURE,2,DESK,brunette,black,tone_5,red
P4266,Grace,Williams,NO,2,FAMILY,1,DESK,black_f,blue,tone_6,red
P4267,Wei,Vu,NO,2,LEISURE,1,DESK,blonde_f,blue,tone_5,olive+green
P4268,Hana,Owusu,NO,2,BUSINESS,0,ONLINE,blonde,black,tone_5,olive+green
P4269,Ibrahim,Mehta,NO,1,LEISURE,1,ONLINE,brunette,blue,tone_1,suit
P4270,George,Esposito,YES,6,FAMILY,2,DESK,blonde_f,blue,tone_4,olive+green
P4271,Ama,Sow,NO,3,BUSINESS,0,ONLINE,brunette_f,black,tone_2,blue
P4272,Ade,Yang,NO,2,FAMILY,2,DESK,brunette_f,black,tone_4,suit
P4273,Kofi,Foster,NO,3,BUSINESS,2,KIOSK,brunette_f,blue,tone_4,blue
P4274,Anja,Kapoor,YES,8,LEISURE,1,ONLINE,brunette_f,black,tone_4,olive+green
P4275,Meera,Suzuki,NO,2,FAMILY,2,DESK,black_f,blue,tone_6,blue
P4276,Kojo,Murphy,NO,2,BUSINESS,0,KIOSK,blonde_f,black,tone_3,blue
P4277,Quang,Bose,NO,1,LEISURE,0,ONLINE,black,blue,tone_1,olive+green
P4278,Chiara,Moreau,NO,1,FAMILY,1,KIOSK,black,black,tone_1,blue
P4279,Johanna,Gill,NO,2,LEISURE,1,KIOSK,blonde_f,blue,tone_6,suit
P4280,Ali,Campbell,YES,9,LEISURE,1,KIOSK,blonde,black,tone_6,suit
P4281,Grace,Leroy,NO,2,LEISURE,1,DESK,blonde,blue,tone_3,red
P4282,Chloe,Iyer,NO,1,BUSINESS,0,ONLINE,brunette_f,blue,tone_5,suit
P4283,Charlotte,Robinson,NO,1,BUSINESS,0,ONLINE,black_f,black,tone_3,suit
P4284,Leon,Morgan,NO,1,FAMILY,1,KIOSK,black_f,blue,tone_5,olive+green
P4285,Manon,Nair,NO,2,LEISURE,0,ONLINE,blonde,black,tone_2,olive+green
P4286,Santiago,Esposito,NO,1,LEISURE,2,KIOSK,brunette,blue,tone_6,blue
P4287,Mandeep,Mitchell,NO,3,SOLO,1,DESK,brunette,blue,tone_4,blue
P4288,Henry,Mitchell,NO,3,BUSINESS,0,ONLINE,brunette,black,tone_2,suit
P4289,Kofi,Owusu,NO,3,LEISURE,2,ONLINE,blonde,black,tone_4,blue
P4290,Oliver,Perez,YES,5,BUSINESS,0,ONLINE,black_f,black,tone_1,blue
P4291,Hannah,Mahmood,NO,2,LEISURE,1,KIOSK,black,blue,tone_6,blue
P4292,Oliver,Balogun,NO,1,LEISURE,2,ONLINE,black,black,tone_5,blue
P4293,Ahmed,Carter,NO,1,LEISURE,2,KIOSK,brunette_f,black,tone_4,blue
P4294,Niklas,Traore,YES,10,FAMILY,3,DESK,blonde,blue,tone_4,olive+green
P4295,Linh,Schmidt,NO,2,FAMILY,2,ONLINE,black,black,tone_2,red
P4296,Adam,Tran,YES,8,LEISURE,0,DESK,brunette,black,tone_2,olive+green
P4297,Hassan,Asante,YES,8,LEISURE,2,DESK,brunette_f,black,tone_5,blue
P4298,Johanna,Dhillon,NO,1,LEISURE,2,DESK,brunette_f,blue,tone_2,olive+green
P4299,Ruby,Khan,NO,2,SOLO,1,DESK,brunette,black,tone_1,blue
P4300,Nari,Nasser,NO,3,FAMILY,2,DESK,brunette,black,tone_4,blue
P4301,Quang,Rossi,NO,3,LEISURE,1,ONLINE,black,blue,tone_5,blue
P4302,Quang,Wilson,NO,3,LEISURE,1,ONLINE,brunette_f,blue,tone_6,suit
P4303,Zain,Park,NO,1,LEISURE,1,ONLINE,brunette_f,blue,tone_2,blue
P4304,Akira,Park,NO,1,LEISURE,1,DESK,brunette_f,black,tone_3,suit
P4305,William,Walsh,NO,1,SOLO,2,ONLINE,black,blue,tone_1,suit
P4306,Femi,Watson,NO,1,LEISURE,0,ONLINE,black_f,black,tone_2,red
P4307,Noor,Clarke,NO,2,SOLO,1,DESK,brunette,black,tone_6,red
P4308,Johanna,Nowak,NO,1,BUSINESS,1,KIOSK,blonde_f,blue,tone_6,olive+green
P4309,Kiet,Sow,NO,1,SOLO,1,ONLINE,black_f,blue,tone_4,suit
P4310,Leon,Iqbal,NO,2,BUSINESS,1,ONLINE,black_f,black,tone_6,suit
P4311,Georgia,Le,NO,1,BUSINESS,1,ONLINE,blonde,black,tone_1,red
P4312,Jun,Durand,NO,1,LEISURE,1,ONLINE,blonde_f,blue,tone_1,olive+green
P4313,Michael,Robinson,NO,3,SOLO,1,KIOSK,brunette_f,black,tone_5,blue
P4314,Jasleen,Khan,NO,1,SOLO,0,KIOSK,blonde_f,blue,tone_3,red
P4315,Emily,Ryan,NO,1,LEISURE,1,ONLINE,brunette,black,tone_3,suit
P4316,Bilal,Evans,YES,5,SOLO,1,ONLINE,brunette,blue,tone_1,suit
P4317,Krish,Young,NO,2,FAMILY,3,KIOSK,brunette,black,tone_5,suit
P4318,Sakura,Anderson,NO,1,BUSINESS,1,ONLINE,blonde,black,tone_5,red
P4319,Hao,Morgan,NO,1,LEISURE,1,KIOSK,blonde,black,tone_2,suit
P4320,David,Watson,NO,1,LEISURE,1,KIOSK,blonde,black,tone_4,suit
P4321,Oisin,Fischer,NO,1,LEISURE,1,ONLINE,blonde,black,tone_1,red
P4322,Sophie,Fischer,NO,1,FAMILY,2,DESK,blonde_f,black,tone_4,red
P4323,Quang,Bianchi,NO,2,LEISURE,1,ONLINE,brunette,blue,tone_2,blue
P4324,Kiet,Balogun,NO,2,SOLO,1,DESK,blonde_f,black,tone_5,olive+green
P4325,Casey,Camara,NO,3,LEISURE,1,ONLINE,black,blue,tone_6,red
P4326,Vihaan,Kapoor,YES,10,SOLO,0,ONLINE,black,blue,tone_4,blue
P4327,Kwame,Moreau,NO,1,LEISURE,0,DESK,blonde,blue,tone_2,red
P4328,Santiago,Taylor,NO,3,BUSINESS,1,ONLINE,black,black,tone_1,blue
P4329,Camila,Asante,NO,1,BUSINESS,0,ONLINE,brunette,blue,tone_6,suit
P4330,Simran,Lewandowski,YES,9,LEISURE,1,DESK,brunette_f,black,tone_5,suit
P4331,Leo,Sanchez,NO,1,BUSINESS,0,ONLINE,brunette,blue,tone_1,olive+green
P4332,Mei,Wisniewski,YES,7,FAMILY,1,DESK,brunette_f,black,tone_4,red
P4333,Haruto,Collins,NO,1,BUSINESS,1,ONLINE,blonde_f,blue,tone_2,olive+green
P4334,Nhi,Green,YES,8,LEISURE,0,KIOSK,blonde_f,blue,tone_2,olive+green
P4335,Hannah,Watanabe,YES,6,LEISURE,1,ONLINE,black_f,blue,tone_3,red
P4336,Leo,Vu,NO,3,BUSINESS,0,KIOSK,blonde_f,black,tone_4,blue
P4337,Ali,Hussain,YES,7,FAMILY,2,DESK,blonde,blue,tone_4,red
P4338,Minji,Bennett,NO,2,FAMILY,2,DESK,black_f,black,tone_5,red
P4339,Veer,Byrne,NO,3,LEISURE,2,DESK,blonde,black,tone_6,olive+green
P4340,Marco,Conti,NO,2,FAMILY,2,KIOSK,brunette,black,tone_6,olive+green
P4341,Grace,Khalil,NO,2,LEISURE,1,ONLINE,black_f,black,tone_4,olive+green
P4342,Greta,Walker,NO,3,BUSINESS,0,DESK,black_f,black,tone_2,red
P4343,Marco,Jung,NO,1,FAMILY,2,ONLINE,black,black,tone_6,red
P4344,Hannah,Dang,YES,6,LEISURE,1,KIOSK,blonde_f,blue,tone_1,blue
P4345,Amina,Rao,NO,3,LEISURE,1,ONLINE,brunette,black,tone_6,olive+green
P4346,Jisoo,Ruiz,NO,2,LEISURE,2,ONLINE,blonde_f,blue,tone_4,blue
P4347,Benjamin,Vu,YES,9,BUSINESS,1,ONLINE,blonde_f,blue,tone_6,suit
P4348,Linh,Tran,NO,2,SOLO,1,KIOSK,black,blue,tone_1,olive+green
P4349,Hugo,Leroy,YES,6,SOLO,1,ONLINE,brunette_f,black,tone_5,olive+green
P4350,Alejandro,Tran,NO,3,SOLO,1,ONLINE,brunette,blue,tone_6,blue
P4351,Manpreet,Foster,NO,1,LEISURE,0,KIOSK,brunette_f,blue,tone_3,olive+green
P4352,Akira,Reed,YES,9,SOLO,2,DESK,brunette,black,tone_3,suit
P4353,Rin,Nwosu,NO,1,FAMILY,2,ONLINE,black_f,black,tone_2,blue
P4354,Greta,Li,NO,2,LEISURE,1,ONLINE,brunette,blue,tone_4,suit
P4355,Lucie,Kaminski,NO,3,LEISURE,1,KIOSK,black_f,blue,tone_4,red
P4356,Obinna,Smith,NO,1,BUSINESS,0,ONLINE,black,blue,tone_6,olive+green
P4357,David,Romano,NO,3,LEISURE,1,ONLINE,black_f,black,tone_3,suit
P4358,Emeka,Scott,NO,2,FAMILY,2,KIOSK,black,blue,tone_1,red
P4359,Louis,Wright,NO,3,SOLO,1,DESK,black_f,blue,tone_6,suit
P4360,Jelani,Wilson,NO,3,LEISURE,1,ONLINE,brunette,black,tone_6,blue
P4361,Camille,Carter,NO,1,LEISURE,1,ONLINE,black,black,tone_1,olive+green
P4362,Hamza,Haddad,NO,2,LEISURE,1,ONLINE,blonde,black,tone_2,blue
P4363,Grace,Parker,NO,2,LEISURE,1,KIOSK,blonde_f,black,tone_1,red
P4364,Tariq,Watanabe,NO,1,BUSINESS,0,ONLINE,brunette,black,tone_3,olive+green
P4365,Sami,Clarke,NO,2,SOLO,1,DESK,brunette_f,blue,tone_1,olive+green
P4366,Khalid,Lopez,NO,2,BUSINESS,1,DESK,black,black,tone_4,blue
P4367,Ronan,White,YES,9,SOLO,2,ONLINE,black,black,tone_5,olive+green
P4368,Ibrahim,Gomez,NO,1,LEISURE,1,ONLINE,blonde_f,blue,tone_6,red
P4369,Avery,Choi,YES,8,SOLO,0,KIOSK,black,blue,tone_1,blue
P4370,Chiara,Malik,NO,2,FAMILY,2,KIOSK,black,black,tone_5,suit
P4371,Johanna,Richards,NO,3,LEISURE,1,ONLINE,blonde_f,black,tone_5,blue
P4372,Riya,Joshi,NO,2,BUSINESS,1,ONLINE,black,blue,tone_1,blue
P4373,Victoria,Takahashi,NO,2,BUSINESS,2,ONLINE,brunette,black,tone_4,olive+green
P4374,Santiago,Saleh,NO,1,BUSINESS,1,ONLINE,brunette,black,tone_1,red
P4375,Mandeep,Kowalski,NO,3,BUSINESS,0,ONLINE,blonde,blue,tone_4,blue
P4376,Rin,Richards,NO,1,FAMILY,1,DESK,black,black,tone_2,suit
P4377,Salma,Zhang,NO,2,FAMILY,3,ONLINE,blonde_f,black,tone_4,olive+green
P4378,Hugo,Campbell,YES,5,LEISURE,1,DESK,black_f,black,tone_6,blue
P4379,Manon,Kim,NO,1,FAMILY,2,KIOSK,blonde,blue,tone_3,olive+green
P4380,Aiko,Thompson,NO,3,LEISURE,1,ONLINE,blonde,blue,tone_4,suit
P4381,Minh,Conti,NO,1,SOLO,1,DESK,blonde,black,tone_6,suit
P4382,Avery,Doyle,YES,6,BUSINESS,1,KIOSK,black_f,blue,tone_3,olive+green
P4383,Ibrahim,Bamba,NO,2,LEISURE,0,ONLINE,blonde,blue,tone_4,suit
P4384,Evie,Le,NO,2,LEISURE,1,ONLINE,black_f,black,tone_3,olive+green
P4385,Louis,Jimenez,NO,2,BUSINESS,2,ONLINE,black,blue,tone_5,olive+green
P4386,Hana,Haddad,NO,1,LEISURE,1,ONLINE,black,black,tone_5,suit
P4387,Jasleen,Watanabe,NO,1,LEISURE,1,DESK,blonde_f,black,tone_4,suit
P4388,Karim,Brown,YES,5,LEISURE,0,DESK,black,blue,tone_3,olive+green
P4389,Kiet,Adeyemi,NO,3,BUSINESS,0,KIOSK,brunette,black,tone_6,olive+green
P4390,Ruby,Verma,YES,8,LEISURE,1,KIOSK,blonde_f,black,tone_1,red
P4391,Leon,Yang,NO,2,FAMILY,2,KIOSK,blonde,blue,tone_3,red
P4392,Lucie,Rahman,NO,1,BUSINESS,1,ONLINE,blonde_f,black,tone_4,blue
P4393,Lily,O'Brien,NO,2,LEISURE,1,ONLINE,black,blue,tone_2,blue
P4394,Aryan,Malik,NO,1,LEISURE,1,KIOSK,black,black,tone_5,suit
P4395,Omar,Durand,YES,6,LEISURE,1,DESK,black_f,black,tone_4,red
P4396,Greta,Doyle,NO,2,SOLO,2,KIOSK,blonde,black,tone_3,olive+green
P4397,Bao,Iyer,NO,3,LEISURE,1,DESK,black,black,tone_6,olive+green
P4398,Rohan,Rodriguez,NO,1,BUSINESS,1,ONLINE,blonde_f,blue,tone_1,red
P4399,Alejandro,Huynh,NO,1,BUSINESS,0,ONLINE,black_f,black,tone_5,olive+green
P4400,Ama,Bui,YES,8,LEISURE,1,KIOSK,blonde_f,black,tone_5,suit
P4401,Manon,Reddy,NO,1,BUSINESS,0,ONLINE,blonde_f,black,tone_3,red
P4402,Arjun,Watson,NO,2,FAMILY,3,ONLINE,brunette_f,black,tone_4,suit
P4403,Nathan,Roberts,NO,2,LEISURE,0,ONLINE,blonde,blue,tone_6,suit
P4404,Michael,Diallo,NO,1,SOLO,1,ONLINE,black_f,blue,tone_6,blue
P4405,Ibrahim,Watanabe,NO,3,LEISURE,1,ONLINE,brunette,black,tone_3,suit
P4406,Hugo,Nair,NO,2,SOLO,1,ONLINE,blonde_f,black,tone_1,red
P4407,Kojo,Mehta,NO,3,LEISURE,0,DESK,blonde_f,black,tone_4,olive+green
P4408,Noah,Ricci,NO,1,BUSINESS,0,ONLINE,black_f,black,tone_3,olive+green
P4409,Thomas,Davies,NO,2,BUSINESS,0,ONLINE,black,blue,tone_1,olive+green
P4410,Sam,Haddad,NO,1,LEISURE,1,ONLINE,brunette_f,blue,tone_3,suit
P4411,Quang,Grant,NO,1,FAMILY,1,KIOSK,blonde_f,blue,tone_6,olive+green
P4412,Marco,Mitchell,NO,3,LEISURE,1,DESK,blonde,blue,tone_2,red
P4413,Bethany,Walker,YES,6,FAMILY,2,KIOSK,brunette_f,blue,tone_5,red
P4414,Navdeep,Sidhu,NO,1,LEISURE,0,KIOSK,blonde,blue,tone_4,olive+green
P4415,Benjamin,Watanabe,NO,2,SOLO,2,DESK,black_f,black,tone_6,olive+green
P4416,Kiet,Phan,NO,3,SOLO,1,KIOSK,black_f,blue,tone_3,blue
P4417,Marek,Agyeman,NO,1,LEISURE,1,ONLINE,blonde_f,black,tone_2,red
P4418,Salma,Moreau,NO,2,LEISURE,2,ONLINE,blonde_f,blue,tone_2,blue
P4419,Mateo,Baker,NO,3,LEISURE,0,KIOSK,brunette_f,black,tone_5,olive+green
P4420,Olivia,Li,YES,10,FAMILY,2,KIOSK,blonde,blue,tone_1,red
P4421,Louis,Huang,YES,7,BUSINESS,1,ONLINE,black,blue,tone_3,blue
P4422,Sakura,White,NO,1,LEISURE,0,ONLINE,blonde,black,tone_4,red
P4423,Sam,Chopra,NO,2,FAMILY,2,ONLINE,black,black,tone_4,suit
P4424,Tariq,Diallo,YES,5,BUSINESS,0,ONLINE,brunette_f,black,tone_5,red
P4425,Sami,Walsh,NO,1,SOLO,2,ONLINE,blonde,black,tone_1,olive+green
P4426,Riya,Siddiqui,YES,8,FAMILY,2,DESK,brunette,blue,tone_1,suit
P4427,Malik,Bianchi,NO,1,SOLO,1,ONLINE,blonde,blue,tone_3,olive+green
P4428,Dhruv,Perez,YES,7,LEISURE,1,DESK,blonde,blue,tone_6,red
P4429,Aoife,Jimenez,NO,1,BUSINESS,1,ONLINE,brunette_f,black,tone_1,olive+green
P4430,Tunde,Bose,NO,1,FAMILY,3,DESK,black_f,black,tone_3,suit
P4431,Niamh,Eze,NO,1,LEISURE,2,ONLINE,black_f,black,tone_5,red
P4432,Manon,Lewandowski,NO,1,LEISURE,1,ONLINE,brunette,blue,tone_5,red
P4433,Jordan,Smith,YES,9,LEISURE,1,ONLINE,brunette_f,black,tone_2,red
P4434,Charlotte,Ali,NO,1,FAMILY,2,DESK,black,blue,tone_4,blue
P4435,Amrit,Singh,NO,1,FAMILY,2,DESK,blonde_f,blue,tone_1,blue
P4436,Adam,Gill,NO,2,LEISURE,0,KIOSK,blonde_f,black,tone_4,blue
P4437,Joon,Reddy,NO,1,SOLO,1,ONLINE,brunette_f,blue,tone_1,olive+green
P4438,Violet,Jimenez,NO,1,LEISURE,2,KIOSK,brunette,black,tone_4,red
P4439,Cameron,Francis,NO,3,LEISURE,1,ONLINE,blonde_f,black,tone_4,suit
P4440,Aiko,Boateng,NO,1,BUSINESS,1,KIOSK,brunette_f,black,tone_1,red
P4441,Linh,Parker,NO,2,FAMILY,2,ONLINE,black,black,tone_4,blue
P4442,Ren,Weber,NO,1,SOLO,1,DESK,black,blue,tone_4,blue
P4443,Gurleen,Wilson,NO,1,LEISURE,1,DESK,black,black,tone_2,blue
P4444,Harpreet,Schneider,NO,1,LEISURE,2,ONLINE,blonde,blue,tone_4,red
P4445,Hugo,Dang,NO,1,SOLO,1,DESK,black,black,tone_1,blue
P4446,Ade,Eze,YES,9,LEISURE,1,ONLINE,brunette,blue,tone_4,olive+green
P4447,Ananya,Bernard,NO,2,LEISURE,2,ONLINE,black,black,tone_1,blue
P4448,Rahul,Bailey,NO,1,BUSINESS,0,ONLINE,brunette_f,blue,tone_3,olive+green
P4449,Chiara,Eze,NO,1,BUSINESS,1,KIOSK,black,black,tone_5,blue
P4450,Felix,Gray,YES,7,LEISURE,1,KIOSK,brunette,blue,tone_1,suit
P4451,Oscar,Asante,NO,1,BUSINESS,0,ONLINE,black_f,black,tone_5,blue
P4452,Riley,Siddiqui,YES,6,LEISURE,0,ONLINE,brunette_f,black,tone_5,red
P4453,Abena,Ali,NO,1,BUSINESS,0,ONLINE,black,black,tone_1,blue
P4454,Hassan,Gupta,NO,2,LEISURE,2,ONLINE,black,blue,tone_3,red
P4455,Sam,Joshi,NO,3,BUSINESS,0,DESK,black_f,blue,tone_6,olive+green
P4456,Ibrahim,Malhotra,NO,3,FAMILY,2,DESK,black,blue,tone_5,red
P4457,Kiet,Wu,NO,2,BUSINESS,1,KIOSK,blonde_f,black,tone_4,olive+green
P4458,Camila,Wu,NO,1,LEISURE,1,DESK,brunette,black,tone_6,olive+green
P4459,Mandeep,Grant,NO,1,FAMILY,2,DESK,black,blue,tone_1,olive+green
P4460,Anh,Kelly,YES,5,FAMILY,3,DESK,black_f,black,tone_3,red
P4461,Anja,Balogun,YES,10,LEISURE,1,ONLINE,blonde_f,blue,tone_6,red
P4462,Navdeep,Owusu,NO,2,LEISURE,0,DESK,blonde_f,blue,tone_3,suit
P4463,Amina,Roberts,YES,8,SOLO,0,DESK,black,black,tone_3,blue
P4464,Harpreet,Evans,NO,1,SOLO,1,DESK,black,black,tone_5,red
P4465,Alejandro,Mehta,NO,2,BUSINESS,0,ONLINE,brunette,blue,tone_3,olive+green
P4466,Sophia,White,NO,1,LEISURE,2,DESK,blonde_f,black,tone_6,blue
P4467,Bethany,Sidhu,NO,1,BUSINESS,0,ONLINE,brunette_f,black,tone_4,blue
P4468,Emeka,Ahmed,YES,7,FAMILY,2,DESK,brunette,blue,tone_5,red
P4469,Aryan,Taylor,NO,2,LEISURE,2,ONLINE,blonde_f,black,tone_1,suit
P4470,Nia,Watson,NO,1,LEISURE,1,ONLINE,blonde_f,black,tone_4,olive+green
P4471,Molly,Kaur,NO,1,LEISURE,0,ONLINE,brunette_f,blue,tone_2,blue
P4472,Georgia,Leroy,NO,1,SOLO,1,KIOSK,blonde,blue,tone_5,suit
P4473,Marco,Dang,NO,2,SOLO,1,ONLINE,blonde,black,tone_4,red
P4474,Hao,Thomas,NO,3,SOLO,1,KIOSK,blonde,black,tone_2,blue
P4475,Ishaan,Johnson,YES,6,LEISURE,0,ONLINE,blonde_f,black,tone_6,suit
P4476,Bao,Robinson,NO,2,BUSINESS,1,KIOSK,brunette,blue,tone_6,suit
P4477,Jamie,Tanaka,NO,1,FAMILY,2,KIOSK,black_f,black,tone_2,suit
P4478,Kiet,Agyeman,NO,2,SOLO,1,DESK,black,blue,tone_5,red
P4479,Adam,Carter,YES,8,LEISURE,1,ONLINE,blonde_f,black,tone_4,olive+green
P4480,Ronan,Esposito,YES,10,BUSINESS,0,ONLINE,brunette,black,tone_2,red
P4481,Benjamin,Morgan,YES,10,LEISURE,2,ONLINE,brunette,black,tone_6,suit
P4482,Layla,Hoang,YES,8,BUSINESS,1,ONLINE,black,black,tone_3,blue
P4483,William,Nguyen,NO,2,FAMILY,2,ONLINE,brunette,black,tone_4,red
P4484,Akira,Yang,NO,3,FAMILY,2,KIOSK,black,blue,tone_1,red
P4485,Karan,Walsh,NO,1,LEISURE,1,ONLINE,blonde_f,black,tone_3,red
P4486,Abena,Malik,YES,9,LEISURE,1,ONLINE,black,black,tone_5,olive+green
P4487,Yuki,Yamamoto,YES,10,LEISURE,1,DESK,brunette,black,tone_4,red
P4488,George,Bennett,NO,3,SOLO,2,DESK,brunette,blue,tone_2,red
P4489,Ananya,Nair,NO,2,FAMILY,3,KIOSK,brunette,blue,tone_2,blue
P4490,Marco,Gomez,NO,2,LEISURE,0,KIOSK,black,blue,tone_3,olive+green
P4491,Rohan,Kaminski,NO,2,BUSINESS,1,ONLINE,blonde_f,black,tone_5,suit
P4492,Violet,Wilson,NO,3,LEISURE,1,DESK,brunette_f,blue,tone_2,blue
P4493,Emily,Kaur,NO,2,LEISURE,1,KIOSK,blonde_f,blue,tone_3,blue
P4494,Harpreet,Nasser,NO,1,LEISURE,1,ONLINE,brunette,black,tone_5,suit
P4495,Bethany,Iyer,NO,2,LEISURE,1,KIOSK,blonde,blue,tone_6,olive+green
P4496,Yusuf,Clarke,NO,1,LEISURE,2,DESK,blonde_f,black,tone_4,blue
P4497,Yuki,Petit,NO,1,LEISURE,1,DESK,blonde,black,tone_5,red
P4498,Oisin,Hall,YES,10,FAMILY,3,ONLINE,blonde,blue,tone_1,olive+green
P4499,Noor,Nasser,NO,2,BUSINESS,0,DESK,blonde,blue,tone_2,red
P4500,Aditya,Phan,NO,2,LEISURE,1,ONLINE,black_f,blue,tone_6,suit
P4501,Linh,Adams,NO,2,SOLO,0,ONLINE,brunette,black,tone_4,red
P4502,Aoife,Moreau,NO,3,FAMILY,2,DESK,brunette,black,tone_3,blue
P4503,Gurpreet,Suzuki,YES,8,LEISURE,2,ONLINE,blonde,blue,tone_1,suit
P4504,Mai,Phan,NO,3,FAMILY,2,ONLINE,blonde,black,tone_3,red
P4505,Yasmin,Malik,NO,3,BUSINESS,0,DESK,blonde_f,blue,tone_3,red
P4506,Ren,Malhotra,NO,3,FAMILY,3,DESK,black_f,black,tone_6,suit
P4507,Alex,Siddiqui,NO,1,LEISURE,2,ONLINE,blonde_f,blue,tone_3,suit
P4508,Olivia,Byrne,NO,2,LEISURE,1,DESK,brunette,black,tone_1,blue
P4509,Mariam,Haddad,NO,2,LEISURE,0,DESK,blonde,blue,tone_1,red
P4510,Anja,Ali,NO,1,LEISURE,2,DESK,brunette,blue,tone_5,red
P4511,Zain,Walker,NO,2,SOLO,1,ONLINE,brunette_f,black,tone_3,olive+green
P4512,Mila,Wilson,NO,3,FAMILY,1,KIOSK,black_f,blue,tone_4,suit
P4513,Hannah,Mensah,YES,8,LEISURE,1,KIOSK,brunette,black,tone_3,suit
P4514,Charlie,Dang,YES,9,SOLO,1,DESK,brunette,black,tone_1,olive+green
P4515,Oscar,Ruiz,NO,1,BUSINESS,0,ONLINE,brunette_f,blue,tone_5,red
P4516,Jaspreet,Sow,NO,2,LEISURE,1,KIOSK,black_f,black,tone_5,olive+green
P4517,Karan,Williams,NO,3,LEISURE,1,ONLINE,brunette_f,blue,tone_6,suit
P4518,Emeka,Romano,NO,1,LEISURE,0,ONLINE,black_f,black,tone_3,blue
P4519,Jacob,Hoang,NO,1,LEISURE,2,ONLINE,brunette,blue,tone_2,blue
P4520,Samar,Rodriguez,NO,1,LEISURE,1,DESK,black,black,tone_2,blue
P4521,Muhammad,Ryan,YES,8,BUSINESS,1,ONLINE,black,black,tone_6,suit
P4522,Adwoa,Gray,NO,1,LEISURE,1,DESK,blonde,black,tone_5,olive+green
P4523,Thao,Jung,NO,2,LEISURE,1,KIOSK,black,blue,tone_2,suit
P4524,Obinna,Joshi,NO,2,LEISURE,1,KIOSK,brunette_f,blue,tone_4,blue
P4525,Malik,Garcia,NO,2,LEISURE,0,ONLINE,black,blue,tone_1,olive+green
P4526,Jonas,Dang,NO,2,LEISURE,1,ONLINE,brunette_f,blue,tone_5,olive+green
P4527,Ren,Doyle,NO,2,SOLO,2,KIOSK,blonde_f,black,tone_5,olive+green
P4528,Oisin,Grant,NO,1,LEISURE,1,KIOSK,blonde,black,tone_5,blue
P4529,Femi,Boateng,NO,1,LEISURE,1,KIOSK,blonde,black,tone_3,suit
P4530,Salma,Mehta,NO,3,LEISURE,1,ONLINE,blonde,blue,tone_2,red
P4531,Cian,Yamamoto,NO,1,BUSINESS,0,ONLINE,black,black,tone_1,red
P4532,Meera,Ryan,NO,1,LEISURE,1,ONLINE,brunette,black,tone_2,suit
P4533,Layla,Le,NO,2,LEISURE,1,DESK,black_f,blue,tone_5,suit
P4534,Sami,Roberts,NO,1,FAMILY,2,DESK,black,black,tone_6,red
P4535,Mandeep,Bennett,NO,2,BUSINESS,1,ONLINE,black,black,tone_2,red
P4536,Aaliyah,Zhou,NO,3,LEISURE,2,DESK,brunette_f,black,tone_2,red
P4537,Thomas,Diallo,NO,3,FAMILY,2,ONLINE,black,black,tone_6,suit
P4538,Amelia,Suzuki,NO,2,LEISURE,1,ONLINE,brunette_f,black,tone_6,red
P4539,Benjamin,Kim,YES,7,FAMILY,2,DESK,blonde,blue,tone_4,suit
P4540,Noah,Cho,NO,2,SOLO,1,ONLINE,brunette,black,tone_1,suit
P4541,Riya,Adeyemi,NO,1,LEISURE,0,KIOSK,black_f,black,tone_5,olive+green
P4542,Ade,Li,NO,2,LEISURE,2,ONLINE,brunette_f,black,tone_1,blue
P4543,Haruto,Muller,NO,2,BUSINESS,1,ONLINE,brunette_f,black,tone_6,red
P4544,Ruby,Wisniewski,YES,8,LEISURE,1,DESK,blonde,black,tone_6,olive+green
P4545,Hyejin,Agyeman,NO,1,LEISURE,1,ONLINE,black_f,black,tone_4,olive+green
P4546,Aiko,Choi,YES,8,SOLO,1,DESK,blonde_f,black,tone_4,blue
P4547,Santiago,Muller,NO,2,BUSINESS,1,DESK,black,black,tone_1,blue
P4548,Mariam,Schneider,NO,1,SOLO,0,KIOSK,brunette,blue,tone_5,olive+green
P4549,Ayaan,Xu,YES,8,LEISURE,1,DESK,brunette_f,black,tone_6,olive+green
P4550,Zofia,Akhtar,NO,1,LEISURE,1,KIOSK,brunette_f,blue,tone_4,olive+green
P4551,Aoife,Weber,NO,3,LEISURE,1,KIOSK,brunette,blue,tone_3,suit
P4552,Veer,Suzuki,NO,1,BUSINESS,1,ONLINE,blonde_f,blue,tone_3,red
P4553,Chiara,Dubois,NO,2,SOLO,1,ONLINE,brunette_f,blue,tone_3,red
P4554,Akira,Byrne,YES,10,SOLO,1,KIOSK,black,black,tone_3,blue
P4555,Zain,Yang,NO,1,LEISURE,1,ONLINE,brunette,blue,tone_5,suit
P4556,Aarav,Thompson,NO,3,SOLO,2,DESK,brunette_f,black,tone_4,olive+green
P4557,Ngozi,Khan,NO,3,SOLO,1,ONLINE,brunette,black,tone_5,suit
P4558,Hana,Chopra,NO,1,LEISURE,2,KIOSK,black,black,tone_2,red
P4559,Rin,White,NO,2,FAMILY,2,KIOSK,brunette,black,tone_1,olive+green
P4560,Luca,Esposito,NO,2,SOLO,1,ONLINE,blonde,black,tone_4,blue
P4561,Quang,Camara,NO,2,BUSINESS,0,ONLINE,brunette,black,tone_1,olive+green
P4562,Hao,Malhotra,NO,2,FAMILY,2,DESK,blonde,blue,tone_5,red
P4563,Tunde,Camara,NO,1,BUSINESS,1,KIOSK,brunette,black,tone_5,red
P4564,Theo,Bailey,YES,10,LEISURE,1,KIOSK,brunette_f,blue,tone_5,red
P4565,Olivia,Schneider,NO,3,LEISURE,1,KIOSK,black_f,black,tone_6,olive+green
P4566,Faris,Tran,NO,2,LEISURE,1,KIOSK,blonde,black,tone_6,olive+green
P4567,Jakub,Foster,NO,2,FAMILY,2,DESK,black_f,blue,tone_2,blue
P4568,Chidi,Fofana,NO,2,SOLO,0,KIOSK,black,black,tone_2,suit
P4569,Phoebe,Chen,NO,3,LEISURE,0,ONLINE,blonde_f,black,tone_5,olive+green
P4570,Riley,Esposito,NO,1,LEISURE,1,KIOSK,brunette_f,black,tone_6,olive+green
P4571,Gurleen,Conti,NO,2,FAMILY,3,ONLINE,blonde_f,black,tone_2,red
P4572,Hugo,Rossi,NO,2,LEISURE,1,ONLINE,blonde,black,tone_2,blue
P4573,Aaliyah,Rodriguez,YES,7,LEISURE,1,DESK,blonde,blue,tone_1,suit
P4574,Karim,Singh,NO,3,SOLO,0,DESK,blonde,blue,tone_2,blue
P4575,Chidi,Reed,NO,1,BUSINESS,0,DESK,blonde_f,blue,tone_5,olive+green
P4576,Tao,Rahman,NO,2,SOLO,1,ONLINE,black_f,black,tone_5,olive+green
P4577,Veer,Huang,NO,1,LEISURE,1,DESK,black,blue,tone_3,olive+green
P4578,Ngozi,Howard,NO,1,LEISURE,0,ONLINE,black,black,tone_3,red
P4579,Nisha,Balogun,NO,1,LEISURE,1,DESK,black_f,blue,tone_3,blue
P4580,Faris,Byrne,YES,6,LEISURE,0,ONLINE,blonde_f,black,tone_2,red
P4581,Emilia,Durand,NO,1,LEISURE,1,ONLINE,blonde_f,blue,tone_4,blue
P4582,Harpreet,Huynh,NO,1,LEISURE,2,ONLINE,brunette_f,blue,tone_3,suit
P4583,Giulia,Evans,NO,3,BUSINESS,0,ONLINE,black,blue,tone_2,red
P4584,Zuri,Moreau,NO,1,BUSINESS,1,ONLINE,blonde_f,black,tone_4,red
P4585,Kofi,Williams,YES,8,SOLO,0,KIOSK,black,black,tone_3,suit
P4586,Manpreet,Huang,YES,10,LEISURE,1,ONLINE,brunette,blue,tone_6,olive+green
P4587,Harry,Adams,YES,10,BUSINESS,0,DESK,blonde,black,tone_6,olive+green
P4588,Samir,Verma,NO,1,FAMILY,2,ONLINE,brunette,black,tone_6,blue
P4589,Alejandro,Ricci,NO,1,BUSINESS,2,KIOSK,brunette_f,black,tone_6,olive+green
P4590,Obinna,Camara,NO,2,LEISURE,1,ONLINE,black,black,tone_3,suit
P4591,Trang,Wilson,NO,1,LEISURE,0,ONLINE,blonde_f,blue,tone_3,suit
P4592,Aditya,Akhtar,YES,5,FAMILY,3,KIOSK,brunette_f,blue,tone_5,blue
P4593,Sami,Hall,NO,3,FAMILY,3,DESK,blonde_f,blue,tone_6,red
P4594,Zuri,Parker,NO,1,BUSINESS,0,ONLINE,blonde_f,blue,tone_3,blue
P4595,Emeka,Mitchell,NO,1,LEISURE,1,DESK,black_f,blue,tone_3,suit
P4596,Lily,Ali,NO,1,SOLO,1,ONLINE,black_f,blue,tone_3,suit
P4597,Anh,Garcia,NO,1,SOLO,0,ONLINE,brunette,black,tone_5,blue
P4598,Kenji,Jackson,YES,10,LEISURE,1,ONLINE,blonde,blue,tone_1,olive+green
P4599,Navdeep,Rodriguez,YES,8,LEISURE,2,KIOSK,blonde_f,black,tone_6,blue
P4600,Dev,Liu,NO,1,SOLO,1,ONLINE,black_f,black,tone_4,olive+green
P4601,Tomasz,Bernard,NO,1,SOLO,2,ONLINE,brunette_f,blue,tone_6,suit
P4602,Jacob,Jung,NO,2,LEISURE,1,DESK,brunette_f,blue,tone_4,red
P4603,Gabriel,Wang,NO,1,LEISURE,1,ONLINE,brunette_f,black,tone_3,red
P4604,Mia,Leroy,NO,2,LEISURE,2,KIOSK,black,black,tone_5,olive+green
P4605,Ruby,Foster,NO,3,LEISURE,1,ONLINE,black_f,black,tone_6,red
P4606,Thomas,Bianchi,NO,2,LEISURE,1,KIOSK,brunette,blue,tone_1,blue
P4607,Aoife,Robinson,NO,2,LEISURE,1,DESK,blonde_f,blue,tone_6,red
P4608,Amrit,Rao,NO,1,FAMILY,2,DESK,black,black,tone_5,red
P4609,Tara,Wang,NO,2,SOLO,0,KIOSK,blonde_f,black,tone_6,blue
P4610,Poppy,Doyle,NO,1,LEISURE,1,KIOSK,blonde_f,black,tone_2,red
P4611,Ahmed,Park,NO,3,BUSINESS,0,KIOSK,brunette_f,blue,tone_3,olive+green
P4612,Khalid,Zhang,NO,2,BUSINESS,1,DESK,brunette_f,black,tone_2,olive+green
P4613,Hao,Ryan,NO,2,SOLO,1,DESK,black,black,tone_4,red
P4614,Ali,Davies,NO,1,BUSINESS,0,ONLINE,blonde,black,tone_6,red
P4615,Ali,Bose,YES,10,SOLO,1,DESK,blonde_f,black,tone_2,blue
P4616,Camila,Adeyemi,YES,5,LEISURE,1,DESK,brunette,blue,tone_1,suit
P4617,Femi,Sandhu,NO,2,SOLO,1,KIOSK,blonde_f,black,tone_4,olive+green
P4618,Aryan,Baker,NO,1,BUSINESS,0,KIOSK,blonde,black,tone_3,red
P4619,Ama,Smith,NO,3,LEISURE,1,DESK,black,blue,tone_2,suit
P4620,Obinna,Bamba,NO,1,LEISURE,1,DESK,black,blue,tone_2,suit
P4621,Sakura,Cho,NO,3,LEISURE,1,KIOSK,black_f,black,tone_3,suit
P4622,Emily,Kim,YES,8,LEISURE,0,DESK,black_f,black,tone_5,suit
P4623,Alessia,Traore,NO,2,BUSINESS,1,DESK,blonde,blue,tone_1,suit
P4624,Alfie,Collins,NO,1,LEISURE,2,KIOSK,blonde_f,black,tone_4,olive+green
P4625,Mei,Ryan,NO,1,BUSINESS,1,ONLINE,brunette,blue,tone_5,red
P4626,Avery,Moretti,NO,2,LEISURE,1,ONLINE,black_f,blue,tone_2,olive+green
P4627,Bethany,Takahashi,YES,5,LEISURE,2,KIOSK,brunette_f,blue,tone_3,red
P4628,Mandeep,Stewart,NO,2,LEISURE,0,DESK,blonde,blue,tone_4,suit
P4629,Hugo,Evans,NO,3,BUSINESS,0,KIOSK,brunette_f,blue,tone_5,suit
P4630,Manon,Doyle,YES,5,FAMILY,2,ONLINE,blonde,blue,tone_3,red
P4631,Nisha,Sow,NO,1,SOLO,2,DESK,black,blue,tone_5,blue
P4632,Gurpreet,Singh,YES,8,LEISURE,1,ONLINE,blonde,blue,tone_1,blue
P4633,Yuki,Nasser,NO,1,FAMILY,2,KIOSK,blonde,blue,tone_1,suit
P4634,Lucie,Scott,NO,2,LEISURE,1,KIOSK,black,blue,tone_3,red
P4635,Hana,Park,NO,1,SOLO,0,DESK,black_f,black,tone_4,suit
P4636,Chidi,Mensah,YES,9,SOLO,1,KIOSK,black_f,black,tone_3,red
P4637,William,Park,NO,3,LEISURE,0,KIOSK,brunette_f,blue,tone_4,blue
P4638,Jamie,Williams,YES,5,SOLO,1,KIOSK,brunette_f,blue,tone_5,suit
P4639,Leon,Reddy,NO,1,LEISURE,1,DESK,black,blue,tone_3,olive+green
P4640,Hana,Moretti,YES,6,SOLO,0,KIOSK,blonde,blue,tone_1,red
P4641,Jaspreet,Shah,NO,2,FAMILY,2,ONLINE,brunette_f,black,tone_4,red
P4642,Harriet,Shah,NO,1,BUSINESS,1,KIOSK,blonde_f,blue,tone_3,blue
P4643,Samir,Pham,NO,1,LEISURE,1,DESK,blonde,black,tone_6,red
P4644,Aiko,Kone,YES,9,LEISURE,0,DESK,brunette_f,black,tone_1,red
P4645,Thomas,Schneider,NO,3,SOLO,1,ONLINE,brunette,black,tone_5,red
P4646,Marco,Robinson,YES,8,LEISURE,1,KIOSK,blonde_f,black,tone_3,suit
P4647,Niamh,Byrne,NO,3,LEISURE,2,DESK,black_f,blue,tone_2,red
P4648,Ayana,Gray,NO,3,FAMILY,3,ONLINE,black_f,black,tone_1,olive+green
P4649,Ade,Grant,YES,9,BUSINESS,1,ONLINE,brunette,blue,tone_2,olive+green
P4650,Niklas,Ahmed,NO,1,FAMILY,2,DESK,blonde_f,black,tone_3,blue
P4651,Yuna,Gallagher,NO,1,LEISURE,0,KIOSK,black,black,tone_5,olive+green
P4652,Matteo,Xu,NO,2,LEISURE,1,ONLINE,blonde,blue,tone_1,suit
P4653,Marco,Cho,NO,2,LEISURE,2,KIOSK,brunette_f,black,tone_5,blue
P4654,Lena,Evans,NO,2,BUSINESS,1,KIOSK,black_f,blue,tone_2,olive+green
P4655,Kofi,Shah,YES,7,BUSINESS,0,ONLINE,black_f,black,tone_5,blue
P4656,James,Pham,NO,1,LEISURE,0,ONLINE,black,black,tone_2,red
P4657,Gurleen,Saleh,NO,3,BUSINESS,1,ONLINE,brunette_f,blue,tone_5,blue
P4658,Amrit,Brown,NO,2,LEISURE,2,DESK,black,black,tone_3,blue
P4659,Yuna,Garcia,NO,2,LEISURE,2,KIOSK,blonde,blue,tone_6,blue
P4660,Santiago,Pham,NO,3,LEISURE,1,ONLINE,blonde,blue,tone_1,blue
P4661,Luke,Gomez,NO,1,LEISURE,1,ONLINE,brunette_f,blue,tone_4,red
P4662,Manon,Li,NO,2,SOLO,1,KIOSK,blonde,black,tone_5,olive+green
P4663,Orla,Young,NO,2,SOLO,1,DESK,brunette_f,blue,tone_6,blue
P4664,Anh,Kowalski,NO,1,LEISURE,0,ONLINE,blonde,black,tone_1,red
P4665,Bao,Sanchez,NO,2,LEISURE,1,ONLINE,brunette,black,tone_1,red
P4666,Isabella,Durand,NO,3,FAMILY,2,DESK,blonde_f,black,tone_4,suit
P4667,Navdeep,White,NO,2,LEISURE,0,ONLINE,brunette_f,black,tone_5,blue
P4668,Imani,Scott,YES,7,LEISURE,1,ONLINE,brunette_f,black,tone_3,suit
P4669,Hyejin,Conti,NO,2,LEISURE,0,ONLINE,blonde,black,tone_3,blue
P4670,Gurpreet,Kaur,NO,1,LEISURE,1,ONLINE,black_f,black,tone_3,blue
P4671,Noor,Tanaka,YES,7,LEISURE,1,DESK,brunette_f,black,tone_5,red
P4672,Mai,Adeyemi,NO,2,BUSINESS,1,ONLINE,blonde,black,tone_1,suit
P4673,Aditya,Singh,YES,10,BUSINESS,0,ONLINE,brunette,black,tone_5,olive+green
P4674,Vihaan,Murphy,NO,1,LEISURE,1,KIOSK,brunette_f,blue,tone_1,red
P4675,Neil,Sidhu,NO,1,LEISURE,1,DESK,blonde_f,blue,tone_3,blue
P4676,Eoin,Johnson,NO,2,SOLO,1,ONLINE,blonde,black,tone_4,blue
P4677,Sakura,Wang,NO,2,LEISURE,1,KIOSK,blonde_f,black,tone_5,red
P4678,Maeve,Eze,NO,2,LEISURE,1,ONLINE,blonde,blue,tone_3,red
P4679,Harry,Rossi,NO,3,SOLO,1,DESK,brunette_f,blue,tone_1,suit
P4680,Cian,Thompson,NO,1,LEISURE,1,DESK,blonde,blue,tone_1,olive+green
P4681,Ngozi,Lee,YES,10,BUSINESS,0,DESK,black_f,blue,tone_6,blue
P4682,Soyeon,Sandhu,NO,1,LEISURE,0,ONLINE,blonde_f,black,tone_1,suit
P4683,Nathan,Joshi,NO,1,SOLO,1,DESK,brunette,black,tone_5,blue
P4684,Minji,Young,NO,1,BUSINESS,0,ONLINE,brunette_f,black,tone_5,suit
P4685,Aarav,Gallagher,NO,3,SOLO,2,ONLINE,blonde,blue,tone_4,blue
P4686,Bao,Le,NO,1,LEISURE,0,KIOSK,black,black,tone_3,blue
P4687,Mandeep,Agyeman,NO,3,LEISURE,1,DESK,black,black,tone_1,blue
P4688,Jelani,Stewart,NO,1,SOLO,1,DESK,brunette,black,tone_1,blue
P4689,Jakub,Kaminski,YES,7,FAMILY,2,KIOSK,brunette,blue,tone_5,suit
P4690,Alfie,Nguyen,YES,6,LEISURE,0,DESK,black,blue,tone_5,blue
P4691,Mila,Nwosu,NO,3,BUSINESS,1,ONLINE,brunette,blue,tone_6,blue
P4692,Jordan,Nowak,NO,2,LEISURE,1,DESK,brunette,blue,tone_4,blue
P4693,Manon,Moreau,NO,1,FAMILY,1,DESK,black_f,black,tone_5,suit
P4694,Alessia,Balogun,NO,3,BUSINESS,1,KIOSK,blonde,black,tone_2,red
P4695,Amina,Bose,YES,10,LEISURE,0,DESK,brunette,blue,tone_5,suit
P4696,Phoebe,Richards,NO,3,LEISURE,0,KIOSK,brunette_f,blue,tone_1,blue
P4697,David,Ryan,NO,1,LEISURE,0,ONLINE,black,blue,tone_1,suit
P4698,Alejandro,Lee,YES,6,LEISURE,0,KIOSK,brunette,blue,tone_3,suit
P4699,Anja,Rossi,YES,9,FAMILY,2,DESK,blonde_f,black,tone_4,suit
P4700,Omar,Tanaka,NO,1,SOLO,2,ONLINE,brunette_f,blue,tone_4,olive+green
P4701,Arthur,Kumar,NO,2,BUSINESS,0,KIOSK,black,black,tone_2,red
P4702,Zofia,Sandhu,NO,3,BUSINESS,1,ONLINE,blonde_f,blue,tone_4,suit
P4703,Harpreet,Mensah,NO,1,FAMILY,2,ONLINE,brunette_f,blue,tone_6,red
P4704,Nadia,Yang,YES,8,LEISURE,2,DESK,blonde_f,blue,tone_6,red
P4705,Nari,Choi,NO,3,LEISURE,1,DESK,brunette_f,black,tone_6,blue
P4706,Nhi,Ferrari,YES,9,BUSINESS,0,KIOSK,brunette_f,blue,tone_6,blue
P4707,Jasleen,Howard,NO,1,SOLO,0,KIOSK,blonde_f,black,tone_2,olive+green
P4708,Priya,Kapoor,NO,1,SOLO,0,ONLINE,black_f,black,tone_1,red
P4709,Alessia,Verma,NO,3,BUSINESS,0,ONLINE,blonde_f,black,tone_1,suit
P4710,Nia,Martinez,NO,1,SOLO,1,ONLINE,blonde_f,black,tone_4,blue
P4711,Declan,Nasser,NO,1,SOLO,0,KIOSK,brunette,black,tone_5,red
P4712,Casey,Chopra,NO,1,SOLO,1,DESK,black_f,black,tone_5,red
P4713,Oliver,Gallagher,NO,3,FAMILY,1,KIOSK,blonde,black,tone_3,blue
P4714,Aarav,Vu,NO,2,SOLO,1,KIOSK,brunette,black,tone_6,olive+green
P4715,Aditya,Camara,NO,2,LEISURE,1,ONLINE,black_f,blue,tone_5,suit
P4716,Nadia,Brown,NO,3,LEISURE,1,KIOSK,black,black,tone_1,blue
P4717,Oscar,Hussain,NO,2,LEISURE,1,ONLINE,brunette,blue,tone_1,suit
P4718,Lena,Kone,NO,1,FAMILY,2,DESK,blonde,blue,tone_1,blue
P4719,Chiara,Bui,NO,2,BUSINESS,1,ONLINE,blonde,black,tone_1,olive+green
P4720,Jonas,Park,NO,1,LEISURE,2,ONLINE,brunette,blue,tone_5,olive+green
P4721,Ayaan,Bose,NO,2,BUSINESS,0,ONLINE,black_f,black,tone_6,olive+green
P4722,Lily,Yoon,NO,1,FAMILY,2,ONLINE,blonde_f,black,tone_3,olive+green
P4723,Ryan,Desai,NO,2,SOLO,1,KIOSK,black,blue,tone_5,blue
P4724,Ama,Huynh,NO,1,LEISURE,0,KIOSK,black_f,black,tone_1,suit
P4725,Ren,Murphy,NO,1,LEISURE,0,ONLINE,blonde_f,blue,tone_5,olive+green
P4726,Ayana,Brar,YES,8,LEISURE,0,DESK,black_f,blue,tone_4,olive+green
P4727,Anja,Le,NO,1,LEISURE,1,KIOSK,brunette,black,tone_1,olive+green
P4728,Veer,Murphy,NO,1,LEISURE,2,DESK,brunette_f,blue,tone_2,blue
P4729,Declan,Anderson,NO,2,BUSINESS,0,DESK,blonde_f,blue,tone_2,olive+green
P4730,Navdeep,Ito,NO,3,LEISURE,0,KIOSK,brunette,black,tone_1,olive+green
P4731,David,Phan,NO,1,LEISURE,2,KIOSK,black,blue,tone_3,blue
P4732,Anja,Garcia,NO,2,SOLO,1,ONLINE,brunette,blue,tone_1,red
P4733,Orla,Xu,NO,1,SOLO,0,DESK,blonde_f,blue,tone_6,blue
P4734,Oliver,Dubois,NO,1,FAMILY,3,DESK,blonde,blue,tone_1,olive+green
P4735,Greta,Kone,NO,2,BUSINESS,0,KIOSK,blonde_f,black,tone_6,olive+green
P4736,Sophia,Mensah,NO,3,LEISURE,0,DESK,blonde,blue,tone_5,olive+green
P4737,Imani,Parker,NO,1,SOLO,0,ONLINE,brunette_f,black,tone_6,suit
P4738,Arnav,Chopra,NO,1,FAMILY,1,DESK,brunette_f,black,tone_6,olive+green
P4739,Eoin,Dang,NO,1,LEISURE,1,DESK,black_f,blue,tone_4,red
P4740,Nia,Campbell,NO,1,FAMILY,3,DESK,blonde,blue,tone_2,olive+green
P4741,Soyeon,Rao,NO,2,BUSINESS,1,ONLINE,brunette,black,tone_1,suit
P4742,Yusuf,Wu,NO,3,BUSINESS,1,ONLINE,brunette,blue,tone_1,suit
P4743,Rin,Bose,NO,2,LEISURE,1,DESK,blonde,blue,tone_6,red
P4744,Theo,Smith,NO,1,FAMILY,2,KIOSK,brunette,black,tone_1,olive+green
P4745,Amara,Moretti,NO,3,LEISURE,0,ONLINE,brunette_f,black,tone_1,olive+green
P4746,Ella,Green,NO,3,SOLO,1,KIOSK,blonde_f,blue,tone_3,blue
P4747,Hugo,Zhang,NO,1,BUSINESS,1,ONLINE,black_f,black,tone_1,suit
P4748,Theo,Moretti,NO,1,BUSINESS,1,ONLINE,brunette_f,blue,tone_4,red
P4749,Isabella,Collins,NO,1,LEISURE,1,ONLINE,brunette,black,tone_1,olive+green
P4750,Bethany,Petit,NO,2,BUSINESS,0,ONLINE,blonde,black,tone_2,red
P4751,Alfie,Jackson,YES,8,BUSINESS,1,DESK,brunette,blue,tone_2,red
P4752,Georgia,Ahmed,NO,1,LEISURE,1,ONLINE,blonde,black,tone_5,red
P4753,Luke,White,NO,3,SOLO,1,DESK,blonde,blue,tone_1,red
P4754,Rin,Wisniewski,NO,2,LEISURE,0,ONLINE,brunette_f,blue,tone_2,blue
P4755,Kacper,Gomez,NO,1,FAMILY,3,DESK,brunette_f,blue,tone_4,blue
P4756,Gurleen,Sharma,NO,1,SOLO,1,DESK,black,black,tone_5,olive+green
P4757,Nathan,Schneider,NO,1,LEISURE,1,ONLINE,blonde,blue,tone_3,suit
P4758,Leo,Sidhu,YES,8,SOLO,0,DESK,black,black,tone_4,olive+green
P4759,Camille,O'Brien,NO,2,BUSINESS,0,ONLINE,brunette,blue,tone_1,red
P4760,Ella,Conti,NO,2,FAMILY,3,DESK,blonde,blue,tone_2,suit
P4761,Adam,Ruiz,NO,1,LEISURE,1,ONLINE,black,blue,tone_5,olive+green
P4762,Hyejin,Dubois,NO,1,LEISURE,1,DESK,brunette,black,tone_1,blue
P4763,Chidi,Rodriguez,NO,1,BUSINESS,1,ONLINE,black,black,tone_6,blue
P4764,Salma,Petit,YES,9,LEISURE,1,ONLINE,black,black,tone_3,suit
P4765,Manpreet,Wilson,NO,2,LEISURE,1,ONLINE,black_f,blue,tone_4,red
P4766,Leon,Wu,NO,2,LEISURE,1,ONLINE,black_f,black,tone_1,blue
P4767,Manpreet,Taylor,NO,2,FAMILY,3,ONLINE,black_f,blue,tone_6,blue
P4768,Joon,Yang,NO,2,LEISURE,1,DESK,blonde_f,black,tone_1,blue
P4769,Grace,Bennett,YES,5,BUSINESS,1,ONLINE,black_f,blue,tone_2,suit
P4770,Isabella,Mehta,NO,1,FAMILY,2,KIOSK,black_f,black,tone_1,olive+green
P4771,Karim,Joshi,NO,2,LEISURE,0,ONLINE,black,blue,tone_2,red
P4772,James,Vu,NO,3,LEISURE,1,KIOSK,black_f,blue,tone_4,blue
P4773,Krish,Sharma,NO,1,LEISURE,0,ONLINE,black,black,tone_4,suit
P4774,Kavya,Walker,NO,3,LEISURE,1,DESK,blonde_f,blue,tone_5,red
P4775,Hannah,Martinez,YES,7,LEISURE,1,KIOSK,brunette,black,tone_4,blue
P4776,Abena,Yamamoto,NO,2,FAMILY,2,KIOSK,blonde_f,black,tone_1,red
P4777,Wei,Nwosu,YES,6,LEISURE,0,KIOSK,black_f,black,tone_3,blue
P4778,Diya,Kim,NO,2,FAMILY,1,KIOSK,blonde_f,blue,tone_5,olive+green
P4779,Olivia,Adeyemi,NO,1,FAMILY,3,DESK,blonde,blue,tone_6,blue
P4780,Bao,Suzuki,YES,5,LEISURE,1,KIOSK,brunette,blue,tone_6,olive+green
P4781,Adwoa,Watanabe,NO,1,BUSINESS,0,ONLINE,brunette,black,tone_1,olive+green
P4782,Matteo,Tran,NO,1,LEISURE,2,KIOSK,brunette,blue,tone_6,red
P4783,Jacob,Zhou,YES,10,FAMILY,2,KIOSK,black_f,black,tone_3,blue
P4784,Akira,Nwosu,NO,2,BUSINESS,2,DESK,blonde_f,blue,tone_4,suit
P4785,Bao,Reed,YES,5,SOLO,1,ONLINE,brunette,blue,tone_6,blue
P4786,Lena,Carter,NO,2,SOLO,1,ONLINE,blonde_f,blue,tone_5,red
P4787,James,Richards,NO,1,FAMILY,2,DESK,brunette,blue,tone_2,olive+green
P4788,Ali,Dubois,YES,9,LEISURE,1,ONLINE,black,black,tone_4,red
P4789,Benjamin,Bailey,NO,1,BUSINESS,0,ONLINE,brunette,black,tone_4,blue
P4790,Krish,Le,NO,1,BUSINESS,1,ONLINE,blonde_f,black,tone_1,blue
P4791,Emilia,Joshi,NO,3,BUSINESS,1,ONLINE,black,blue,tone_1,suit
P4792,Layla,Mansour,NO,1,FAMILY,3,DESK,blonde_f,blue,tone_3,blue
P4793,Haruto,Grant,NO,2,BUSINESS,1,ONLINE,black,blue,tone_2,suit
P4794,Ruby,Grant,NO,1,LEISURE,1,DESK,blonde_f,blue,tone_4,blue
P4795,Emeka,Park,NO,1,LEISURE,0,DESK,brunette,black,tone_5,olive+green
P4796,Greta,Brown,NO,3,LEISURE,1,DESK,blonde_f,black,tone_4,blue
P4797,Sota,Balogun,NO,3,LEISURE,1,KIOSK,brunette,black,tone_1,suit
P4798,Adwoa,Bui,YES,10,SOLO,1,ONLINE,blonde,blue,tone_1,suit
P4799,Amelia,Nowak,NO,2,SOLO,2,DESK,brunette_f,blue,tone_1,suit
P4800,Karan,Bernard,NO,1,LEISURE,2,KIOSK,blonde,black,tone_6,olive+green
P4801,Ahmed,Wu,NO,1,LEISURE,2,ONLINE,black_f,black,tone_6,blue
P4802,Thomas,Jackson,NO,1,BUSINESS,2,DESK,blonde,blue,tone_3,blue
P4803,Phoebe,Nasser,NO,1,LEISURE,1,DESK,black,blue,tone_4,blue
P4804,Riley,Romano,NO,2,LEISURE,0,ONLINE,blonde_f,blue,tone_3,blue
P4805,Isabella,Mansour,NO,1,BUSINESS,0,ONLINE,blonde,blue,tone_1,blue
P4806,Harriet,Kim,YES,5,LEISURE,2,ONLINE,blonde,black,tone_1,suit
P4807,Lucie,Eze,NO,3,LEISURE,0,ONLINE,brunette_f,black,tone_2,suit
P4808,Ade,Kone,NO,1,FAMILY,2,DESK,blonde_f,black,tone_1,suit
P4809,Tariq,Boateng,NO,1,BUSINESS,1,ONLINE,blonde,blue,tone_5,olive+green
P4810,Ade,Khalil,NO,1,LEISURE,1,DESK,blonde_f,black,tone_6,olive+green
P4811,Riley,Rodriguez,NO,3,LEISURE,2,DESK,brunette,black,tone_5,olive+green
P4812,Declan,Campbell,YES,5,SOLO,2,DESK,brunette_f,black,tone_6,red
P4813,Omar,Mitchell,NO,2,FAMILY,1,KIOSK,blonde,blue,tone_4,olive+green
P4814,Poppy,Carter,NO,3,BUSINESS,1,KIOSK,brunette,blue,tone_1,red
P4815,Arthur,Esposito,YES,6,BUSINESS,0,ONLINE,brunette,black,tone_2,olive+green
P4816,Harriet,Evans,NO,2,LEISURE,0,ONLINE,brunette_f,black,tone_3,blue
P4817,Amina,Rodriguez,NO,1,LEISURE,1,ONLINE,black_f,blue,tone_5,blue
P4818,Aiko,Gupta,NO,2,FAMILY,2,DESK,blonde_f,black,tone_5,blue
P4819,Gabriel,Byrne,NO,2,LEISURE,0,ONLINE,black,black,tone_5,red
P4820,Jun,Dhillon,NO,2,LEISURE,0,DESK,blonde_f,black,tone_3,olive+green
P4821,Yusuf,Park,NO,1,BUSINESS,1,ONLINE,blonde_f,blue,tone_2,olive+green
P4822,Imani,Mansour,NO,1,LEISURE,1,KIOSK,blonde_f,black,tone_3,blue
P4823,Femi,Dubois,NO,1,BUSINESS,1,ONLINE,blonde_f,blue,tone_3,red
P4824,Alessia,Joshi,NO,3,LEISURE,1,DESK,blonde,black,tone_2,suit
P4825,Orla,Anderson,NO,2,BUSINESS,0,ONLINE,black,black,tone_5,suit
P4826,Bao,Zielinski,NO,1,LEISURE,0,DESK,black,black,tone_3,red
P4827,Mandeep,Nwosu,YES,7,FAMILY,3,DESK,black,blue,tone_5,red
P4828,Yuki,Yang,NO,1,LEISURE,1,KIOSK,blonde,black,tone_1,suit
P4829,Emeka,Kaur,YES,5,FAMILY,2,DESK,brunette_f,black,tone_1,olive+green
P4830,Maeve,Perez,NO,1,LEISURE,1,DESK,brunette_f,blue,tone_4,suit
P4831,Emily,Mahmood,YES,10,FAMILY,3,KIOSK,brunette,black,tone_1,suit
P4832,Krish,Kang,YES,8,FAMILY,2,ONLINE,black,black,tone_4,blue
P4833,Tariq,Wisniewski,NO,1,BUSINESS,1,ONLINE,brunette_f,black,tone_6,blue
P4834,Ming,Adeyemi,NO,2,LEISURE,0,ONLINE,brunette_f,black,tone_2,suit
P4835,Charlotte,Murphy,NO,3,LEISURE,0,ONLINE,black,black,tone_4,olive+green
P4836,Poppy,Joshi,NO,3,LEISURE,2,ONLINE,blonde,blue,tone_2,blue
P4837,Diya,Jones,NO,1,BUSINESS,1,ONLINE,brunette_f,black,tone_1,blue
P4838,Trang,Tran,NO,1,LEISURE,0,KIOSK,black_f,blue,tone_1,olive+green
P4839,Emily,Reddy,NO,3,SOLO,0,KIOSK,black_f,black,tone_5,red
P4840,Leo,Suzuki,YES,7,LEISURE,1,DESK,black,black,tone_6,suit
P4841,Zain,Haddad,YES,6,LEISURE,1,ONLINE,black,black,tone_5,red
P4842,Samar,Young,NO,2,BUSINESS,0,KIOSK,brunette,black,tone_2,olive+green
P4843,Diego,Yamamoto,NO,3,LEISURE,1,ONLINE,brunette_f,black,tone_5,olive+green
P4844,Ayaan,Grant,NO,1,LEISURE,1,ONLINE,black,black,tone_6,red
P4845,Luca,Parker,NO,2,LEISURE,1,ONLINE,black_f,blue,tone_2,suit
P4846,Ama,Dhillon,NO,1,LEISURE,1,DESK,blonde_f,blue,tone_3,suit
P4847,Nathan,Xu,NO,1,BUSINESS,2,ONLINE,blonde_f,blue,tone_3,red
P4848,Jakub,Sanchez,NO,2,LEISURE,1,KIOSK,black_f,blue,tone_3,blue
P4849,Aryan,Kumar,NO,1,LEISURE,1,ONLINE,blonde,blue,tone_1,blue
P4850,Morgan,Watanabe,NO,2,BUSINESS,1,ONLINE,black_f,blue,tone_2,suit
P4851,Kavya,Ryan,NO,1,FAMILY,2,ONLINE,black_f,black,tone_1,suit
P4852,Ibrahim,Yang,NO,3,LEISURE,1,DESK,blonde_f,blue,tone_6,olive+green
P4853,Alex,Bamba,NO,2,LEISURE,0,KIOSK,black_f,blue,tone_5,blue
P4854,James,Roberts,NO,3,FAMILY,3,KIOSK,black,blue,tone_2,suit
P4855,Jamie,Kowalski,NO,3,LEISURE,1,ONLINE,brunette_f,blue,tone_5,blue
P4856,Hyejin,Bernard,NO,3,LEISURE,1,ONLINE,brunette,black,tone_1,red
P4857,Giulia,Gupta,NO,2,BUSINESS,0,ONLINE,brunette_f,black,tone_3,suit
P4858,Camila,Chen,NO,2,FAMILY,3,ONLINE,blonde_f,black,tone_3,blue
P4859,Tomasz,Park,YES,6,LEISURE,2,KIOSK,blonde,black,tone_5,red
P4860,Daichi,Murphy,NO,1,LEISURE,1,KIOSK,black_f,black,tone_2,blue
P4861,Sami,Ahmed,NO,2,FAMILY,1,DESK,brunette_f,blue,tone_3,blue
P4862,Tara,Parker,NO,2,LEISURE,1,DESK,black,blue,tone_5,suit
P4863,Molly,Moreau,NO,2,LEISURE,1,DESK,black,blue,tone_5,red
P4864,Wei,Eze,NO,2,FAMILY,3,KIOSK,black,blue,tone_5,blue
P4865,George,Kang,NO,2,SOLO,0,KIOSK,brunette,blue,tone_5,suit
P4866,Minji,Davies,YES,5,LEISURE,0,ONLINE,black,black,tone_5,suit
P4867,Charlie,Morgan,NO,1,SOLO,1,DESK,blonde_f,blue,tone_4,olive+green
P4868,Sota,Gill,NO,1,LEISURE,1,KIOSK,brunette_f,blue,tone_5,blue
P4869,Casey,Malik,NO,1,LEISURE,0,DESK,brunette_f,black,tone_2,olive+green
P4870,Samar,Hall,NO,3,BUSINESS,1,ONLINE,brunette_f,black,tone_2,red
P4871,Georgia,Schmidt,NO,1,LEISURE,1,DESK,black,black,tone_1,red
P4872,Amina,Traore,NO,1,LEISURE,0,DESK,blonde_f,blue,tone_6,red
P4873,Ming,Baker,NO,2,SOLO,1,KIOSK,blonde_f,black,tone_3,blue
P4874,Imran,Kang,NO,2,LEISURE,1,ONLINE,black_f,black,tone_4,blue
P4875,Hana,Ahmed,NO,3,BUSINESS,1,DESK,blonde_f,blue,tone_3,blue
P4876,Chidi,Sidhu,NO,1,SOLO,1,DESK,blonde,black,tone_5,blue
P4877,Poppy,Shah,NO,3,LEISURE,1,DESK,blonde_f,blue,tone_5,red
P4878,Jonas,Bose,NO,1,BUSINESS,1,KIOSK,blonde_f,black,tone_3,suit
P4879,Emily,Mensah,NO,1,FAMILY,2,KIOSK,black,blue,tone_5,suit
P4880,William,Kaur,NO,1,BUSINESS,1,DESK,blonde,black,tone_6,suit
P4881,Aryan,Kapoor,NO,1,BUSINESS,1,ONLINE,brunette_f,blue,tone_2,red
P4882,Jonas,Jimenez,NO,1,LEISURE,0,KIOSK,blonde,black,tone_5,blue
P4883,Jisoo,Park,NO,1,SOLO,0,KIOSK,blonde_f,blue,tone_5,blue
P4884,Declan,Jung,NO,1,BUSINESS,0,KIOSK,black_f,blue,tone_4,suit
P4885,Maeve,Scott,NO,2,FAMILY,2,DESK,brunette_f,black,tone_5,blue
P4886,Ayana,Schneider,NO,1,BUSINESS,1,ONLINE,blonde,black,tone_4,suit
P4887,Lena,Camara,NO,1,LEISURE,0,DESK,brunette_f,blue,tone_3,blue
P4888,Kojo,Kelly,NO,3,LEISURE,1,ONLINE,blonde,blue,tone_1,blue
P4889,Alfie,Nasser,NO,1,BUSINESS,2,ONLINE,blonde,black,tone_1,red
P4890,Chiara,Toure,NO,1,BUSINESS,1,ONLINE,brunette,blue,tone_5,blue
P4891,Mia,Reed,NO,2,LEISURE,0,DESK,brunette,blue,tone_2,red
P4892,Ade,Lopez,NO,1,LEISURE,2,ONLINE,brunette,black,tone_3,olive+green
P4893,Adam,Saleh,NO,3,FAMILY,2,DESK,black_f,black,tone_5,olive+green
P4894,Camila,Malik,NO,1,LEISURE,1,ONLINE,blonde,black,tone_5,red
P4895,Emily,Huynh,NO,2,FAMILY,2,KIOSK,black_f,black,tone_1,olive+green
P4896,Nhi,Yang,NO,2,SOLO,1,ONLINE,blonde_f,black,tone_6,red
P4897,Luke,Rodriguez,NO,3,LEISURE,2,KIOSK,black,blue,tone_6,blue
P4898,Samar,Richards,YES,9,BUSINESS,1,ONLINE,brunette_f,black,tone_1,blue
P4899,Krish,Haddad,NO,1,SOLO,1,ONLINE,brunette_f,blue,tone_6,suit
P4900,Thomas,Ito,NO,1,FAMILY,2,ONLINE,blonde,blue,tone_3,olive+green
P4901,Declan,Choi,NO,2,BUSINESS,1,KIOSK,black,blue,tone_4,red
P4902,Camille,Jackson,NO,2,FAMILY,3,ONLINE,black_f,blue,tone_2,red
P4903,Anja,Yamamoto,NO,1,BUSINESS,0,ONLINE,black_f,black,tone_2,suit
P4904,Victoria,Stewart,NO,2,LEISURE,0,KIOSK,brunette,blue,tone_3,olive+green
P4905,Adwoa,Asante,NO,1,LEISURE,1,DESK,blonde_f,blue,tone_6,olive+green
P4906,Molly,Ryan,NO,3,FAMILY,2,ONLINE,black,black,tone_1,red
P4907,Hassan,Romano,NO,1,BUSINESS,0,ONLINE,brunette,blue,tone_5,olive+green
P4908,Ren,Carter,NO,2,LEISURE,1,KIOSK,brunette,blue,tone_3,blue
P4909,Jack,Weber,YES,10,BUSINESS,0,KIOSK,blonde_f,black,tone_6,suit
P4910,Morgan,Zhou,NO,3,BUSINESS,0,ONLINE,blonde,black,tone_3,red
P4911,Jakub,Bianchi,NO,3,LEISURE,1,ONLINE,black_f,black,tone_3,suit
P4912,Gabriel,Bamba,NO,2,LEISURE,1,DESK,blonde_f,black,tone_6,red
P4913,Sami,Foster,NO,2,BUSINESS,1,DESK,brunette_f,black,tone_1,blue
P4914,Thomas,Gomez,NO,3,SOLO,2,ONLINE,brunette_f,blue,tone_1,blue
P4915,Poppy,Verma,NO,1,FAMILY,2,ONLINE,black_f,black,tone_2,red
P4916,Ali,Toure,NO,3,FAMILY,1,DESK,blonde_f,black,tone_2,olive+green
P4917,Kenji,Martinez,NO,1,SOLO,1,ONLINE,brunette_f,black,tone_6,suit
P4918,Taylor,Reddy,NO,1,LEISURE,2,DESK,black,blue,tone_3,olive+green
P4919,Adwoa,Garcia,YES,9,FAMILY,2,DESK,black_f,blue,tone_3,olive+green
P4920,Taylor,Robinson,NO,3,LEISURE,0,DESK,blonde,black,tone_6,olive+green
P4921,Leo,Wright,NO,1,BUSINESS,1,ONLINE,black,blue,tone_2,olive+green
P4922,Muhammad,Huang,NO,3,LEISURE,1,DESK,blonde,black,tone_4,suit
P4923,Aarav,Clarke,NO,3,BUSINESS,1,DESK,black_f,blue,tone_2,olive+green
P4924,Quang,Park,YES,5,LEISURE,0,KIOSK,brunette,black,tone_5,suit
P4925,Minho,Stewart,NO,1,LEISURE,1,KIOSK,blonde,black,tone_1,suit
P4926,Bao,Wisniewski,YES,6,SOLO,1,KIOSK,brunette_f,black,tone_1,suit
P4927,Amelia,Hussain,YES,10,FAMILY,3,ONLINE,brunette,blue,tone_1,olive+green
P4928,Arjun,Garcia,YES,10,LEISURE,0,ONLINE,brunette_f,black,tone_3,red
P4929,Yuna,Gill,NO,1,LEISURE,1,DESK,black,blue,tone_4,blue
P4930,Malik,Brar,NO,3,LEISURE,1,DESK,blonde,black,tone_3,olive+green
P4931,Gabriel,Jones,NO,3,LEISURE,1,ONLINE,brunette,blue,tone_2,blue
P4932,Priya,Walsh,NO,2,LEISURE,2,DESK,blonde_f,blue,tone_6,red
P4933,Tara,Kowalski,NO,1,LEISURE,2,ONLINE,blonde,blue,tone_4,suit
P4934,Harriet,Dubois,NO,2,LEISURE,0,ONLINE,black,blue,tone_4,olive+green
P4935,Victoria,Mehta,NO,3,LEISURE,1,DESK,brunette,blue,tone_6,blue
P4936,Nari,Huang,NO,2,LEISURE,1,DESK,black,black,tone_5,red
P4937,Salma,Patel,NO,2,LEISURE,0,ONLINE,brunette,blue,tone_4,suit
P4938,Lucie,Fischer,YES,5,FAMILY,3,KIOSK,blonde_f,black,tone_5,red
P4939,Greta,Chopra,YES,6,LEISURE,0,ONLINE,brunette_f,blue,tone_6,suit
P4940,Dhruv,Bui,YES,9,BUSINESS,1,DESK,black_f,blue,tone_1,blue
P4941,Mariam,Huang,NO,1,BUSINESS,0,KIOSK,blonde_f,black,tone_4,suit
P4942,Ananya,Huang,NO,2,LEISURE,1,ONLINE,blonde,black,tone_6,suit
P4943,Arjun,Pham,NO,2,LEISURE,1,ONLINE,black,blue,tone_1,suit
P4944,Joon,Romano,NO,2,LEISURE,1,DESK,brunette,blue,tone_5,blue
P4945,Hannah,Schmidt,NO,1,SOLO,1,DESK,black,blue,tone_4,blue
P4946,Imani,Gray,YES,7,FAMILY,2,DESK,brunette,blue,tone_1,blue
P4947,Jordan,Takahashi,NO,1,LEISURE,1,ONLINE,blonde,blue,tone_4,suit
P4948,Anja,Malhotra,NO,1,BUSINESS,1,ONLINE,black,blue,tone_6,olive+green
P4949,Mariam,Rossi,YES,5,BUSINESS,1,ONLINE,blonde_f,blue,tone_1,blue
P4950,Thao,Ali,NO,1,LEISURE,1,ONLINE,black_f,black,tone_6,olive+green
P4951,Theo,Carter,NO,1,LEISURE,2,ONLINE,brunette,black,tone_3,red
P4952,Marek,Kelly,YES,5,LEISURE,2,ONLINE,black_f,blue,tone_1,blue
P4953,Jules,Tran,NO,2,BUSINESS,1,ONLINE,brunette_f,black,tone_1,suit
P4954,Camille,Keita,NO,3,LEISURE,1,ONLINE,brunette_f,black,tone_6,blue
P4955,Akira,Rodriguez,NO,1,BUSINESS,0,ONLINE,brunette,blue,tone_1,red
P4956,Charlie,Rossi,NO,2,LEISURE,0,DESK,brunette,blue,tone_2,olive+green
P4957,Leon,Lopez,YES,8,SOLO,1,DESK,black,black,tone_2,blue
P4958,Dev,Young,YES,8,LEISURE,1,ONLINE,blonde,blue,tone_1,blue
P4959,Sophia,Watson,NO,1,LEISURE,1,ONLINE,black_f,blue,tone_1,blue
P4960,Casey,Cho,YES,9,LEISURE,2,ONLINE,brunette,black,tone_6,red
P4961,Violet,Carter,NO,2,LEISURE,2,KIOSK,black,blue,tone_6,red
P4962,Yusuf,Gupta,NO,1,BUSINESS,0,ONLINE,blonde_f,blue,tone_1,blue
P4963,Phoebe,Mansour,NO,1,LEISURE,1,KIOSK,black,black,tone_4,blue
P4964,Georgia,Thompson,NO,2,SOLO,1,ONLINE,blonde,blue,tone_4,red
P4965,Aaliyah,Evans,YES,9,BUSINESS,1,ONLINE,blonde,blue,tone_2,blue
P4966,Dhruv,Campbell,NO,2,LEISURE,1,DESK,blonde_f,black,tone_1,red
P4967,Gurleen,Adeyemi,NO,1,LEISURE,1,DESK,brunette_f,black,tone_4,blue
P4968,Amina,Perez,NO,1,FAMILY,1,ONLINE,black_f,black,tone_4,suit
P4969,Ava,Kim,NO,2,FAMILY,2,DESK,brunette,black,tone_1,olive+green
P4970,Lucie,Baker,NO,1,LEISURE,2,KIOSK,black,blue,tone_3,blue
P4971,Neil,Weber,NO,2,LEISURE,1,ONLINE,brunette,blue,tone_2,red
P4972,Nari,Green,NO,2,LEISURE,1,ONLINE,blonde_f,blue,tone_3,red
P4973,Mia,Nguyen,NO,1,LEISURE,1,ONLINE,brunette,black,tone_1,blue
P4974,Sakura,Muller,NO,1,LEISURE,0,ONLINE,blonde,blue,tone_2,blue
P4975,Maeve,Shah,NO,3,FAMILY,3,KIOSK,brunette_f,blue,tone_6,olive+green
P4976,Harpreet,Green,NO,3,SOLO,1,ONLINE,brunette_f,blue,tone_3,blue
P4977,Hao,Jackson,NO,1,LEISURE,1,ONLINE,black_f,blue,tone_2,olive+green
P4978,Zain,Wu,YES,10,LEISURE,1,ONLINE,blonde,black,tone_3,red
P4979,Oisin,Wu,NO,2,LEISURE,1,KIOSK,blonde_f,black,tone_3,suit
P4980,Morgan,Young,YES,9,SOLO,0,ONLINE,black,blue,tone_3,red
P4981,Arnav,Wu,NO,3,BUSINESS,1,ONLINE,brunette_f,black,tone_2,red
P4982,Mei,Kelly,NO,2,SOLO,0,ONLINE,blonde,black,tone_5,suit
P4983,Leon,Mansour,NO,1,BUSINESS,1,DESK,blonde,black,tone_5,blue
P4984,Adwoa,Lewandowski,NO,2,SOLO,1,ONLINE,black_f,black,tone_6,olive+green
P4985,Hugo,Watanabe,NO,3,SOLO,1,KIOSK,blonde,blue,tone_2,red
P4986,Ayana,Campbell,NO,1,FAMILY,3,DESK,black_f,black,tone_3,blue
P4987,Jelani,Adams,NO,1,FAMILY,2,ONLINE,blonde_f,blue,tone_3,blue
P4988,Isabella,Brar,NO,1,SOLO,1,ONLINE,blonde_f,blue,tone_2,suit
P4989,Ahmed,Wang,NO,2,SOLO,2,ONLINE,black_f,black,tone_2,olive+green
P4990,Karan,Collins,NO,1,LEISURE,0,ONLINE,brunette,blue,tone_6,olive+green
P4991,Camila,Keita,NO,1,SOLO,1,KIOSK,blonde,black,tone_3,blue
P4992,Ronan,Zhou,YES,6,BUSINESS,1,DESK,black,black,tone_1,red
P4993,Jelani,Taylor,NO,1,BUSINESS,1,ONLINE,black_f,blue,tone_3,olive+green
P4994,Faris,Adeyemi,YES,8,FAMILY,2,ONLINE,blonde,blue,tone_4,suit
P4995,Vivaan,Stewart,YES,7,SOLO,0,DESK,blonde_f,black,tone_2,suit
P4996,George,Lewandowski,NO,1,LEISURE,1,KIOSK,brunette,blue,tone_6,olive+green
P4997,Ayana,Garcia,YES,10,BUSINESS,1,ONLINE,blonde_f,blue,tone_2,olive+green
P4998,Charlotte,Nowak,NO,3,BUSINESS,1,DESK,brunette_f,blue,tone_2,suit
P4999,Obinna,Dang,NO,1,SOLO,1,ONLINE,black_f,black,tone_5,blue
P5000,Ahmed,Doyle,NO,1,LEISURE,1,DESK,black_f,black,tone_3,red
P5001,Abena,Liu,NO,2,BUSINESS,1,KIOSK,blonde,blue,tone_4,red
P5002,Ayaan,Chopra,NO,1,LEISURE,1,ONLINE,brunette,blue,tone_4,olive+green
P5003,Tunde,Bianchi,NO,3,LEISURE,1,KIOSK,blonde_f,black,tone_4,red
P5004,Matteo,Kaur,NO,1,BUSINESS,1,KIOSK,blonde_f,blue,tone_1,suit
P5005,Cian,Wisniewski,NO,1,LEISURE,2,KIOSK,brunette_f,black,tone_6,red
P5006,Dhruv,Schneider,NO,2,SOLO,1,ONLINE,blonde,black,tone_3,blue
P5007,Ronan,Conti,NO,1,FAMILY,3,DESK,black,blue,tone_3,suit
P5008,Ama,Hall,NO,1,LEISURE,1,KIOSK,blonde_f,black,tone_3,suit
P5009,Tariq,Byrne,NO,2,LEISURE,1,DESK,brunette_f,blue,tone_3,olive+green
P5010,Victoria,Kowalski,NO,2,LEISURE,2,DESK,brunette,black,tone_6,blue
P5011,Morgan,Lewandowski,NO,1,SOLO,1,ONLINE,brunette,black,tone_4,suit
P5012,Trang,Reddy,NO,1,BUSINESS,0,KIOSK,brunette,black,tone_5,red
P5013,Diya,Li,NO,3,BUSINESS,0,ONLINE,brunette_f,black,tone_6,olive+green
P5014,Michael,O'Brien,YES,7,FAMILY,2,DESK,black,black,tone_3,red
P5015,Nathan,Murphy,NO,1,SOLO,1,DESK,blonde_f,blue,tone_5,blue
P5016,Khalid,Okafor,NO,1,BUSINESS,1,ONLINE,brunette_f,black,tone_6,blue
P5017,Quang,Kumar,NO,2,SOLO,1,KIOSK,blonde_f,black,tone_3,olive+green
P5018,Santiago,Xu,YES,8,BUSINESS,2,KIOSK,black,black,tone_2,suit
P5019,Faris,Dang,NO,1,LEISURE,0,KIOSK,blonde,black,tone_3,red
P5020,Felix,Haddad,NO,1,LEISURE,2,DESK,blonde,black,tone_6,olive+green
P5021,Karan,Ruiz,NO,1,LEISURE,1,DESK,black,blue,tone_2,olive+green
P5022,Quang,Bamba,NO,1,FAMILY,3,ONLINE,brunette_f,black,tone_3,olive+green
P5023,Jisoo,Vu,NO,1,BUSINESS,0,ONLINE,blonde_f,blue,tone_5,red
P5024,Aoife,Green,NO,1,FAMILY,2,KIOSK,brunette_f,blue,tone_4,olive+green
P5025,Simran,Fischer,NO,1,LEISURE,1,KIOSK,brunette_f,black,tone_2,blue
P5026,Rahul,Schmidt,NO,1,FAMILY,3,ONLINE,brunette,blue,tone_5,blue
P5027,Jelani,Bose,NO,1,LEISURE,2,DESK,blonde,blue,tone_1,red
P5028,Molly,Tran,NO,2,LEISURE,2,DESK,blonde,black,tone_3,suit
P5029,Sophia,Bailey,NO,3,LEISURE,1,DESK,blonde_f,blue,tone_2,olive+green
P5030,Adwoa,Brown,NO,3,LEISURE,1,DESK,blonde,black,tone_3,olive+green
P5031,Zain,Clarke,NO,1,BUSINESS,0,ONLINE,blonde_f,black,tone_6,suit
P5032,Chloe,Reddy,NO,2,SOLO,2,KIOSK,brunette_f,black,tone_4,olive+green
P5033,Amelia,Le,NO,1,FAMILY,2,DESK,blonde_f,black,tone_2,olive+green
P5034,Minji,Garcia,NO,1,SOLO,2,ONLINE,blonde_f,blue,tone_4,olive+green
P5035,Ibrahim,Li,YES,5,LEISURE,2,DESK,brunette,black,tone_2,red
P5036,Isla,Rao,NO,2,FAMILY,3,DESK,black,black,tone_5,red
P5037,Casey,Asante,NO,2,SOLO,0,ONLINE,black,black,tone_4,suit
P5038,James,Rodriguez,YES,6,BUSINESS,1,KIOSK,black_f,blue,tone_2,olive+green
P5039,Minh,Balogun,NO,1,SOLO,1,ONLINE,black,black,tone_1,red
P5040,Nhi,Patel,NO,1,LEISURE,1,KIOSK,blonde,black,tone_2,red
P5041,Alessia,Durand,NO,1,SOLO,2,ONLINE,brunette_f,black,tone_1,blue
P5042,Adam,Gray,NO,3,LEISURE,0,KIOSK,black_f,black,tone_6,blue
P5043,Nhi,Muller,NO,2,LEISURE,1,ONLINE,blonde_f,black,tone_1,red
P5044,Avery,Yoon,NO,2,LEISURE,1,KIOSK,brunette_f,black,tone_2,olive+green
P5045,Imani,Lopez,NO,2,BUSINESS,0,KIOSK,black_f,blue,tone_3,suit
P5046,Jordan,Khan,YES,9,LEISURE,1,KIOSK,brunette,black,tone_5,blue
P5047,Ryan,Bose,NO,1,LEISURE,1,ONLINE,brunette_f,blue,tone_5,blue
P5048,Tao,Shah,NO,1,SOLO,1,KIOSK,blonde_f,black,tone_5,blue
P5049,Arnav,Mehta,NO,2,BUSINESS,0,ONLINE,blonde,blue,tone_4,olive+green
P5050,Nathan,Phan,NO,1,SOLO,1,ONLINE,brunette,black,tone_6,blue
P5051,Theo,Boateng,NO,2,LEISURE,1,ONLINE,black,blue,tone_6,red
P5052,Sota,Mensah,NO,3,LEISURE,1,DESK,black_f,blue,tone_4,suit
P5053,Jelani,Jones,NO,3,LEISURE,0,ONLINE,blonde_f,black,tone_1,olive+green
P5054,Jasleen,Mahmood,NO,1,FAMILY,2,ONLINE,blonde_f,blue,tone_4,suit
P5055,Georgia,Gomez,YES,9,FAMILY,2,KIOSK,black_f,blue,tone_3,blue
P5056,Minho,Jones,NO,2,SOLO,1,KIOSK,brunette_f,black,tone_1,red
P5057,Thomas,Tran,NO,1,LEISURE,1,DESK,brunette_f,black,tone_1,suit
P5058,Jelani,Akhtar,NO,1,FAMILY,3,ONLINE,brunette,black,tone_1,olive+green
P5059,Molly,Camara,NO,3,BUSINESS,0,KIOSK,black_f,black,tone_3,blue
P5060,Arnav,Eze,NO,2,LEISURE,0,DESK,brunette_f,black,tone_2,blue
P5061,Aarav,Fischer,NO,1,LEISURE,2,ONLINE,black,blue,tone_5,olive+green
P5062,Ahmed,Ricci,YES,7,FAMILY,2,DESK,brunette,black,tone_3,olive+green
P5063,Mei,Kapoor,NO,1,LEISURE,1,DESK,blonde_f,black,tone_5,blue
P5064,Felix,Campbell,NO,3,LEISURE,0,DESK,black_f,blue,tone_1,red
P5065,Jules,Suzuki,YES,5,LEISURE,1,DESK,black_f,black,tone_6,olive+green
P5066,Luca,Akhtar,NO,1,SOLO,0,DESK,black,black,tone_4,red
P5067,Yasmin,Keita,NO,1,SOLO,1,ONLINE,blonde_f,black,tone_4,olive+green
P5068,Lucie,Howard,NO,2,LEISURE,2,ONLINE,black_f,black,tone_5,olive+green
P5069,Tao,Jackson,YES,9,LEISURE,1,ONLINE,brunette_f,blue,tone_4,blue
P5070,Aanya,Sharma,NO,2,LEISURE,1,DESK,brunette,blue,tone_2,suit
P5071,Mandeep,Yamamoto,NO,2,LEISURE,1,KIOSK,black_f,blue,tone_3,suit
P5072,Manon,Garcia,NO,3,SOLO,1,KIOSK,blonde,blue,tone_4,olive+green
P5073,Jakub,Kim,YES,5,LEISURE,1,DESK,blonde_f,black,tone_5,suit
P5074,Jamie,Tran,YES,10,LEISURE,1,DESK,blonde_f,blue,tone_3,blue
P5075,Giulia,Francis,NO,2,BUSINESS,1,ONLINE,blonde_f,black,tone_5,olive+green
P5076,Soyeon,Thomas,NO,3,BUSINESS,0,ONLINE,black_f,black,tone_4,blue
P5077,Violet,Ruiz,NO,1,BUSINESS,1,ONLINE,black,black,tone_4,red
P5078,Bilal,Jung,NO,1,LEISURE,1,KIOSK,black,black,tone_4,olive+green
P5079,Reyansh,Johnson,NO,2,SOLO,1,ONLINE,black,blue,tone_6,red
P5080,Tomasz,Wang,NO,3,LEISURE,1,KIOSK,black_f,black,tone_3,red
P5081,Hyejin,Leroy,NO,2,LEISURE,0,KIOSK,black,black,tone_4,red
P5082,Harpreet,Russell,NO,2,BUSINESS,0,ONLINE,brunette_f,black,tone_6,olive+green
P5083,Mateo,Mansour,NO,1,SOLO,1,ONLINE,brunette_f,black,tone_6,suit
P5084,Jamie,Gill,NO,1,SOLO,1,ONLINE,brunette_f,blue,tone_6,blue
P5085,Minho,Schmidt,NO,1,FAMILY,3,KIOSK,brunette,blue,tone_3,blue
P5086,Gurpreet,Shah,NO,1,SOLO,0,DESK,brunette_f,black,tone_2,red
P5087,Declan,Haddad,NO,1,SOLO,2,ONLINE,black,black,tone_1,blue
P5088,Riya,Yang,NO,1,LEISURE,1,DESK,brunette,blue,tone_6,olive+green
P5089,Rohan,Taylor,NO,2,FAMILY,2,DESK,black,black,tone_3,blue
P5090,Gurpreet,Zhang,NO,1,LEISURE,1,ONLINE,brunette_f,black,tone_5,blue
P5091,Arnav,Schmidt,NO,2,LEISURE,2,DESK,black,black,tone_4,suit
P5092,Victoria,Gallagher,YES,5,BUSINESS,1,ONLINE,blonde_f,black,tone_2,olive+green
P5093,Malik,Campbell,NO,1,SOLO,0,ONLINE,black,blue,tone_1,olive+green
P5094,Evie,Ferrari,NO,1,FAMILY,1,DESK,black_f,black,tone_4,blue
P5095,Santiago,Li,NO,2,BUSINESS,0,ONLINE,brunette,black,tone_5,blue
P5096,Sami,Akhtar,YES,7,LEISURE,1,KIOSK,black,blue,tone_5,suit
P5097,Neil,Thompson,NO,2,LEISURE,1,KIOSK,brunette,blue,tone_1,red
P5098,Kojo,Kone,NO,3,LEISURE,1,ONLINE,blonde,black,tone_4,red
P5099,Olivia,Akhtar,NO,1,SOLO,2,DESK,brunette,blue,tone_2,olive+green
P5100,Declan,Agyeman,YES,5,BUSINESS,0,ONLINE,brunette,blue,tone_5,blue
P5101,Tunde,Nowak,NO,3,LEISURE,1,DESK,blonde,blue,tone_3,suit
P5102,Linh,Kang,NO,1,LEISURE,1,KIOSK,black_f,blue,tone_5,red
P5103,Haruto,Durand,NO,1,LEISURE,1,KIOSK,blonde_f,black,tone_5,blue
P5104,Alfie,Huang,NO,1,BUSINESS,0,ONLINE,brunette,black,tone_4,red
P5105,Amrit,Mansour,YES,5,LEISURE,1,DESK,brunette,black,tone_4,red
P5106,Lena,Tran,NO,3,LEISURE,1,ONLINE,brunette_f,black,tone_1,blue
P5107,Manpreet,Chopra,NO,3,LEISURE,1,DESK,blonde_f,blue,tone_4,blue
P5108,Harry,Walker,NO,1,LEISURE,1,ONLINE,black_f,black,tone_2,olive+green
P5109,Hao,Reed,NO,2,LEISURE,1,ONLINE,black,black,tone_4,red
P5110,Ade,Brar,NO,1,SOLO,1,KIOSK,black,black,tone_5,blue
P5111,Marco,Ahmed,YES,9,LEISURE,1,DESK,brunette_f,black,tone_2,red
P5112,Adam,Weber,NO,2,FAMILY,3,ONLINE,brunette,blue,tone_5,olive+green
P5113,Taylor,Rodriguez,NO,2,BUSINESS,0,ONLINE,black_f,blue,tone_6,suit
P5114,Veer,Gray,NO,2,LEISURE,1,DESK,blonde_f,black,tone_5,red
P5115,Zuri,Sandhu,NO,1,FAMILY,2,KIOSK,brunette,black,tone_5,suit
P5116,Joon,Grant,NO,1,LEISURE,1,ONLINE,black_f,blue,tone_4,blue
P5117,Tao,Gill,NO,3,FAMILY,2,ONLINE,blonde,black,tone_6,olive+green
P5118,Zofia,Roberts,NO,2,SOLO,1,KIOSK,black_f,black,tone_3,blue
P5119,Thomas,Suzuki,NO,3,LEISURE,1,ONLINE,brunette_f,blue,tone_3,red
P5120,Oisin,Brar,NO,1,BUSINESS,0,ONLINE,brunette_f,black,tone_6,blue
P5121,Yuki,Taylor,NO,3,FAMILY,2,ONLINE,black_f,black,tone_3,olive+green
P5122,Diego,Sandhu,NO,1,LEISURE,1,ONLINE,brunette,blue,tone_4,olive+green
P5123,Ruby,Clarke,NO,3,FAMILY,3,DESK,blonde,blue,tone_1,suit
P5124,Kofi,Watanabe,YES,5,LEISURE,0,DESK,blonde_f,blue,tone_4,suit
P5125,Olivia,Ito,NO,3,LEISURE,1,KIOSK,black,blue,tone_1,olive+green
P5126,Emeka,Sow,NO,1,LEISURE,1,KIOSK,black_f,blue,tone_4,blue
P5127,Alessia,Saleh,NO,1,LEISURE,0,DESK,blonde,blue,tone_4,suit
P5128,Navdeep,Eze,NO,2,LEISURE,0,DESK,black_f,black,tone_4,olive+green
P5129,Avery,Park,NO,1,LEISURE,1,KIOSK,blonde_f,black,tone_1,suit
P5130,Jack,Mitchell,NO,1,LEISURE,1,ONLINE,brunette,black,tone_5,blue
P5131,Michael,Bianchi,NO,1,FAMILY,2,DESK,black,blue,tone_2,blue
P5132,Declan,Roberts,NO,1,FAMILY,3,DESK,black,black,tone_5,red
P5133,James,Balogun,YES,10,BUSINESS,1,KIOSK,brunette_f,black,tone_2,olive+green
P5134,Priya,Wright,NO,2,SOLO,2,DESK,blonde_f,blue,tone_1,red
P5135,Ella,Mansour,NO,3,LEISURE,1,ONLINE,blonde,black,tone_3,blue
P5136,James,Morgan,NO,2,SOLO,1,DESK,black_f,black,tone_3,red
P5137,Thomas,Nguyen,NO,1,LEISURE,1,KIOSK,blonde_f,black,tone_2,blue
P5138,Jisoo,Collins,NO,2,FAMILY,1,ONLINE,blonde,black,tone_6,olive+green
P5139,Mandeep,Nair,NO,2,FAMILY,2,ONLINE,blonde,black,tone_5,suit
P5140,Tunde,Thompson,NO,1,BUSINESS,1,KIOSK,blonde,black,tone_4,red
P5141,Samir,Iqbal,NO,2,FAMILY,2,DESK,black,blue,tone_5,red
P5142,Chidi,Bose,NO,1,LEISURE,1,ONLINE,blonde,blue,tone_6,suit
P5143,Ayaan,Nasser,NO,1,LEISURE,1,ONLINE,black_f,black,tone_6,suit
P5144,Ama,Moreau,YES,7,SOLO,1,KIOSK,brunette,black,tone_1,red
P5145,Krish,Wilson,NO,1,BUSINESS,0,ONLINE,brunette,blue,tone_6,suit
P5146,Oliver,Collins,NO,3,FAMILY,2,KIOSK,blonde_f,blue,tone_4,suit
P5147,Ishaan,Bamba,NO,1,FAMILY,2,DESK,blonde_f,blue,tone_5,blue
P5148,Jun,Ricci,YES,9,LEISURE,1,DESK,blonde,blue,tone_5,red
P5149,Kabir,Dhillon,NO,1,LEISURE,1,ONLINE,blonde_f,blue,tone_1,red
P5150,Emeka,Patel,YES,10,SOLO,1,DESK,blonde,blue,tone_1,red
P5151,Yuna,Iqbal,NO,2,FAMILY,1,DESK,brunette,blue,tone_4,olive+green
P5152,Hannah,Yang,NO,2,SOLO,1,DESK,brunette,black,tone_2,suit
P5153,Sami,Russell,NO,3,FAMILY,2,DESK,brunette,black,tone_3,red
P5154,Linh,Iyer,NO,1,BUSINESS,0,ONLINE,brunette,blue,tone_5,olive+green
P5155,Isha,Kowalski,NO,1,SOLO,1,KIOSK,blonde,black,tone_6,red
P5156,Gabriel,Roberts,NO,2,FAMILY,3,DESK,blonde_f,black,tone_6,blue
P5157,Phoebe,Khan,NO,3,BUSINESS,1,KIOSK,black_f,blue,tone_1,suit
P5158,Gabriel,Mansour,NO,2,LEISURE,0,DESK,black,blue,tone_2,red
P5159,Sota,Nguyen,NO,2,BUSINESS,2,ONLINE,brunette_f,black,tone_6,suit
P5160,Benjamin,Huynh,NO,1,FAMILY,2,KIOSK,blonde,black,tone_6,red
P5161,Samar,Jimenez,NO,1,LEISURE,0,DESK,black,blue,tone_2,red
P5162,Ama,Ruiz,NO,1,LEISURE,1,KIOSK,blonde,black,tone_3,olive+green
P5163,Aanya,Asante,NO,2,LEISURE,1,ONLINE,brunette_f,black,tone_5,olive+green
P5164,Manpreet,Nasser,NO,1,LEISURE,0,DESK,black_f,black,tone_6,red
P5165,Bilal,Li,NO,2,BUSINESS,1,ONLINE,blonde,blue,tone_4,olive+green
P5166,Maeve,Ali,YES,5,BUSINESS,1,KIOSK,brunette_f,blue,tone_1,olive+green
P5167,Jakub,Akhtar,NO,1,BUSINESS,1,ONLINE,brunette,black,tone_2,blue
P5168,Minh,Mahmood,NO,1,FAMILY,2,KIOSK,black,blue,tone_2,suit
P5169,Benjamin,Iqbal,NO,1,SOLO,0,ONLINE,blonde_f,black,tone_4,blue
P5170,Kabir,Weber,NO,2,LEISURE,1,ONLINE,brunette,blue,tone_2,olive+green
P5171,Grace,Fofana,NO,3,BUSINESS,0,ONLINE,brunette,blue,tone_4,olive+green
P5172,Adwoa,Akhtar,NO,2,LEISURE,0,DESK,blonde_f,black,tone_4,red
P5173,Zuri,Gomez,YES,7,LEISURE,1,KIOSK,black,black,tone_1,olive+green
P5174,Nathan,Mansour,NO,1,LEISURE,1,ONLINE,black,black,tone_1,red
P5175,Ibrahim,Takahashi,NO,1,FAMILY,3,DESK,black_f,black,tone_6,olive+green
P5176,Quang,Iyer,NO,2,LEISURE,0,ONLINE,blonde_f,black,tone_5,olive+green
P5177,Kwame,Haddad,NO,1,FAMILY,2,KIOSK,brunette,black,tone_1,suit
P5178,Aarav,Balogun,NO,1,LEISURE,0,ONLINE,black,blue,tone_1,blue
P5179,Harry,Scott,NO,1,BUSINESS,1,ONLINE,blonde,black,tone_3,suit
P5180,Aoife,Rao,NO,1,LEISURE,1,KIOSK,black,blue,tone_3,suit
P5181,Neil,Perez,NO,1,LEISURE,2,KIOSK,brunette,blue,tone_1,red
P5182,Zofia,Romano,NO,2,LEISURE,1,KIOSK,brunette,black,tone_4,olive+green
P5183,Felix,Adeyemi,NO,1,BUSINESS,1,ONLINE,brunette,black,tone_1,olive+green
P5184,Kavya,Gomez,NO,2,FAMILY,2,KIOSK,brunette_f,blue,tone_5,red
P5185,Manon,Muller,NO,1,FAMILY,2,KIOSK,black_f,black,tone_6,olive+green
P5186,Noor,Phan,NO,3,LEISURE,0,ONLINE,blonde,black,tone_4,olive+green
P5187,Ava,Russell,NO,1,LEISURE,1,DESK,black,blue,tone_5,blue
P5188,Meera,Kapoor,YES,8,LEISURE,1,KIOSK,brunette_f,black,tone_3,olive+green
P5189,Zuri,Foster,NO,2,SOLO,1,KIOSK,black_f,blue,tone_3,suit
P5190,Mateo,Kowalski,NO,1,LEISURE,2,KIOSK,brunette,blue,tone_3,suit
P5191,Riya,Nair,NO,1,SOLO,2,DESK,black,blue,tone_1,blue
P5192,Manpreet,Smith,NO,2,BUSINESS,0,ONLINE,black,black,tone_4,suit
P5193,Gurpreet,Schneider,NO,1,BUSINESS,1,KIOSK,black,blue,tone_5,olive+green
P5194,Manpreet,Francis,YES,9,BUSINESS,1,ONLINE,blonde,black,tone_1,red
P5195,Yuna,Suzuki,YES,8,BUSINESS,1,ONLINE,brunette,blue,tone_1,suit
P5196,Oscar,Chopra,NO,2,LEISURE,2,DESK,black,black,tone_2,olive+green
P5197,Reyansh,Weber,NO,3,FAMILY,1,DESK,blonde_f,blue,tone_2,red
P5198,Lena,Joshi,NO,1,FAMILY,2,ONLINE,black,black,tone_4,olive+green
P5199,Femi,White,NO,1,BUSINESS,1,ONLINE,black,black,tone_2,red
P5200,Haruto,Asante,YES,10,FAMILY,1,DESK,brunette_f,blue,tone_2,blue
P5201,Mateo,Garcia,NO,1,LEISURE,0,DESK,black,blue,tone_3,blue
P5202,Oliver,Nasser,NO,1,LEISURE,0,KIOSK,brunette,black,tone_6,blue
P5203,Omar,Diallo,NO,3,FAMILY,2,ONLINE,black,black,tone_2,suit
P5204,Yusuf,Byrne,NO,2,LEISURE,0,ONLINE,blonde,black,tone_6,red
P5205,Riley,Kaminski,NO,1,LEISURE,1,ONLINE,black_f,black,tone_1,red
P5206,Yasmin,Eze,YES,8,SOLO,1,DESK,brunette,blue,tone_4,suit
P5207,Phoebe,Eze,YES,7,FAMILY,1,ONLINE,brunette_f,blue,tone_3,red
P5208,Linh,Akhtar,NO,3,FAMILY,2,KIOSK,black,blue,tone_4,blue
P5209,Mia,Hussain,NO,3,LEISURE,0,KIOSK,brunette_f,blue,tone_6,olive+green
P5210,Sophia,Gallagher,NO,2,FAMILY,1,DESK,blonde_f,blue,tone_1,suit
P5211,Khalid,Ali,YES,6,LEISURE,0,ONLINE,black_f,black,tone_2,blue
P5212,Johanna,Dubois,YES,7,BUSINESS,0,ONLINE,black_f,black,tone_6,suit
P5213,Meera,Ahmed,NO,1,BUSINESS,0,KIOSK,black_f,blue,tone_3,blue
P5214,Nari,Jackson,NO,2,LEISURE,1,KIOSK,blonde,blue,tone_2,blue
P5215,Nia,Asante,NO,1,BUSINESS,0,KIOSK,black,black,tone_5,olive+green
P5216,Gurpreet,Bamba,NO,1,LEISURE,2,DESK,brunette_f,black,tone_6,suit
P5217,Harry,Romano,YES,9,BUSINESS,0,ONLINE,black,blue,tone_1,blue
P5218,Hassan,Kone,NO,1,FAMILY,2,DESK,blonde,black,tone_2,blue
P5219,Salma,Collins,NO,3,SOLO,2,ONLINE,brunette_f,black,tone_6,suit
P5220,Declan,Gray,NO,3,SOLO,1,DESK,brunette,blue,tone_5,suit
P5221,Ronan,Bianchi,NO,1,LEISURE,1,DESK,blonde,black,tone_1,suit
P5222,Linh,Takahashi,NO,2,LEISURE,0,DESK,brunette_f,blue,tone_5,olive+green
P5223,Minho,Bennett,NO,2,BUSINESS,0,KIOSK,brunette_f,blue,tone_6,blue
P5224,Harry,Perez,NO,2,LEISURE,1,ONLINE,black_f,blue,tone_2,olive+green
P5225,Imran,Bose,NO,3,LEISURE,1,ONLINE,black_f,black,tone_3,olive+green
P5226,Johanna,Howard,NO,1,LEISURE,0,DESK,blonde,black,tone_2,blue
P5227,Amrit,Kaminski,NO,2,LEISURE,2,KIOSK,blonde,black,tone_4,red
P5228,Victoria,Phan,NO,2,FAMILY,2,ONLINE,brunette_f,blue,tone_1,olive+green
P5229,Ali,Camara,NO,2,BUSINESS,0,KIOSK,brunette,blue,tone_6,suit
P5230,Leo,Ferrari,NO,3,LEISURE,0,DESK,black,black,tone_1,suit
P5231,Ibrahim,Dhillon,NO,3,LEISURE,1,ONLINE,brunette_f,black,tone_3,blue
P5232,Jian,Desai,NO,2,BUSINESS,1,ONLINE,blonde,black,tone_1,suit
P5233,Diya,Hussain,NO,1,FAMILY,2,KIOSK,blonde,blue,tone_2,blue
P5234,Nadia,Watanabe,NO,3,SOLO,1,ONLINE,brunette_f,blue,tone_4,blue
P5235,Poppy,Malik,NO,3,LEISURE,1,DESK,brunette,blue,tone_1,suit
P5236,Jakub,Bose,NO,2,SOLO,0,ONLINE,black_f,black,tone_6,suit
P5237,Jules,Li,NO,2,FAMILY,1,KIOSK,black,black,tone_5,suit
P5238,Chloe,Williams,NO,1,LEISURE,1,KIOSK,brunette,blue,tone_3,red
P5239,Nathan,Shah,NO,2,LEISURE,1,DESK,brunette,black,tone_3,blue
P5240,Harriet,Singh,NO,2,FAMILY,3,KIOSK,blonde,black,tone_6,suit
P5241,Anh,Ahmed,NO,2,LEISURE,1,ONLINE,blonde,black,tone_5,blue
P5242,Bilal,Sidhu,NO,2,LEISURE,1,ONLINE,black,blue,tone_4,olive+green
P5243,Harpreet,Singh,YES,8,LEISURE,1,ONLINE,brunette,black,tone_1,red
P5244,Alessia,Leroy,NO,3,FAMILY,3,ONLINE,brunette_f,blue,tone_5,olive+green
P5245,Ayaan,Kaur,NO,2,FAMILY,3,ONLINE,blonde_f,blue,tone_3,suit
P5246,Karan,Baker,YES,7,SOLO,0,KIOSK,black_f,blue,tone_5,red
P5247,Lena,Le,NO,1,LEISURE,1,DESK,blonde,black,tone_1,olive+green
P5248,Georgia,Iyer,NO,2,SOLO,1,KIOSK,black_f,black,tone_6,blue
P5249,Amara,Thompson,NO,1,FAMILY,3,DESK,blonde_f,blue,tone_3,suit
P5250,Malik,Xu,NO,1,LEISURE,2,ONLINE,blonde_f,blue,tone_4,suit
P5251,Olivia,Howard,NO,1,LEISURE,1,DESK,brunette,black,tone_6,olive+green
P5252,Declan,Muller,NO,1,LEISURE,0,ONLINE,brunette_f,blue,tone_5,red
P5253,Sota,Jimenez,NO,3,SOLO,1,DESK,brunette,black,tone_3,suit
P5254,Manpreet,Zielinski,NO,2,LEISURE,1,ONLINE,brunette,black,tone_3,blue
P5255,Arnav,Parker,NO,2,LEISURE,1,ONLINE,black_f,black,tone_1,suit
P5256,Ade,Bennett,NO,1,LEISURE,1,DESK,black,black,tone_6,blue
P5257,Valentina,Kumar,NO,1,FAMILY,2,DESK,black,black,tone_3,olive+green
P5258,Soyeon,Gill,NO,2,SOLO,1,ONLINE,black_f,black,tone_1,olive+green
P5259,Jasleen,Williams,NO,3,LEISURE,0,DESK,black_f,black,tone_2,red
P5260,Hana,Gomez,NO,2,FAMILY,2,DESK,black,blue,tone_1,red
P5261,Cameron,Howard,NO,1,BUSINESS,2,KIOSK,blonde,black,tone_2,olive+green
P5262,Layla,Owusu,NO,2,SOLO,1,DESK,black,black,tone_3,red
P5263,Georgia,Weber,NO,2,LEISURE,2,ONLINE,blonde,blue,tone_3,suit
P5264,Amrit,Takahashi,YES,8,LEISURE,1,ONLINE,blonde,black,tone_6,olive+green
P5265,Ren,Bennett,YES,10,FAMILY,2,ONLINE,black_f,black,tone_3,blue
P5266,Jian,Phan,YES,6,LEISURE,0,DESK,black,blue,tone_2,red
P5267,Thao,Gill,NO,1,SOLO,1,ONLINE,brunette_f,blue,tone_4,suit
P5268,Sophie,Balogun,NO,1,SOLO,1,KIOSK,black,blue,tone_1,red
P5269,Minho,Reddy,NO,2,FAMILY,2,KIOSK,blonde,blue,tone_5,blue
P5270,Ryan,Agyeman,YES,9,LEISURE,1,DESK,blonde_f,blue,tone_3,red
P5271,Victoria,Grant,NO,2,SOLO,1,ONLINE,brunette,blue,tone_6,red
P5272,Victoria,Dubois,NO,2,LEISURE,1,DESK,brunette,blue,tone_5,suit
P5273,Bethany,Bailey,YES,7,LEISURE,0,ONLINE,brunette,blue,tone_1,blue
P5274,Isla,Balogun,NO,2,LEISURE,1,ONLINE,black_f,black,tone_3,red
P5275,Oliver,Martinez,NO,2,LEISURE,1,ONLINE,blonde,blue,tone_1,olive+green
P5276,Matteo,Kumar,NO,3,LEISURE,1,KIOSK,black_f,black,tone_1,suit
P5277,Rahul,Toure,NO,2,LEISURE,1,DESK,black_f,black,tone_1,suit
P5278,David,Sow,NO,1,LEISURE,1,ONLINE,brunette_f,blue,tone_1,suit
P5279,Jun,Francis,YES,8,FAMILY,2,ONLINE,brunette,black,tone_5,blue
P5280,Jun,Agyeman,NO,3,SOLO,1,KIOSK,blonde,blue,tone_4,olive+green
P5281,Aryan,Dhillon,NO,3,BUSINESS,1,ONLINE,brunette_f,blue,tone_1,olive+green
P5282,Hassan,Li,NO,1,BUSINESS,1,KIOSK,black_f,black,tone_4,olive+green
P5283,Imran,Watson,NO,1,LEISURE,1,KIOSK,blonde_f,black,tone_4,blue
P5284,Ananya,Eze,NO,2,BUSINESS,0,ONLINE,blonde_f,black,tone_6,red
P5285,Ade,Scott,NO,1,FAMILY,3,ONLINE,black_f,blue,tone_1,blue
P5286,Aaliyah,Asante,YES,6,FAMILY,2,DESK,brunette,black,tone_5,blue
P5287,Akira,Grant,NO,1,BUSINESS,0,ONLINE,black,blue,tone_3,olive+green
P5288,Kojo,Howard,NO,2,BUSINESS,1,ONLINE,blonde,blue,tone_6,blue
P5289,Zuri,Kaur,NO,2,SOLO,1,DESK,black_f,blue,tone_1,red
P5290,Aditya,Rahman,YES,8,FAMILY,2,KIOSK,blonde,blue,tone_6,suit
P5291,Arthur,Smith,YES,5,SOLO,1,ONLINE,brunette,blue,tone_5,red
P5292,Ali,Moretti,NO,1,FAMILY,2,DESK,black_f,black,tone_4,blue
P5293,Tao,Chen,NO,3,LEISURE,0,DESK,black_f,blue,tone_3,red
P5294,Ananya,Bui,NO,1,LEISURE,1,ONLINE,black_f,black,tone_5,blue
P5295,Isla,Camara,NO,2,LEISURE,0,KIOSK,blonde_f,blue,tone_4,suit
P5296,Olivia,Suzuki,NO,3,LEISURE,1,ONLINE,blonde,black,tone_3,suit
P5297,Quang,Baker,NO,3,BUSINESS,0,ONLINE,blonde_f,black,tone_3,red
P5298,Kenji,Ito,NO,3,FAMILY,1,DESK,brunette_f,black,tone_4,red
P5299,William,Takahashi,NO,2,SOLO,1,ONLINE,blonde,black,tone_6,red
P5300,Jamie,Ricci,YES,8,LEISURE,1,DESK,black,black,tone_2,red
P5301,Amina,Sidhu,NO,1,LEISURE,2,ONLINE,brunette,black,tone_2,olive+green
P5302,Ryan,Conti,NO,1,BUSINESS,0,ONLINE,black,blue,tone_6,blue
P5303,Greta,Mansour,YES,7,SOLO,1,ONLINE,brunette,black,tone_2,olive+green
P5304,Alejandro,Khalil,YES,7,LEISURE,0,KIOSK,blonde,black,tone_6,olive+green
P5305,George,Nwosu,YES,5,LEISURE,0,ONLINE,blonde_f,black,tone_2,suit
P5306,Priya,Khalil,NO,1,LEISURE,2,DESK,brunette_f,blue,tone_4,suit
P5307,Chloe,Siddiqui,YES,7,FAMILY,2,KIOSK,black,black,tone_4,suit
P5308,Valentina,Iyer,NO,1,LEISURE,1,ONLINE,black_f,black,tone_6,red
P5309,Bilal,Sandhu,NO,1,BUSINESS,0,DESK,blonde,blue,tone_2,olive+green
P5310,Ayana,Adams,NO,2,LEISURE,1,KIOSK,black_f,black,tone_4,blue
P5311,Taylor,Martinez,NO,1,BUSINESS,1,ONLINE,black_f,blue,tone_2,suit
P5312,Reyansh,Young,YES,7,LEISURE,1,DESK,blonde,black,tone_1,red
P5313,Cameron,Balogun,YES,7,LEISURE,2,KIOSK,brunette_f,black,tone_6,suit
P5314,Amara,Kaminski,NO,2,BUSINESS,1,DESK,blonde_f,black,tone_4,suit
P5315,Malik,Anderson,NO,1,BUSINESS,1,KIOSK,brunette_f,blue,tone_3,olive+green
P5316,Kacper,Petit,NO,1,FAMILY,3,DESK,black_f,blue,tone_2,red
P5317,Greta,Morgan,NO,3,BUSINESS,1,ONLINE,brunette_f,blue,tone_6,red
P5318,Lily,Yamamoto,NO,2,BUSINESS,0,ONLINE,brunette,blue,tone_3,blue
P5319,Nadia,Takahashi,NO,2,FAMILY,2,ONLINE,blonde,blue,tone_3,red
P5320,Ayana,Young,YES,9,BUSINESS,0,ONLINE,brunette,black,tone_3,suit
P5321,Gabriel,Vu,YES,9,BUSINESS,0,ONLINE,blonde,blue,tone_5,blue
P5322,Santiago,Park,YES,9,LEISURE,1,DESK,brunette_f,blue,tone_3,blue
P5323,Jonas,Carter,YES,10,SOLO,2,DESK,brunette_f,black,tone_5,suit
P5324,Zuri,Adeyemi,NO,1,LEISURE,1,DESK,brunette,black,tone_3,blue
P5325,Soyeon,Foster,YES,8,FAMILY,2,DESK,blonde_f,blue,tone_1,red
P5326,Yuna,Traore,NO,1,FAMILY,3,KIOSK,blonde_f,blue,tone_6,blue
P5327,Veer,Nair,NO,1,LEISURE,0,ONLINE,brunette_f,black,tone_6,suit
P5328,Haruto,Wisniewski,NO,1,BUSINESS,1,ONLINE,black,blue,tone_2,suit
P5329,Hyejin,Kaminski,NO,1,BUSINESS,2,ONLINE,brunette_f,black,tone_1,red
P5330,Violet,Ricci,NO,3,LEISURE,1,DESK,brunette,black,tone_4,blue
P5331,Faris,Traore,NO,1,FAMILY,1,KIOSK,black,blue,tone_3,blue
P5332,Kacper,Gray,NO,1,FAMILY,3,DESK,black_f,blue,tone_1,suit
P5333,Femi,Parker,NO,1,SOLO,0,DESK,blonde_f,black,tone_3,blue
P5334,Vivaan,Huynh,NO,1,LEISURE,1,KIOSK,black_f,black,tone_1,red
P5335,Sakura,Takahashi,NO,1,LEISURE,1,ONLINE,brunette,blue,tone_4,red
P5336,Louis,Doyle,NO,1,BUSINESS,2,ONLINE,blonde,black,tone_3,blue
P5337,Hannah,Sharma,NO,1,LEISURE,1,ONLINE,brunette,black,tone_4,suit
P5338,Amelia,Young,NO,2,BUSINESS,0,ONLINE,black,blue,tone_5,red
P5339,Jacob,Rodriguez,NO,1,SOLO,2,ONLINE,blonde_f,black,tone_6,suit
P5340,Rin,Zhang,NO,1,LEISURE,1,ONLINE,blonde,blue,tone_3,red
P5341,Malik,Howard,YES,10,LEISURE,0,KIOSK,brunette_f,blue,tone_5,suit
P5342,Sami,Kaur,NO,3,LEISURE,0,ONLINE,black,black,tone_4,suit
P5343,Jacob,Schmidt,NO,1,LEISURE,0,KIOSK,black_f,black,tone_4,red
P5344,Leon,Pham,NO,2,SOLO,1,ONLINE,blonde,blue,tone_6,red
P5345,Kenji,Nasser,NO,1,BUSINESS,1,KIOSK,blonde_f,black,tone_1,red
P5346,Layla,Bernard,NO,1,LEISURE,0,DESK,brunette,blue,tone_2,olive+green
P5347,William,Russell,NO,1,LEISURE,1,KIOSK,black_f,blue,tone_6,olive+green
P5348,Charlie,Reed,NO,2,LEISURE,2,KIOSK,blonde_f,black,tone_2,red
P5349,Yasmin,Kim,NO,3,LEISURE,2,ONLINE,black,blue,tone_4,suit
P5350,Leon,Chen,NO,1,SOLO,1,KIOSK,blonde,black,tone_3,blue
P5351,Camille,Huang,YES,5,FAMILY,2,ONLINE,blonde,blue,tone_4,olive+green
P5352,Daichi,Moretti,NO,2,BUSINESS,1,ONLINE,blonde,blue,tone_6,olive+green
P5353,William,Ryan,NO,1,SOLO,1,DESK,blonde_f,black,tone_1,blue
P5354,Kiet,Martinez,NO,3,SOLO,2,ONLINE,black,black,tone_3,olive+green
P5355,Cameron,Adams,NO,3,LEISURE,1,DESK,blonde_f,black,tone_2,suit
P5356,Santiago,Mansour,NO,3,SOLO,1,DESK,brunette,blue,tone_3,blue
P5357,Jamie,Smith,NO,3,SOLO,1,DESK,brunette_f,blue,tone_4,blue
P5358,Mai,Sow,NO,3,BUSINESS,0,KIOSK,black_f,black,tone_6,blue
P5359,Rahul,Scott,YES,9,SOLO,1,DESK,blonde_f,black,tone_1,suit
P5360,Ibrahim,Iqbal,NO,2,LEISURE,1,ONLINE,blonde_f,black,tone_3,red
P5361,Manpreet,Tanaka,NO,1,BUSINESS,1,KIOSK,black,black,tone_6,olive+green
P5362,Nadia,Collins,NO,2,SOLO,1,KIOSK,black,blue,tone_2,red
P5363,Manon,Hall,NO,2,FAMILY,2,ONLINE,black,black,tone_6,suit
P5364,Santiago,Owusu,NO,1,LEISURE,1,KIOSK,black_f,black,tone_5,suit
P5365,Mila,Rodriguez,NO,3,SOLO,1,KIOSK,black_f,black,tone_1,olive+green
P5366,Olivia,Siddiqui,NO,2,FAMILY,2,DESK,brunette,black,tone_1,blue
P5367,Jonas,O'Brien,NO,1,FAMILY,1,DESK,black,black,tone_3,red
P5368,Morgan,Thompson,NO,2,LEISURE,1,ONLINE,blonde_f,black,tone_6,red
P5369,Isabella,Lopez,YES,5,SOLO,1,KIOSK,brunette,black,tone_2,olive+green
P5370,Jun,Gupta,NO,3,LEISURE,0,DESK,black_f,black,tone_3,red
P5371,Leon,Kapoor,NO,1,LEISURE,0,DESK,brunette,black,tone_5,red
P5372,Tara,Brar,NO,2,LEISURE,1,KIOSK,brunette,blue,tone_5,red
P5373,Benjamin,Mensah,NO,1,LEISURE,0,ONLINE,black,blue,tone_4,blue
P5374,Jisoo,Gallagher,NO,2,LEISURE,0,KIOSK,brunette,blue,tone_5,suit
P5375,Isabella,Walker,NO,2,LEISURE,1,KIOSK,blonde,black,tone_1,red
P5376,Louis,Gill,NO,1,SOLO,1,ONLINE,brunette_f,blue,tone_6,blue
P5377,Gabriel,Romano,NO,2,BUSINESS,2,ONLINE,black_f,black,tone_2,olive+green
P5378,Ava,Foster,NO,3,LEISURE,2,DESK,black_f,blue,tone_1,suit
P5379,Bethany,Yamamoto,NO,3,LEISURE,1,KIOSK,blonde,black,tone_3,blue
P5380,Ren,Hussain,NO,3,LEISURE,2,DESK,brunette,black,tone_5,suit
P5381,Luke,Iyer,NO,3,LEISURE,1,KIOSK,black_f,black,tone_5,olive+green
P5382,Mai,Leroy,YES,9,BUSINESS,1,ONLINE,blonde_f,blue,tone_5,olive+green
P5383,Cameron,Kim,NO,1,LEISURE,0,KIOSK,black,black,tone_2,blue
P5384,Tunde,Choi,NO,2,SOLO,1,KIOSK,blonde_f,blue,tone_5,suit
P5385,Camille,Kowalski,YES,8,FAMILY,2,DESK,blonde,black,tone_4,suit
P5386,Daichi,Ferrari,NO,2,BUSINESS,1,ONLINE,black,black,tone_2,red
P5387,Mandeep,Gill,YES,6,LEISURE,1,DESK,brunette,blue,tone_1,suit
P5388,Zofia,Adeyemi,NO,2,LEISURE,1,ONLINE,blonde_f,blue,tone_1,olive+green
P5389,Karim,Eze,NO,1,LEISURE,1,DESK,brunette_f,black,tone_1,blue
P5390,Santiago,Kumar,NO,2,BUSINESS,0,ONLINE,brunette_f,blue,tone_4,blue
P5391,Camille,Xu,NO,2,FAMILY,1,ONLINE,brunette,blue,tone_5,suit
P5392,Adwoa,Thompson,NO,2,LEISURE,1,DESK,blonde_f,blue,tone_5,olive+green
P5393,Mia,Takahashi,NO,1,BUSINESS,1,KIOSK,brunette,black,tone_1,red
P5394,Bethany,Le,NO,1,FAMILY,1,KIOSK,brunette,black,tone_1,blue
P5395,Adwoa,Lopez,NO,3,LEISURE,0,ONLINE,blonde,black,tone_2,blue
P5396,Yuki,Bui,YES,8,LEISURE,0,ONLINE,brunette_f,black,tone_1,suit
P5397,Ishaan,Smith,NO,1,SOLO,1,ONLINE,blonde_f,black,tone_6,blue
P5398,Niklas,Mahmood,NO,1,SOLO,1,DESK,brunette_f,blue,tone_1,blue
P5399,Ella,Doyle,NO,1,LEISURE,0,ONLINE,black,blue,tone_5,suit
P5400,Hamza,Khalil,NO,1,SOLO,1,ONLINE,brunette,blue,tone_2,olive+green
P5401,Imran,Byrne,YES,9,FAMILY,3,KIOSK,blonde,blue,tone_2,olive+green
P5402,Alfie,Kang,NO,1,LEISURE,0,DESK,black,black,tone_1,red
P5403,Alex,Pham,YES,8,LEISURE,2,DESK,black_f,blue,tone_2,olive+green
P5404,Yuki,Chopra,NO,1,LEISURE,1,ONLINE,black_f,black,tone_2,blue
P5405,Noah,Muller,YES,5,LEISURE,1,ONLINE,blonde_f,black,tone_2,blue
P5406,Linh,Toure,NO,2,LEISURE,1,ONLINE,brunette_f,blue,tone_3,suit
P5407,Sebastian,Desai,YES,10,BUSINESS,0,ONLINE,blonde_f,blue,tone_2,red
P5408,Victoria,Wisniewski,NO,1,LEISURE,0,ONLINE,brunette_f,black,tone_1,red
P5409,Minh,Gill,NO,1,FAMILY,3,ONLINE,black,black,tone_2,olive+green
P5410,Emily,Desai,NO,1,LEISURE,2,DESK,black,black,tone_1,olive+green
P5411,Daichi,Byrne,YES,8,BUSINESS,0,KIOSK,brunette,blue,tone_2,olive+green
P5412,Isabella,Byrne,YES,7,LEISURE,1,DESK,blonde_f,blue,tone_5,suit
P5413,Noor,Boateng,NO,1,SOLO,1,ONLINE,blonde,black,tone_6,suit
P5414,Priya,Chopra,NO,2,BUSINESS,0,ONLINE,brunette_f,blue,tone_5,red
P5415,Lena,Ito,NO,1,SOLO,1,ONLINE,brunette,blue,tone_2,blue
P5416,Jian,Stewart,NO,3,LEISURE,0,KIOSK,brunette,black,tone_2,suit
P5417,Veer,Hall,NO,2,LEISURE,1,DESK,brunette_f,blue,tone_6,suit
P5418,Tunde,Jung,YES,7,LEISURE,1,ONLINE,black_f,blue,tone_4,red
P5419,Jasleen,Huang,NO,1,FAMILY,3,DESK,black_f,blue,tone_5,blue
P5420,Hugo,Robinson,YES,8,LEISURE,0,KIOSK,black,blue,tone_2,blue
P5421,Benjamin,Green,NO,1,LEISURE,1,DESK,blonde,blue,tone_1,red
P5422,Simran,Sanchez,NO,3,LEISURE,0,KIOSK,blonde_f,blue,tone_6,suit
P5423,Hamza,Walsh,YES,7,FAMILY,2,ONLINE,blonde_f,blue,tone_3,red
P5424,Malik,Sanchez,NO,3,SOLO,1,DESK,blonde_f,black,tone_4,red
P5425,Jules,Yang,NO,3,LEISURE,1,KIOSK,black_f,blue,tone_4,blue
P5426,Aaliyah,Reddy,NO,2,LEISURE,2,KIOSK,blonde_f,black,tone_6,olive+green
P5427,Ahmed,Rodriguez,NO,3,LEISURE,1,DESK,black,blue,tone_6,red
P5428,Karan,Romano,NO,2,FAMILY,2,DESK,black_f,blue,tone_3,suit
P5429,Santiago,Chopra,NO,1,LEISURE,2,ONLINE,black,black,tone_1,red
P5430,Mai,Moreau,NO,1,LEISURE,2,KIOSK,black,black,tone_2,red
P5431,Anh,Owusu,YES,8,LEISURE,0,DESK,blonde,blue,tone_5,red
P5432,Cian,Gray,NO,2,LEISURE,1,KIOSK,black_f,black,tone_3,suit
P5433,Zain,Iqbal,NO,3,LEISURE,1,ONLINE,brunette_f,blue,tone_2,suit
P5434,Kenji,Dhillon,NO,3,LEISURE,2,DESK,brunette_f,black,tone_1,red
P5435,Minji,Martinez,NO,2,FAMILY,3,KIOSK,brunette,black,tone_2,red
P5436,Wei,Russell,NO,3,FAMILY,2,DESK,brunette_f,blue,tone_5,olive+green
P5437,Vihaan,Thompson,NO,3,LEISURE,1,DESK,black,black,tone_5,olive+green
P5438,Aryan,Doyle,NO,2,LEISURE,1,ONLINE,blonde,black,tone_6,olive+green
P5439,Tara,Okafor,NO,1,SOLO,2,DESK,blonde,black,tone_2,red
P5440,Yuki,Khalil,YES,5,LEISURE,2,DESK,blonde,blue,tone_4,blue
P5441,Ren,Perez,YES,7,FAMILY,3,DESK,blonde_f,black,tone_2,red
P5442,Zofia,Khan,NO,2,FAMILY,2,DESK,blonde,black,tone_5,olive+green
P5443,Manon,Gallagher,NO,2,SOLO,1,DESK,blonde_f,blue,tone_3,red
P5444,Evie,Chen,NO,2,LEISURE,0,KIOSK,black,black,tone_3,blue
P5445,Marco,Reddy,NO,1,FAMILY,2,ONLINE,blonde_f,black,tone_4,blue
P5446,Femi,Bianchi,YES,8,LEISURE,1,DESK,black_f,black,tone_6,red
P5447,Kabir,Adams,NO,3,BUSINESS,1,KIOSK,blonde_f,blue,tone_1,red
P5448,Casey,Bamba,NO,3,SOLO,1,DESK,blonde_f,blue,tone_3,suit
P5449,Sam,Evans,NO,2,LEISURE,0,ONLINE,brunette,blue,tone_1,olive+green
P5450,Harpreet,O'Brien,NO,2,FAMILY,2,ONLINE,blonde,black,tone_5,suit
P5451,Ayaan,Traore,NO,1,LEISURE,1,ONLINE,black,black,tone_2,suit
P5452,Amelia,Zielinski,NO,1,LEISURE,0,ONLINE,blonde,blue,tone_1,suit
P5453,Minji,Yoon,NO,3,SOLO,1,DESK,brunette_f,blue,tone_1,suit
P5454,Minho,Zhou,NO,2,LEISURE,1,ONLINE,brunette_f,blue,tone_5,blue
P5455,Noah,Baker,NO,1,LEISURE,0,ONLINE,blonde_f,black,tone_1,blue
P5456,Aryan,Lopez,NO,1,SOLO,0,ONLINE,blonde,blue,tone_6,red
P5457,Jakub,Joshi,NO,2,LEISURE,1,ONLINE,blonde,blue,tone_2,suit
P5458,Amina,Kaur,NO,1,LEISURE,1,DESK,blonde,black,tone_2,red
P5459,Tomasz,Brar,NO,1,LEISURE,0,KIOSK,brunette,blue,tone_1,olive+green
P5460,Linh,Dubois,NO,1,LEISURE,0,DESK,blonde_f,blue,tone_1,suit
P5461,Thao,Howard,NO,1,LEISURE,1,DESK,brunette,black,tone_6,red
P5462,Giulia,Ryan,NO,1,SOLO,1,DESK,blonde_f,blue,tone_3,suit
P5463,Vihaan,Takahashi,NO,2,LEISURE,0,KIOSK,brunette_f,black,tone_2,red
P5464,Karan,Mahmood,NO,1,SOLO,1,ONLINE,blonde,black,tone_6,suit
P5465,Mateo,Jackson,YES,6,SOLO,1,KIOSK,blonde_f,black,tone_4,blue
P5466,Jamie,Scott,NO,2,BUSINESS,0,ONLINE,black,blue,tone_5,blue
P5467,Phoebe,Gray,YES,7,FAMILY,2,ONLINE,brunette,blue,tone_5,suit
P5468,Sota,Adeyemi,NO,2,LEISURE,1,DESK,blonde_f,black,tone_1,suit
P5469,Jaspreet,Singh,NO,2,LEISURE,1,ONLINE,blonde_f,black,tone_5,blue
P5470,Aarav,Takahashi,YES,8,LEISURE,1,ONLINE,black_f,black,tone_2,red
P5471,Leo,Balogun,YES,6,BUSINESS,0,ONLINE,blonde_f,blue,tone_4,olive+green
P5472,Hao,Dubois,NO,2,LEISURE,1,KIOSK,black_f,blue,tone_4,blue
P5473,Alfie,Sanchez,NO,2,LEISURE,1,DESK,black,black,tone_5,suit
P5474,Jacob,White,NO,2,LEISURE,2,DESK,black_f,blue,tone_2,olive+green
P5475,Arjun,Yang,NO,2,FAMILY,1,KIOSK,brunette,blue,tone_1,olive+green
P5476,Krish,Dhillon,YES,9,LEISURE,2,DESK,brunette_f,blue,tone_6,suit
P5477,Trang,Muller,YES,6,BUSINESS,1,DESK,black,black,tone_5,blue
P5478,Ahmed,Foster,NO,2,LEISURE,2,ONLINE,blonde,blue,tone_3,olive+green
P5479,Santiago,Dhillon,NO,1,LEISURE,2,DESK,black_f,blue,tone_2,suit
P5480,Diego,Le,NO,2,LEISURE,1,KIOSK,blonde_f,blue,tone_2,olive+green
P5481,Kavya,Chopra,NO,1,LEISURE,1,DESK,brunette_f,blue,tone_4,olive+green
P5482,Neil,Anderson,NO,1,LEISURE,1,KIOSK,black,blue,tone_2,blue
P5483,Taylor,Ito,NO,1,BUSINESS,1,KIOSK,black,black,tone_3,blue
P5484,Riya,Pham,NO,3,LEISURE,2,ONLINE,brunette_f,blue,tone_6,blue
P5485,Hana,Baker,NO,3,SOLO,2,KIOSK,black_f,blue,tone_6,olive+green
P5486,Mila,Brar,NO,1,LEISURE,1,ONLINE,black_f,black,tone_3,suit
P5487,Arthur,Huang,NO,1,LEISURE,1,KIOSK,brunette,blue,tone_1,blue
P5488,Kenji,Gupta,NO,2,BUSINESS,0,KIOSK,blonde_f,blue,tone_6,suit
P5489,Femi,Tran,NO,1,SOLO,2,ONLINE,black,black,tone_5,red
P5490,Rahul,Malik,NO,2,BUSINESS,1,ONLINE,black,blue,tone_6,red
P5491,Maeve,Kang,YES,10,FAMILY,3,DESK,black_f,black,tone_5,suit
P5492,Riya,Verma,NO,1,FAMILY,3,ONLINE,blonde_f,blue,tone_3,olive+green
P5493,Thao,Zhou,NO,2,SOLO,1,ONLINE,blonde_f,black,tone_2,red
P5494,Theo,Zielinski,NO,1,FAMILY,2,KIOSK,black,black,tone_4,red
P5495,Bao,Roberts,NO,2,LEISURE,1,ONLINE,black_f,blue,tone_6,olive+green
P5496,Hana,Foster,NO,1,LEISURE,1,KIOSK,blonde_f,black,tone_6,red
P5497,Riley,Wilson,NO,3,BUSINESS,1,DESK,black,black,tone_3,blue
P5498,Cameron,Verma,NO,1,LEISURE,1,ONLINE,black,blue,tone_3,suit
P5499,Nathan,Yang,NO,1,FAMILY,2,KIOSK,black,black,tone_5,red
P5500,Kavya,Xu,NO,2,FAMILY,2,DESK,black,black,tone_6,blue
P5501,Tao,Collins,YES,10,BUSINESS,0,ONLINE,black_f,black,tone_1,blue
P5502,Sophie,Diallo,NO,3,SOLO,1,KIOSK,brunette,black,tone_5,suit
P5503,Hugo,Wisniewski,YES,7,SOLO,1,ONLINE,black_f,black,tone_3,olive+green
P5504,Oscar,Shah,NO,1,SOLO,2,DESK,blonde,black,tone_1,olive+green
P5505,Jisoo,Pham,NO,3,FAMILY,2,ONLINE,black,blue,tone_5,olive+green
P5506,Yusuf,Dhillon,NO,1,FAMILY,3,DESK,black_f,black,tone_3,red
P5507,Cameron,Vu,NO,2,BUSINESS,0,ONLINE,blonde,blue,tone_3,blue
P5508,Hao,Gill,NO,1,FAMILY,2,KIOSK,black,blue,tone_5,olive+green
P5509,Hana,Bernard,NO,1,LEISURE,2,KIOSK,blonde,black,tone_5,olive+green
P5510,Salma,Carter,NO,2,LEISURE,0,KIOSK,blonde_f,blue,tone_3,red
P5511,Jonas,Iqbal,NO,2,LEISURE,0,KIOSK,black,blue,tone_6,red
P5512,Khalid,Brar,YES,9,FAMILY,2,KIOSK,brunette_f,black,tone_1,red
P5513,Meera,Owusu,NO,3,SOLO,2,DESK,black_f,black,tone_6,olive+green
P5514,Rahul,Sidhu,YES,6,LEISURE,2,ONLINE,blonde_f,black,tone_4,blue
P5515,Linh,Roberts,NO,2,LEISURE,0,ONLINE,blonde_f,black,tone_5,suit
P5516,Poppy,Boateng,NO,1,LEISURE,2,ONLINE,brunette,black,tone_5,olive+green
P5517,Sami,Nguyen,NO,2,LEISURE,1,ONLINE,brunette_f,blue,tone_2,blue
P5518,Michael,Mitchell,NO,3,LEISURE,1,DESK,brunette_f,blue,tone_3,olive+green
P5519,Chidi,Baker,NO,3,FAMILY,2,ONLINE,brunette_f,blue,tone_1,blue
P5520,Isla,Yang,YES,6,SOLO,1,KIOSK,blonde_f,blue,tone_3,red
P5521,Santiago,Perez,NO,2,SOLO,1,KIOSK,black,black,tone_6,suit
P5522,Rahul,Conti,NO,2,LEISURE,1,ONLINE,brunette,black,tone_2,olive+green
P5523,Haruto,Iqbal,NO,3,LEISURE,1,DESK,brunette_f,black,tone_2,red
P5524,Adam,Pham,YES,9,BUSINESS,0,KIOSK,brunette_f,blue,tone_5,red
P5525,Greta,Durand,NO,1,SOLO,1,ONLINE,black,black,tone_4,suit
P5526,Ahmed,Akhtar,YES,8,FAMILY,2,DESK,black,blue,tone_4,olive+green
P5527,Ryan,Ryan,NO,1,LEISURE,1,KIOSK,brunette_f,blue,tone_1,suit
P5528,Grace,Watanabe,NO,1,FAMILY,2,DESK,blonde,black,tone_4,red
P5529,Trang,Reed,NO,3,SOLO,2,ONLINE,blonde,blue,tone_2,red
P5530,Zuri,Kelly,NO,1,LEISURE,0,DESK,brunette_f,blue,tone_1,suit
P5531,Theo,Camara,NO,1,LEISURE,1,KIOSK,blonde,black,tone_5,suit
P5532,Linh,Reddy,NO,3,BUSINESS,2,KIOSK,black_f,blue,tone_5,olive+green
P5533,Isla,Francis,YES,5,SOLO,0,KIOSK,brunette,blue,tone_2,blue
P5534,Mila,Jimenez,NO,2,LEISURE,1,ONLINE,black_f,blue,tone_3,olive+green
P5535,Anja,Baker,NO,1,FAMILY,2,ONLINE,brunette_f,blue,tone_2,blue
P5536,Valentina,Howard,NO,2,FAMILY,2,ONLINE,blonde,black,tone_5,blue
P5537,Leon,Jones,NO,2,BUSINESS,0,ONLINE,brunette,black,tone_5,olive+green
P5538,Mandeep,Dang,NO,2,BUSINESS,0,ONLINE,black,black,tone_6,olive+green
P5539,Linh,Gupta,YES,10,BUSINESS,1,KIOSK,brunette,black,tone_2,blue
P5540,Karan,Diallo,NO,1,LEISURE,1,ONLINE,black,blue,tone_6,red
P5541,Layla,Patel,NO,1,BUSINESS,0,ONLINE,black,black,tone_4,blue
P5542,Minji,Perez,YES,9,LEISURE,1,ONLINE,black,black,tone_2,red
P5543,Thao,Young,NO,2,BUSINESS,0,DESK,brunette_f,black,tone_6,suit
P5544,Yasmin,Green,NO,1,LEISURE,1,ONLINE,blonde,blue,tone_4,suit
P5545,Ayaan,Huynh,NO,2,BUSINESS,0,ONLINE,brunette_f,blue,tone_4,red
P5546,Nathan,Diallo,NO,1,SOLO,1,ONLINE,blonde_f,black,tone_5,red
P5547,Thao,Moreau,NO,1,BUSINESS,0,KIOSK,brunette_f,black,tone_2,blue
P5548,Diya,Iyer,NO,2,LEISURE,1,ONLINE,black_f,black,tone_3,olive+green
P5549,Sophia,Moretti,NO,1,LEISURE,1,ONLINE,black_f,black,tone_2,red
P5550,Chidi,Xu,NO,1,LEISURE,1,ONLINE,brunette_f,blue,tone_6,olive+green
P5551,Luke,Esposito,NO,1,FAMILY,2,DESK,blonde,blue,tone_3,suit
P5552,Riley,Watanabe,NO,1,LEISURE,1,ONLINE,black,blue,tone_4,olive+green
P5553,Harpreet,Walker,NO,2,LEISURE,1,KIOSK,brunette_f,black,tone_3,olive+green
P5554,Aoife,Ryan,NO,1,SOLO,1,ONLINE,black_f,black,tone_6,olive+green
P5555,Camille,Suzuki,NO,3,SOLO,1,DESK,black,blue,tone_1,olive+green
P5556,Niamh,Conti,NO,1,SOLO,1,ONLINE,blonde_f,blue,tone_1,suit
P5557,Ayana,Dhillon,YES,9,LEISURE,1,ONLINE,blonde,black,tone_3,olive+green
P5558,Jun,Asante,NO,1,LEISURE,1,ONLINE,blonde,blue,tone_4,red
P5559,Jacob,Vu,YES,8,LEISURE,1,DESK,black_f,black,tone_6,olive+green
P5560,Aoife,White,NO,2,SOLO,0,DESK,brunette_f,black,tone_6,olive+green
P5561,Ruby,Traore,NO,1,SOLO,0,KIOSK,black,blue,tone_5,blue
P5562,Alex,Suzuki,NO,1,BUSINESS,1,ONLINE,blonde_f,black,tone_4,suit
P5563,Gurpreet,Sharma,NO,1,LEISURE,1,DESK,black,black,tone_1,blue
P5564,Oisin,Moretti,NO,3,LEISURE,0,KIOSK,blonde_f,black,tone_1,olive+green
P5565,Leon,Rodriguez,NO,2,FAMILY,2,DESK,brunette_f,black,tone_3,blue
P5566,Noah,Byrne,NO,2,FAMILY,2,KIOSK,black,black,tone_4,suit
P5567,Nisha,Leroy,NO,1,FAMILY,2,ONLINE,black_f,blue,tone_2,olive+green
P5568,Trang,Wright,NO,1,SOLO,1,ONLINE,brunette_f,black,tone_4,red
P5569,Yuki,Howard,NO,3,SOLO,1,DESK,brunette_f,black,tone_3,olive+green
P5570,Sophie,Khalil,NO,3,SOLO,1,DESK,brunette,black,tone_6,red
P5571,Declan,Lopez,YES,6,FAMILY,2,DESK,brunette_f,blue,tone_1,red
P5572,Quang,Davies,NO,1,LEISURE,1,KIOSK,black,black,tone_2,olive+green
P5573,Luca,Doyle,NO,2,BUSINESS,1,ONLINE,black,blue,tone_3,olive+green
P5574,Krish,Fofana,YES,8,FAMILY,2,ONLINE,brunette_f,black,tone_4,olive+green
P5575,Leon,Taylor,NO,1,BUSINESS,1,ONLINE,blonde,black,tone_5,blue
P5576,Camila,Ryan,NO,1,LEISURE,0,DESK,blonde_f,black,tone_5,suit
P5577,Vihaan,Watson,YES,5,BUSINESS,1,KIOSK,blonde,blue,tone_2,red
P5578,Trang,Park,NO,1,FAMILY,3,ONLINE,black_f,blue,tone_3,olive+green
P5579,Priya,Schmidt,NO,1,LEISURE,1,DESK,black_f,blue,tone_5,olive+green
P5580,Yuna,Wisniewski,NO,1,SOLO,2,ONLINE,brunette,blue,tone_4,blue
P5581,Nari,Ryan,NO,1,LEISURE,1,KIOSK,blonde_f,black,tone_3,blue
P5582,Anja,Carter,NO,2,LEISURE,1,KIOSK,brunette_f,blue,tone_2,red
P5583,Priya,Bose,NO,1,FAMILY,2,DESK,blonde_f,blue,tone_4,suit
P5584,Felix,Gallagher,NO,1,LEISURE,1,DESK,black_f,blue,tone_2,suit
P5585,Faris,Weber,NO,3,BUSINESS,0,ONLINE,blonde,blue,tone_6,red
P5586,Camille,Rossi,NO,1,LEISURE,1,ONLINE,brunette_f,blue,tone_5,red
P5587,Jakub,Malik,NO,2,FAMILY,2,ONLINE,black,blue,tone_4,suit
P5588,Ayana,Yang,NO,1,FAMILY,2,ONLINE,brunette_f,blue,tone_1,olive+green
P5589,Nathan,Adeyemi,NO,1,LEISURE,2,DESK,brunette,blue,tone_1,olive+green
P5590,Neil,Siddiqui,NO,1,FAMILY,2,DESK,black,black,tone_1,red
P5591,Phoebe,Tran,NO,1,BUSINESS,1,DESK,brunette_f,blue,tone_6,olive+green
P5592,Zain,Richards,NO,2,LEISURE,2,KIOSK,blonde,blue,tone_1,red
P5593,Kwame,Li,NO,2,LEISURE,1,ONLINE,blonde,blue,tone_5,blue
P5594,Dhruv,Dang,NO,3,FAMILY,2,ONLINE,black,blue,tone_5,red
P5595,Mia,Camara,NO,1,SOLO,1,DESK,blonde,black,tone_5,blue
P5596,Ibrahim,Gupta,NO,2,FAMILY,2,DESK,brunette_f,blue,tone_5,suit
P5597,Noah,Zhou,NO,1,LEISURE,0,KIOSK,blonde,black,tone_4,red
P5598,Maeve,Durand,YES,7,LEISURE,1,KIOSK,brunette,blue,tone_4,olive+green
P5599,Charlotte,Dubois,NO,3,LEISURE,1,DESK,brunette,blue,tone_6,olive+green
P5600,Isha,Khan,NO,1,FAMILY,3,DESK,black_f,black,tone_1,suit
P5601,Ella,Gill,YES,7,LEISURE,1,ONLINE,black,black,tone_4,blue
P5602,Mandeep,Bianchi,NO,2,SOLO,0,DESK,blonde,blue,tone_6,blue
P5603,Harry,Dhillon,NO,1,LEISURE,0,KIOSK,blonde_f,blue,tone_4,blue
P5604,Charlotte,Perez,NO,1,BUSINESS,1,KIOSK,brunette,blue,tone_2,red
P5605,Yuki,Moreau,NO,2,LEISURE,1,ONLINE,brunette,black,tone_6,suit
P5606,Ella,Kapoor,NO,2,LEISURE,0,DESK,black_f,blue,tone_2,red
P5607,Bethany,O'Brien,NO,3,BUSINESS,0,ONLINE,black_f,blue,tone_6,olive+green
P5608,Aditya,Sidhu,YES,8,LEISURE,1,DESK,brunette,black,tone_3,red
P5609,Sebastian,Smith,NO,2,FAMILY,3,KIOSK,blonde,blue,tone_3,suit
P5610,Jack,Wu,NO,1,BUSINESS,0,ONLINE,black,blue,tone_1,olive+green
P5611,Abena,Johnson,NO,1,FAMILY,3,DESK,brunette,black,tone_6,olive+green
P5612,David,Lopez,NO,2,LEISURE,1,KIOSK,black_f,black,tone_5,olive+green
P5613,Chidi,Campbell,NO,1,LEISURE,2,ONLINE,blonde,blue,tone_4,olive+green
P5614,Jisoo,Anderson,NO,2,LEISURE,1,ONLINE,blonde,blue,tone_4,suit
P5615,Isabella,Kim,NO,3,FAMILY,3,ONLINE,black,blue,tone_4,red
P5616,Kavya,Schneider,NO,2,FAMILY,2,DESK,black,blue,tone_3,red
P5617,Kavya,Akhtar,NO,1,LEISURE,2,DESK,blonde,blue,tone_5,suit
P5618,Noor,Carter,NO,1,FAMILY,2,DESK,brunette_f,blue,tone_1,suit
P5619,Rohan,Sow,NO,2,BUSINESS,1,ONLINE,black_f,blue,tone_3,suit
P5620,Jaspreet,Jackson,NO,1,LEISURE,2,DESK,black,black,tone_1,suit
P5621,Felix,Huang,NO,2,FAMILY,2,ONLINE,blonde,black,tone_1,olive+green
P5622,Ananya,Yoon,NO,3,LEISURE,1,KIOSK,black,blue,tone_6,red
P5623,Faris,Verma,YES,8,LEISURE,1,ONLINE,brunette,blue,tone_1,olive+green
P5624,Vivaan,Evans,NO,1,LEISURE,0,DESK,black,blue,tone_1,olive+green
P5625,Aiko,Richards,NO,1,LEISURE,1,DESK,black_f,blue,tone_2,suit
P5626,Gurleen,Liu,NO,1,LEISURE,1,DESK,blonde,black,tone_4,red
P5627,Sam,Thomas,NO,1,LEISURE,2,DESK,blonde_f,black,tone_3,blue
P5628,Mateo,Zielinski,YES,7,LEISURE,1,ONLINE,black,blue,tone_6,red
P5629,Tao,Richards,NO,1,LEISURE,1,ONLINE,black,blue,tone_1,suit
P5630,Lily,Bailey,NO,1,BUSINESS,1,ONLINE,brunette,black,tone_2,suit
P5631,Veer,Kaminski,NO,2,BUSINESS,1,KIOSK,black,blue,tone_2,blue
P5632,Isabella,Joshi,NO,1,FAMILY,2,DESK,black,black,tone_1,red
P5633,Jasleen,Sanchez,NO,1,BUSINESS,1,ONLINE,black_f,blue,tone_3,olive+green
P5634,Zuri,Traore,NO,3,BUSINESS,1,KIOSK,brunette_f,black,tone_3,olive+green
P5635,Imani,Yang,YES,5,LEISURE,1,DESK,blonde,blue,tone_1,red
P5636,Jules,Thompson,NO,2,LEISURE,1,KIOSK,black_f,black,tone_4,red
P5637,Arnav,Taylor,NO,1,LEISURE,0,ONLINE,black_f,black,tone_4,suit
P5638,Vihaan,Reed,NO,3,BUSINESS,1,ONLINE,brunette_f,black,tone_1,blue
P5639,Sebastian,Park,NO,1,LEISURE,0,KIOSK,black_f,black,tone_2,olive+green
P5640,Jules,Gallagher,NO,1,BUSINESS,1,ONLINE,blonde,blue,tone_6,blue
P5641,Kojo,Wilson,NO,1,FAMILY,3,DESK,brunette_f,black,tone_1,suit
P5642,Kwame,Nguyen,YES,6,FAMILY,2,DESK,black,black,tone_4,red
P5643,Veer,Stewart,NO,1,LEISURE,1,DESK,brunette_f,black,tone_2,red
P5644,Faris,Hoang,NO,1,LEISURE,2,ONLINE,black,blue,tone_4,olive+green
P5645,Tara,Richards,NO,2,LEISURE,1,DESK,blonde,black,tone_1,blue
P5646,Dev,Adeyemi,NO,2,LEISURE,2,KIOSK,brunette_f,blue,tone_3,red
P5647,Minji,Tran,NO,1,LEISURE,2,ONLINE,black,black,tone_1,suit
P5648,Krish,Dang,NO,1,BUSINESS,1,ONLINE,blonde_f,black,tone_6,red
P5649,Minho,Sharma,NO,2,FAMILY,3,KIOSK,black_f,black,tone_1,olive+green
P5650,Louis,Patel,NO,1,SOLO,2,ONLINE,brunette_f,black,tone_4,red
P5651,Cian,Li,NO,1,LEISURE,2,KIOSK,blonde_f,black,tone_4,suit
P5652,Ananya,Wang,YES,6,FAMILY,2,DESK,blonde_f,blue,tone_1,suit
P5653,Nhi,Bailey,NO,1,LEISURE,1,ONLINE,brunette,blue,tone_6,blue
P5654,Minh,Camara,NO,2,LEISURE,1,KIOSK,brunette_f,black,tone_4,red
P5655,Rohan,Malik,YES,7,SOLO,1,ONLINE,brunette_f,black,tone_1,red
P5656,Mandeep,Watson,NO,1,LEISURE,2,ONLINE,black_f,blue,tone_6,olive+green
P5657,Hao,Romano,NO,3,BUSINESS,1,ONLINE,black,blue,tone_2,red
P5658,Akira,Nowak,NO,1,SOLO,2,ONLINE,black_f,blue,tone_2,blue
P5659,Arnav,Gomez,NO,1,LEISURE,1,DESK,brunette,blue,tone_5,blue
P5660,Wei,Asante,NO,2,SOLO,0,ONLINE,brunette_f,black,tone_5,olive+green
P5661,Joon,Collins,YES,10,LEISURE,2,DESK,black,blue,tone_1,blue
P5662,Nia,Suzuki,NO,1,LEISURE,1,DESK,brunette_f,black,tone_6,suit
P5663,Kiet,Howard,NO,1,LEISURE,0,KIOSK,blonde_f,black,tone_6,blue
P5664,Hassan,Kaur,NO,1,LEISURE,1,DESK,brunette,blue,tone_6,blue
P5665,Sophia,Durand,NO,1,LEISURE,2,KIOSK,black,black,tone_1,suit
P5666,Hamza,Johnson,NO,3,LEISURE,2,DESK,black,blue,tone_2,suit
P5667,Samar,Byrne,NO,2,BUSINESS,1,ONLINE,blonde,black,tone_1,blue
P5668,Yusuf,O'Brien,YES,10,LEISURE,1,ONLINE,black,black,tone_3,red
P5669,Ronan,Grant,NO,2,SOLO,2,ONLINE,brunette_f,black,tone_2,olive+green
P5670,Daichi,Kim,NO,1,BUSINESS,0,ONLINE,brunette_f,black,tone_5,blue
P5671,Rin,Reed,NO,1,BUSINESS,1,ONLINE,brunette,black,tone_4,suit
P5672,Veer,Kaur,NO,1,LEISURE,1,KIOSK,brunette_f,black,tone_5,red
P5673,Cian,Sow,NO,1,FAMILY,3,DESK,blonde,black,tone_5,blue
P5674,Aoife,Khan,NO,1,LEISURE,2,ONLINE,black_f,blue,tone_4,red
P5675,Sota,Young,NO,1,LEISURE,1,DESK,blonde_f,blue,tone_3,red
P5676,Oscar,Iyer,YES,10,SOLO,1,ONLINE,black,blue,tone_1,suit
P5677,Theo,Yoon,NO,1,LEISURE,1,KIOSK,brunette,blue,tone_1,olive+green
P5678,Kiet,Adams,NO,1,BUSINESS,1,KIOSK,brunette_f,blue,tone_2,red
P5679,Rin,Liu,NO,1,LEISURE,1,ONLINE,brunette,blue,tone_3,blue
P5680,Harry,Bui,NO,1,FAMILY,1,DESK,blonde,blue,tone_6,blue
P5681,Ruby,Chopra,NO,1,SOLO,1,DESK,brunette_f,blue,tone_4,red
P5682,Ava,Rao,NO,1,LEISURE,2,KIOSK,brunette,black,tone_2,red
P5683,Sebastian,Evans,NO,1,LEISURE,0,KIOSK,black,blue,tone_4,suit
P5684,Yusuf,Wilson,NO,3,LEISURE,1,ONLINE,blonde_f,blue,tone_5,red
P5685,Faris,Bui,NO,2,LEISURE,1,KIOSK,blonde,blue,tone_5,blue
P5686,Amelia,Davies,NO,1,LEISURE,0,DESK,blonde_f,black,tone_6,suit
P5687,Soyeon,Hall,NO,3,BUSINESS,1,ONLINE,blonde,black,tone_1,blue
P5688,Faris,Grant,NO,1,SOLO,2,DESK,brunette,black,tone_6,red
P5689,Karim,Patel,NO,2,BUSINESS,1,KIOSK,brunette,black,tone_4,suit
P5690,Sophie,Owusu,NO,1,LEISURE,2,KIOSK,brunette,blue,tone_5,blue
P5691,Aditya,Keita,NO,3,FAMILY,2,DESK,brunette,blue,tone_2,red
P5692,Harpreet,Fischer,NO,1,LEISURE,2,DESK,blonde_f,black,tone_2,red
P5693,Ayana,Bamba,NO,2,FAMILY,3,KIOSK,brunette_f,black,tone_6,red
P5694,Vivaan,Smith,NO,1,LEISURE,1,ONLINE,brunette_f,black,tone_4,red
P5695,Kwame,Kapoor,NO,1,FAMILY,3,KIOSK,blonde_f,black,tone_3,suit
P5696,Rahul,Howard,NO,3,FAMILY,3,KIOSK,black,blue,tone_3,olive+green
P5697,Nhi,Iyer,NO,3,LEISURE,0,KIOSK,blonde_f,black,tone_2,blue
P5698,Morgan,Saleh,NO,1,LEISURE,1,KIOSK,blonde,black,tone_6,blue
P5699,Niamh,Adams,NO,2,LEISURE,1,KIOSK,blonde,blue,tone_5,olive+green
P5700,Poppy,Durand,NO,1,SOLO,1,DESK,brunette,black,tone_6,red
P5701,Nhi,Hussain,NO,2,BUSINESS,2,ONLINE,brunette,blue,tone_6,blue
P5702,Samir,Leroy,NO,1,FAMILY,3,DESK,brunette,black,tone_5,red
P5703,Rahul,Chopra,NO,1,FAMILY,3,ONLINE,black_f,blue,tone_4,suit
P5704,Maeve,Taylor,NO,1,FAMILY,2,DESK,blonde_f,blue,tone_4,suit
P5705,David,Nguyen,NO,2,FAMILY,3,KIOSK,blonde_f,blue,tone_2,suit
P5706,Marco,Wright,NO,1,LEISURE,1,DESK,blonde,blue,tone_4,suit
P5707,Henry,Lopez,YES,6,BUSINESS,1,ONLINE,black,black,tone_3,blue
P5708,Rin,Jung,YES,6,FAMILY,3,KIOSK,black,blue,tone_6,red
P5709,Jian,Ito,NO,3,FAMILY,2,KIOSK,blonde,blue,tone_3,red
P5710,Camille,Thomas,NO,3,LEISURE,1,DESK,blonde_f,black,tone_3,blue
P5711,Jules,Haddad,YES,5,SOLO,0,KIOSK,black_f,blue,tone_4,blue
P5712,Faris,Malhotra,YES,8,LEISURE,1,KIOSK,brunette,blue,tone_4,olive+green
P5713,Felix,Byrne,NO,1,LEISURE,2,ONLINE,brunette_f,black,tone_2,blue
P5714,Mateo,Wang,NO,2,LEISURE,1,ONLINE,black,blue,tone_3,suit
P5715,Thomas,Leroy,NO,1,LEISURE,1,ONLINE,blonde,black,tone_2,olive+green
P5716,Harpreet,Boateng,NO,1,LEISURE,1,ONLINE,blonde,black,tone_6,suit
P5717,Johanna,Conti,YES,10,FAMILY,3,DESK,black,black,tone_1,blue
P5718,Marco,Mehta,NO,2,LEISURE,1,DESK,blonde,blue,tone_3,red
P5719,Vivaan,Zhou,NO,1,LEISURE,0,ONLINE,brunette_f,black,tone_2,blue
P5720,Kofi,Yang,YES,10,LEISURE,1,ONLINE,brunette,black,tone_5,blue
P5721,Jack,Okafor,YES,7,SOLO,1,ONLINE,black,blue,tone_4,red
P5722,Kenji,Huynh,NO,2,FAMILY,3,DESK,brunette,blue,tone_1,blue
P5723,Kabir,Bianchi,NO,1,FAMILY,3,DESK,blonde_f,blue,tone_1,suit
P5724,Aiko,Mansour,YES,6,FAMILY,1,DESK,blonde_f,black,tone_3,olive+green
P5725,Ali,Conti,NO,1,FAMILY,1,KIOSK,blonde_f,blue,tone_6,olive+green
P5726,Tara,Evans,NO,1,LEISURE,1,KIOSK,blonde_f,blue,tone_4,red
P5727,Noor,Desai,NO,2,BUSINESS,1,KIOSK,blonde_f,black,tone_2,blue
P5728,Isha,Brown,NO,2,BUSINESS,1,ONLINE,black,blue,tone_1,suit
P5729,Zain,Chen,NO,2,FAMILY,3,KIOSK,blonde_f,blue,tone_3,suit
P5730,Cian,Xu,NO,2,SOLO,1,ONLINE,black_f,black,tone_4,olive+green
P5731,Arthur,Mahmood,NO,3,LEISURE,1,DESK,blonde_f,black,tone_3,blue
P5732,Veer,Wisniewski,NO,1,LEISURE,1,DESK,black,black,tone_1,red
P5733,Anja,Kowalski,NO,1,SOLO,2,DESK,blonde,blue,tone_2,olive+green
P5734,Quang,Singh,NO,3,FAMILY,3,DESK,blonde_f,blue,tone_6,blue
P5735,Tomasz,Foster,NO,1,LEISURE,1,KIOSK,black_f,blue,tone_6,blue
P5736,Oliver,Williams,YES,9,LEISURE,0,DESK,brunette,blue,tone_2,red
P5737,Imran,Bailey,NO,2,BUSINESS,1,DESK,brunette,blue,tone_4,suit
P5738,Orla,Agyeman,NO,2,FAMILY,2,DESK,blonde,black,tone_1,red
P5739,Poppy,Brown,NO,1,SOLO,1,DESK,blonde_f,blue,tone_3,suit
P5740,Layla,Wright,NO,2,SOLO,2,DESK,brunette,black,tone_6,blue
P5741,Kofi,Khalil,NO,1,LEISURE,1,KIOSK,blonde,black,tone_6,blue
P5742,Sophie,Roberts,NO,1,LEISURE,1,ONLINE,blonde_f,black,tone_3,red
P5743,Hugo,Iqbal,NO,2,LEISURE,1,KIOSK,blonde_f,black,tone_5,olive+green
P5744,Gurpreet,Lewandowski,YES,5,LEISURE,0,ONLINE,black_f,blue,tone_5,olive+green
P5745,Riley,Campbell,NO,1,SOLO,0,ONLINE,black_f,black,tone_6,red
P5746,Omar,Le,NO,2,LEISURE,1,ONLINE,blonde,blue,tone_5,blue
P5747,Aditya,Hoang,NO,3,FAMILY,3,KIOSK,blonde_f,black,tone_6,red
P5748,Priya,Collins,NO,3,LEISURE,1,KIOSK,black_f,blue,tone_4,red
P5749,Thomas,Reddy,NO,1,LEISURE,1,ONLINE,black_f,black,tone_2,red
P5750,Victoria,Williams,NO,2,BUSINESS,0,DESK,brunette,black,tone_6,suit
P5751,George,Wu,NO,1,SOLO,0,ONLINE,blonde_f,black,tone_1,suit
P5752,Chiara,Young,NO,2,LEISURE,1,DESK,blonde_f,black,tone_6,suit
P5753,Tao,Grant,NO,1,SOLO,1,KIOSK,brunette,blue,tone_3,suit
P5754,Chidi,Iyer,NO,3,LEISURE,1,ONLINE,black,blue,tone_6,blue
P5755,Mei,Zhang,NO,2,SOLO,1,ONLINE,blonde_f,black,tone_1,red
P5756,Daichi,Bianchi,NO,1,SOLO,1,DESK,black_f,blue,tone_4,olive+green
P5757,Thomas,Nasser,NO,1,BUSINESS,1,ONLINE,blonde_f,blue,tone_4,blue
P5758,Samar,Gupta,NO,2,LEISURE,1,DESK,blonde_f,black,tone_4,suit
P5759,Tara,Bui,NO,2,BUSINESS,0,ONLINE,blonde_f,black,tone_6,red
P5760,Ryan,Dubois,NO,3,LEISURE,1,ONLINE,blonde,black,tone_4,red
P5761,Aanya,Verma,NO,2,LEISURE,2,DESK,blonde,blue,tone_6,olive+green
P5762,Aditya,Francis,NO,1,LEISURE,1,ONLINE,brunette,black,tone_1,suit
P5763,Poppy,Kim,NO,1,LEISURE,1,ONLINE,black,blue,tone_3,olive+green
P5764,Karim,Rossi,NO,3,LEISURE,1,DESK,black,black,tone_2,olive+green
P5765,Ama,Byrne,NO,2,LEISURE,2,KIOSK,brunette_f,black,tone_1,suit
P5766,Jack,Ricci,NO,1,SOLO,2,ONLINE,blonde,black,tone_6,blue
P5767,Reyansh,Ahmed,NO,2,LEISURE,0,ONLINE,blonde_f,black,tone_6,blue
P5768,Marco,Rodriguez,NO,2,LEISURE,1,ONLINE,blonde_f,blue,tone_6,red
P5769,Jonas,Khan,NO,3,BUSINESS,1,KIOSK,brunette_f,blue,tone_3,red
P5770,Neil,Davies,YES,5,BUSINESS,1,KIOSK,black,blue,tone_1,red
P5771,Charlie,Brown,NO,1,FAMILY,1,KIOSK,blonde,blue,tone_4,suit
P5772,Oscar,White,NO,2,LEISURE,1,KIOSK,brunette_f,blue,tone_2,blue
P5773,Abena,Kone,NO,1,LEISURE,2,ONLINE,blonde,black,tone_4,red
P5774,Jun,Esposito,NO,2,LEISURE,1,DESK,brunette_f,blue,tone_2,red
P5775,Ryan,Shah,NO,1,LEISURE,1,DESK,black_f,black,tone_5,suit
P5776,Jordan,Ricci,NO,1,BUSINESS,1,KIOSK,black,black,tone_2,red
P5777,Ananya,Durand,NO,1,LEISURE,1,DESK,blonde_f,blue,tone_3,red
P5778,Ronan,Ali,NO,1,LEISURE,0,ONLINE,black_f,blue,tone_1,blue
P5779,Luca,White,NO,1,LEISURE,1,ONLINE,black,black,tone_2,olive+green
P5780,Imran,Siddiqui,YES,10,LEISURE,1,KIOSK,blonde_f,black,tone_4,red
P5781,Chidi,Dubois,NO,2,SOLO,2,KIOSK,blonde_f,black,tone_4,blue
P5782,Ava,Hussain,NO,2,LEISURE,1,DESK,blonde_f,blue,tone_2,olive+green
P5783,Obinna,Russell,NO,1,LEISURE,1,KIOSK,blonde_f,blue,tone_6,red
P5784,Cian,Hall,NO,1,LEISURE,1,DESK,black_f,blue,tone_4,suit
P5785,Maeve,Brown,NO,1,FAMILY,2,KIOSK,brunette,black,tone_5,suit
P5786,Charlie,Francis,NO,2,SOLO,1,DESK,blonde,blue,tone_5,olive+green
P5787,Jasleen,Kapoor,NO,2,BUSINESS,0,ONLINE,brunette,black,tone_4,blue
P5788,Lucie,Huynh,NO,1,BUSINESS,1,KIOSK,brunette_f,blue,tone_1,suit
P5789,Ayaan,Bui,NO,2,SOLO,1,ONLINE,black_f,blue,tone_5,blue
P5790,Yuna,Adeyemi,NO,2,BUSINESS,0,ONLINE,brunette,black,tone_1,suit
P5791,Karim,Lewandowski,NO,2,SOLO,1,ONLINE,black_f,blue,tone_4,red
P5792,Grace,Huang,YES,7,LEISURE,1,DESK,blonde_f,black,tone_4,blue
P5793,Yuki,Russell,NO,1,FAMILY,2,DESK,blonde_f,blue,tone_2,olive+green
P5794,Hana,Gill,NO,3,BUSINESS,0,ONLINE,black,black,tone_6,olive+green
P5795,Ava,Leroy,NO,1,LEISURE,1,ONLINE,blonde,black,tone_3,suit
P5796,Niamh,Yamamoto,NO,1,LEISURE,2,KIOSK,brunette_f,blue,tone_3,suit
P5797,Ruby,Zhang,NO,2,LEISURE,1,ONLINE,black,blue,tone_3,suit
P5798,Gurpreet,Lee,YES,6,LEISURE,2,DESK,brunette_f,black,tone_3,olive+green
P5799,Phoebe,Huynh,NO,1,LEISURE,1,DESK,blonde_f,blue,tone_2,olive+green
P5800,Anja,White,YES,8,LEISURE,1,ONLINE,blonde_f,blue,tone_2,olive+green
P5801,Rahul,Clarke,NO,1,SOLO,2,ONLINE,black_f,blue,tone_4,olive+green
P5802,Leo,Byrne,NO,2,BUSINESS,0,DESK,black_f,blue,tone_1,blue
P5803,Jack,Nguyen,NO,1,SOLO,1,ONLINE,brunette,black,tone_6,blue
P5804,Avery,Watanabe,NO,2,LEISURE,1,ONLINE,black,blue,tone_2,suit
P5805,Arthur,Doyle,NO,2,LEISURE,1,ONLINE,blonde_f,blue,tone_4,blue
P5806,Priya,Siddiqui,NO,2,SOLO,1,KIOSK,brunette,black,tone_3,olive+green
P5807,Kacper,Parker,YES,6,FAMILY,3,DESK,blonde_f,blue,tone_4,olive+green
P5808,Manpreet,Parker,YES,9,BUSINESS,0,ONLINE,black_f,black,tone_6,blue
P5809,Amara,Dhillon,YES,7,SOLO,0,ONLINE,black,blue,tone_2,suit
P5810,Yasmin,Mitchell,YES,8,LEISURE,2,ONLINE,brunette_f,black,tone_5,red
P5811,Jaspreet,Romano,NO,1,BUSINESS,0,ONLINE,brunette_f,black,tone_1,suit
P5812,Minho,Balogun,NO,1,BUSINESS,0,ONLINE,brunette_f,black,tone_5,suit
P5813,Obinna,Murphy,NO,1,LEISURE,0,ONLINE,brunette,blue,tone_4,blue
P5814,Ayaan,Brown,YES,8,LEISURE,1,ONLINE,brunette_f,blue,tone_1,red
P5815,Omar,Campbell,NO,1,SOLO,1,DESK,brunette_f,black,tone_5,suit
P5816,Alex,Fofana,NO,2,LEISURE,1,KIOSK,black_f,black,tone_5,olive+green
P5817,Jasleen,Adams,YES,6,BUSINESS,0,KIOSK,black,black,tone_2,olive+green
P5818,Trang,Khalil,NO,3,LEISURE,2,ONLINE,brunette_f,black,tone_6,red
P5819,Ahmed,Chen,YES,10,FAMILY,3,KIOSK,black,black,tone_5,blue
P5820,Karan,Nguyen,NO,2,FAMILY,2,DESK,brunette,blue,tone_2,suit
P5821,Chloe,Wisniewski,NO,1,FAMILY,2,DESK,black,black,tone_5,suit
P5822,Nari,Nair,NO,1,LEISURE,1,DESK,blonde_f,blue,tone_2,red
P5823,Declan,Wilson,NO,3,LEISURE,1,DESK,black_f,blue,tone_6,red
P5824,Declan,Weber,YES,5,LEISURE,1,KIOSK,brunette_f,blue,tone_2,suit
P5825,Felix,Watanabe,NO,1,FAMILY,2,DESK,brunette_f,blue,tone_5,olive+green
P5826,Trang,Lewandowski,NO,2,SOLO,1,DESK,brunette_f,black,tone_1,suit
P5827,Oscar,Taylor,NO,1,LEISURE,1,DESK,blonde,blue,tone_3,red
P5828,Aanya,Collins,NO,3,LEISURE,1,KIOSK,blonde,blue,tone_4,red
P5829,Daichi,Rao,YES,7,LEISURE,1,ONLINE,brunette,blue,tone_3,red
P5830,Aoife,Keita,NO,1,BUSINESS,1,ONLINE,brunette,black,tone_3,olive+green
P5831,Henry,Dang,NO,3,FAMILY,1,DESK,brunette,blue,tone_3,blue
P5832,Poppy,Kaminski,NO,1,FAMILY,1,DESK,black,black,tone_1,olive+green
P5833,Sophia,Esposito,NO,2,BUSINESS,0,ONLINE,brunette,blue,tone_6,suit
P5834,Alex,Jones,NO,2,FAMILY,1,DESK,black,black,tone_5,olive+green
P5835,Minji,Joshi,YES,6,BUSINESS,1,ONLINE,blonde,black,tone_1,blue
P5836,Isabella,Brown,YES,5,BUSINESS,0,ONLINE,brunette_f,blue,tone_5,olive+green
P5837,Jamie,Vu,NO,2,BUSINESS,0,KIOSK,blonde,blue,tone_4,blue
P5838,Jian,Kapoor,NO,1,FAMILY,3,DESK,brunette_f,blue,tone_4,olive+green
P5839,Dhruv,Ruiz,NO,2,LEISURE,2,DESK,blonde,blue,tone_3,red
P5840,Rohan,Morgan,NO,1,LEISURE,0,KIOSK,black,blue,tone_5,red
P5841,Chloe,Akhtar,YES,7,LEISURE,1,KIOSK,blonde,blue,tone_6,blue
P5842,Linh,Hussain,NO,3,FAMILY,1,DESK,black,blue,tone_4,olive+green
P5843,Abena,Gupta,NO,2,BUSINESS,1,ONLINE,brunette_f,blue,tone_6,suit
P5844,Marek,Haddad,YES,7,BUSINESS,1,ONLINE,brunette_f,black,tone_4,red
P5845,Sophia,Chopra,NO,3,LEISURE,1,DESK,blonde_f,blue,tone_5,blue
P5846,Reyansh,Jones,NO,1,BUSINESS,1,ONLINE,blonde_f,blue,tone_6,suit
P5847,Aiko,Conti,YES,6,FAMILY,2,DESK,brunette,black,tone_1,suit
P5848,Ibrahim,Davies,NO,2,FAMILY,2,DESK,black,black,tone_5,olive+green
P5849,Muhammad,Ito,NO,2,SOLO,1,ONLINE,black,blue,tone_2,blue
P5850,Henry,Carter,NO,2,BUSINESS,0,ONLINE,brunette,blue,tone_5,blue
P5851,Kenji,Zielinski,NO,2,BUSINESS,1,ONLINE,blonde_f,black,tone_3,suit
P5852,Omar,Ali,NO,2,SOLO,1,ONLINE,black,black,tone_6,blue
P5853,Kofi,Huang,NO,1,LEISURE,0,ONLINE,blonde,blue,tone_6,suit
P5854,Isha,Perez,NO,1,LEISURE,1,ONLINE,black_f,blue,tone_5,olive+green
P5855,Hyejin,Kapoor,YES,9,LEISURE,1,ONLINE,blonde_f,blue,tone_5,olive+green
P5856,Thao,Eze,YES,7,LEISURE,1,DESK,blonde_f,blue,tone_5,red
P5857,Bilal,Wright,NO,1,LEISURE,1,ONLINE,brunette_f,black,tone_1,red
P5858,Avery,Francis,NO,3,LEISURE,1,ONLINE,brunette,black,tone_2,blue
P5859,Victoria,Tran,YES,8,FAMILY,1,KIOSK,brunette_f,black,tone_3,red
P5860,Avery,Siddiqui,NO,3,FAMILY,3,ONLINE,black,blue,tone_3,red
P5861,Mateo,Adams,NO,2,FAMILY,3,DESK,blonde,blue,tone_1,red
P5862,Omar,Mahmood,NO,1,LEISURE,0,KIOSK,brunette_f,black,tone_2,suit
P5863,Rin,Tran,NO,2,LEISURE,1,ONLINE,blonde_f,blue,tone_4,suit
P5864,Muhammad,Rossi,NO,1,SOLO,2,ONLINE,black,black,tone_4,blue
P5865,Sota,Esposito,YES,8,SOLO,1,KIOSK,black_f,blue,tone_6,red
P5866,Kiet,Thompson,NO,1,BUSINESS,1,ONLINE,blonde_f,black,tone_1,blue
P5867,Jisoo,Choi,NO,1,SOLO,1,DESK,black_f,blue,tone_4,suit
P5868,Arnav,Garcia,NO,2,LEISURE,1,DESK,black_f,black,tone_5,olive+green
P5869,Karim,Siddiqui,YES,6,LEISURE,1,ONLINE,black_f,black,tone_6,suit
P5870,Alfie,Kapoor,NO,2,LEISURE,0,ONLINE,black,blue,tone_1,red
P5871,Tunde,Hall,NO,3,LEISURE,1,KIOSK,blonde_f,black,tone_1,blue
P5872,Niamh,Gomez,YES,5,LEISURE,1,DESK,blonde_f,black,tone_4,blue
P5873,Ruby,Conti,NO,2,FAMILY,2,ONLINE,brunette_f,blue,tone_1,red
P5874,Leon,Nwosu,NO,1,LEISURE,0,KIOSK,brunette,black,tone_4,red
P5875,Mandeep,Gomez,NO,1,BUSINESS,1,ONLINE,brunette_f,black,tone_6,blue
P5876,Charlie,Malik,NO,3,LEISURE,2,ONLINE,blonde_f,black,tone_3,olive+green
P5877,Omar,Vu,NO,2,LEISURE,0,ONLINE,black,black,tone_4,blue
P5878,Kojo,Williams,NO,1,BUSINESS,1,ONLINE,brunette,blue,tone_1,suit
P5879,Noah,Gray,NO,1,LEISURE,1,DESK,brunette_f,blue,tone_4,blue
P5880,Tara,Huang,YES,6,BUSINESS,1,ONLINE,blonde,blue,tone_4,suit
P5881,Priya,Choi,NO,1,SOLO,2,ONLINE,brunette_f,black,tone_2,blue
P5882,Mia,Xu,YES,8,LEISURE,2,DESK,black,black,tone_5,blue
P5883,Ryan,Williams,NO,1,LEISURE,0,ONLINE,black_f,black,tone_3,olive+green
P5884,Camila,Wisniewski,NO,2,LEISURE,1,DESK,black_f,blue,tone_2,suit
P5885,Aryan,Suzuki,NO,1,LEISURE,1,KIOSK,black,black,tone_1,suit
P5886,Ryan,Gallagher,YES,8,FAMILY,1,DESK,brunette_f,black,tone_2,suit
P5887,Mai,Ali,YES,7,FAMILY,2,DESK,black,blue,tone_1,blue
P5888,Jonas,Hall,NO,1,BUSINESS,1,ONLINE,black_f,black,tone_2,red
P5889,Tara,Thomas,NO,1,LEISURE,0,KIOSK,blonde_f,black,tone_2,suit
P5890,Tariq,Kaur,NO,3,FAMILY,1,ONLINE,black_f,blue,tone_4,olive+green
P5891,Sam,Francis,NO,1,BUSINESS,0,ONLINE,blonde_f,black,tone_1,suit
P5892,Noor,Rodriguez,NO,1,LEISURE,1,DESK,blonde,black,tone_3,blue
P5893,Greta,Kapoor,NO,2,LEISURE,2,KIOSK,black_f,black,tone_3,suit
P5894,Mai,Rossi,NO,2,BUSINESS,1,ONLINE,blonde_f,blue,tone_3,red
P5895,Faris,Balogun,NO,1,SOLO,1,KIOSK,blonde,black,tone_1,blue
P5896,Arjun,Kone,NO,1,LEISURE,0,ONLINE,blonde_f,blue,tone_4,red
P5897,Adam,Reed,NO,1,FAMILY,3,KIOSK,blonde,blue,tone_1,suit
P5898,Jamie,Bose,NO,2,LEISURE,1,KIOSK,brunette_f,blue,tone_3,red
P5899,Riley,Kumar,NO,1,FAMILY,2,KIOSK,blonde,blue,tone_2,olive+green
P5900,Tariq,Stewart,NO,1,BUSINESS,0,DESK,brunette,blue,tone_3,suit
P5901,Lily,Richards,NO,1,LEISURE,2,ONLINE,blonde_f,blue,tone_4,red
P5902,Tomasz,Mahmood,NO,3,BUSINESS,0,KIOSK,black_f,blue,tone_2,red
P5903,Alejandro,Watson,YES,5,LEISURE,0,KIOSK,black_f,blue,tone_3,blue
P5904,Rohan,Rahman,NO,1,LEISURE,0,ONLINE,brunette_f,blue,tone_3,blue
P5905,Jelani,Desai,NO,2,LEISURE,1,ONLINE,brunette_f,blue,tone_3,olive+green
P5906,Chiara,Robinson,YES,8,FAMILY,2,ONLINE,brunette_f,blue,tone_6,olive+green
P5907,Jacob,Sanchez,NO,1,BUSINESS,1,ONLINE,blonde_f,black,tone_1,blue
P5908,Alex,Malik,NO,1,SOLO,1,DESK,black,blue,tone_4,blue
P5909,Isabella,Romano,YES,9,LEISURE,2,ONLINE,black_f,blue,tone_6,blue
P5910,Lena,Asante,YES,9,BUSINESS,1,ONLINE,brunette,black,tone_1,olive+green
P5911,Tariq,Jackson,NO,1,LEISURE,0,KIOSK,blonde_f,blue,tone_1,red
P5912,Amina,Toure,NO,1,LEISURE,2,KIOSK,black_f,blue,tone_2,red
P5913,Hana,Kumar,YES,10,LEISURE,1,ONLINE,blonde_f,blue,tone_1,red
P5914,Trang,White,NO,1,BUSINESS,1,ONLINE,black,blue,tone_3,red
P5915,Vihaan,Esposito,NO,1,LEISURE,1,DESK,black,black,tone_6,red
P5916,Kofi,Gill,NO,3,BUSINESS,1,ONLINE,brunette,black,tone_4,red
P5917,Noah,Gallagher,YES,9,LEISURE,1,ONLINE,brunette,black,tone_5,red
P5918,Simran,Walker,YES,5,LEISURE,1,ONLINE,brunette_f,blue,tone_2,suit
P5919,Faris,Singh,NO,3,BUSINESS,1,ONLINE,brunette_f,black,tone_4,red
P5920,Leo,Huynh,NO,1,LEISURE,1,ONLINE,brunette_f,blue,tone_5,olive+green
P5921,Daichi,Fofana,NO,1,LEISURE,1,ONLINE,brunette,black,tone_4,olive+green
P5922,Karan,Brar,NO,2,BUSINESS,0,ONLINE,black_f,black,tone_2,blue
P5923,Amrit,Nair,YES,9,FAMILY,2,DESK,blonde,black,tone_1,blue
P5924,Ruby,Yang,NO,2,FAMILY,3,DESK,brunette_f,black,tone_3,suit
P5925,Luke,Choi,NO,1,LEISURE,2,DESK,blonde,black,tone_5,red
P5926,Imran,Tran,NO,3,FAMILY,3,DESK,brunette,blue,tone_6,red
P5927,Kavya,Moreau,NO,3,FAMILY,2,KIOSK,blonde_f,black,tone_3,olive+green
P5928,Orla,Pham,YES,8,SOLO,0,DESK,brunette_f,blue,tone_6,olive+green
P5929,Leo,Desai,YES,7,LEISURE,0,DESK,black_f,blue,tone_1,olive+green
P5930,Violet,Sidhu,NO,1,LEISURE,0,DESK,black_f,blue,tone_3,suit
P5931,Faris,Perez,NO,1,BUSINESS,0,KIOSK,blonde_f,blue,tone_1,olive+green
P5932,Gurpreet,Joshi,NO,2,BUSINESS,0,ONLINE,blonde_f,blue,tone_6,red
P5933,Sophia,Huynh,NO,3,FAMILY,2,DESK,blonde,black,tone_1,olive+green
P5934,Samar,Nair,NO,2,SOLO,0,ONLINE,brunette_f,blue,tone_2,red
P5935,Vivaan,Richards,NO,1,LEISURE,1,ONLINE,blonde,black,tone_5,blue
P5936,Obinna,Nwosu,NO,1,LEISURE,1,KIOSK,brunette_f,black,tone_5,olive+green
P5937,Manon,Keita,YES,7,LEISURE,1,ONLINE,black_f,black,tone_5,blue
P5938,Molly,Ito,NO,2,LEISURE,2,KIOSK,black,blue,tone_4,blue
P5939,Jaspreet,Jones,NO,1,BUSINESS,0,ONLINE,blonde_f,blue,tone_3,red
P5940,Ava,Kaminski,YES,9,BUSINESS,0,ONLINE,blonde,black,tone_4,suit
P5941,Greta,Richards,NO,1,BUSINESS,0,KIOSK,brunette,black,tone_2,suit
P5942,Ayana,Gallagher,NO,3,LEISURE,2,ONLINE,brunette,blue,tone_4,olive+green
P5943,Luke,Tran,NO,1,LEISURE,1,KIOSK,black_f,black,tone_4,blue
P5944,Vivaan,Nowak,YES,10,LEISURE,1,ONLINE,brunette_f,blue,tone_6,blue
P5945,Nia,Kim,NO,1,BUSINESS,0,ONLINE,brunette,blue,tone_4,blue
P5946,Joon,Ruiz,NO,2,LEISURE,0,ONLINE,black,black,tone_2,suit
P5947,Imani,Byrne,NO,1,BUSINESS,0,ONLINE,black_f,blue,tone_6,suit
P5948,Ama,Perez,NO,2,BUSINESS,1,ONLINE,blonde_f,blue,tone_1,blue
P5949,Camille,Owusu,NO,1,LEISURE,1,ONLINE,brunette,black,tone_3,red
P5950,Ava,Gallagher,NO,2,FAMILY,3,ONLINE,black_f,blue,tone_2,suit
P5951,Theo,Huang,NO,3,SOLO,1,KIOSK,black,black,tone_2,blue
P5952,Arnav,Siddiqui,NO,3,FAMILY,3,DESK,brunette_f,blue,tone_2,blue
P5953,Molly,Kowalski,NO,3,FAMILY,2,KIOSK,brunette,black,tone_6,olive+green
P5954,Jisoo,Moretti,NO,2,SOLO,2,DESK,brunette,blue,tone_4,suit
P5955,Haruto,Kang,NO,1,SOLO,1,ONLINE,brunette,blue,tone_2,suit
P5956,Meera,Gomez,NO,1,LEISURE,1,KIOSK,brunette_f,black,tone_1,suit
P5957,Gurleen,Jackson,NO,3,FAMILY,2,KIOSK,blonde,black,tone_2,olive+green
P5958,Jian,Nasser,NO,3,LEISURE,0,DESK,brunette,black,tone_4,suit
P5959,Michael,Watanabe,YES,8,BUSINESS,2,KIOSK,brunette_f,black,tone_5,blue
P5960,Hao,Sharma,YES,10,FAMILY,2,DESK,blonde,black,tone_6,olive+green
P5961,Cian,Saleh,NO,3,LEISURE,2,ONLINE,brunette_f,black,tone_1,suit
P5962,Aoife,Perez,NO,1,BUSINESS,1,DESK,black_f,black,tone_6,red
P5963,Hannah,Gomez,NO,1,LEISURE,1,ONLINE,blonde_f,blue,tone_6,red
P5964,Trang,Phan,YES,10,LEISURE,0,ONLINE,blonde_f,blue,tone_4,red
P5965,Alejandro,Gray,YES,10,SOLO,1,ONLINE,brunette_f,blue,tone_3,suit
P5966,Henry,Khalil,NO,3,BUSINESS,1,ONLINE,blonde_f,blue,tone_2,red
P5967,Cian,Verma,NO,1,BUSINESS,0,ONLINE,black_f,blue,tone_6,blue
P5968,Manon,Reed,NO,3,SOLO,1,KIOSK,brunette,black,tone_3,red
P5969,Jules,Pham,NO,2,LEISURE,1,ONLINE,black,blue,tone_1,blue
P5970,Abena,Mitchell,NO,3,BUSINESS,2,ONLINE,brunette_f,blue,tone_6,blue
P5971,Luca,Stewart,YES,10,LEISURE,0,DESK,black_f,black,tone_3,blue
P5972,Tunde,Rao,YES,8,BUSINESS,1,ONLINE,black_f,blue,tone_3,olive+green
P5973,Declan,Dubois,NO,2,BUSINESS,0,ONLINE,black_f,black,tone_2,suit
P5974,Avery,Murphy,NO,2,LEISURE,0,KIOSK,blonde,blue,tone_5,blue
P5975,Cameron,Huynh,YES,5,BUSINESS,0,ONLINE,blonde,blue,tone_6,red
P5976,Gabriel,Chopra,NO,3,FAMILY,2,ONLINE,black,black,tone_3,olive+green
P5977,Declan,Martinez,NO,2,FAMILY,2,KIOSK,brunette_f,black,tone_1,red
P5978,Zofia,Jung,NO,2,LEISURE,2,DESK,blonde_f,blue,tone_1,red
P5979,Ming,Hoang,NO,2,BUSINESS,1,ONLINE,brunette_f,blue,tone_2,blue
P5980,Sophia,Xu,NO,1,LEISURE,2,ONLINE,black_f,blue,tone_1,blue
P5981,Muhammad,Conti,NO,1,BUSINESS,0,ONLINE,black_f,blue,tone_3,olive+green
P5982,Muhammad,Toure,NO,1,LEISURE,2,DESK,blonde,black,tone_4,olive+green
P5983,Tara,Dhillon,NO,3,FAMILY,3,ONLINE,brunette_f,blue,tone_6,red
P5984,Mandeep,Baker,NO,3,BUSINESS,1,ONLINE,black_f,blue,tone_3,blue
P5985,Georgia,Jimenez,NO,1,LEISURE,0,KIOSK,black_f,blue,tone_3,blue
P5986,Jisoo,Mansour,YES,9,BUSINESS,0,DESK,blonde_f,black,tone_3,red
P5987,Ronan,Jones,NO,2,SOLO,1,ONLINE,black_f,black,tone_4,red
P5988,Omar,Nasser,NO,2,FAMILY,3,ONLINE,brunette_f,blue,tone_3,blue
P5989,Navdeep,Haddad,NO,1,LEISURE,1,KIOSK,blonde,blue,tone_4,red
P5990,Phoebe,Akhtar,NO,2,FAMILY,1,DESK,black,black,tone_3,red
P5991,Thao,Taylor,NO,1,LEISURE,0,KIOSK,blonde_f,black,tone_4,olive+green
P5992,Noah,Yoon,NO,2,FAMILY,2,DESK,brunette,black,tone_4,red
P5993,Obinna,Huynh,NO,3,BUSINESS,1,ONLINE,brunette,black,tone_4,olive+green
P5994,Jun,Mitchell,NO,1,BUSINESS,1,KIOSK,blonde,blue,tone_5,suit
P5995,Marco,Schneider,YES,8,LEISURE,0,ONLINE,brunette,black,tone_4,olive+green
P5996,Kwame,Carter,NO,1,FAMILY,2,DESK,black,blue,tone_3,blue
P5997,Aanya,Bui,NO,1,BUSINESS,1,KIOSK,blonde_f,black,tone_4,suit
P5998,Yuna,Perez,NO,2,SOLO,0,ONLINE,brunette_f,black,tone_4,red
P5999,Oisin,Choi,NO,2,LEISURE,1,KIOSK,black_f,black,tone_4,olive+green
P6000,Gurleen,Iqbal,YES,8,LEISURE,1,KIOSK,brunette_f,blue,tone_6,red
P6001,Ahmed,Collins,NO,1,FAMILY,1,DESK,brunette_f,blue,tone_2,red
P6002,Emeka,Diallo,NO,3,SOLO,2,KIOSK,blonde_f,blue,tone_4,blue
P6003,Jules,Siddiqui,YES,10,BUSINESS,0,ONLINE,black_f,blue,tone_5,suit
P6004,Niklas,Scott,NO,1,LEISURE,2,ONLINE,black,blue,tone_2,olive+green
P6005,Minji,Patel,NO,1,BUSINESS,1,ONLINE,blonde,black,tone_5,olive+green
P6006,Violet,Nair,NO,2,LEISURE,1,KIOSK,brunette_f,black,tone_4,blue
P6007,Valentina,Morgan,NO,1,FAMILY,1,DESK,brunette_f,blue,tone_6,suit
P6008,Felix,Nwosu,NO,3,LEISURE,2,ONLINE,brunette_f,blue,tone_3,red
P6009,Evie,Grant,NO,1,LEISURE,1,ONLINE,black,blue,tone_6,olive+green
P6010,Nia,Yamamoto,NO,3,FAMILY,3,DESK,black,blue,tone_2,olive+green
P6011,Samar,Xu,NO,2,SOLO,2,KIOSK,black_f,blue,tone_1,olive+green
P6012,Grace,Haddad,NO,1,FAMILY,1,ONLINE,black,black,tone_3,suit
P6013,Sophia,Boateng,YES,7,SOLO,1,KIOSK,black,black,tone_6,suit
P6014,Chidi,Hall,NO,1,BUSINESS,0,ONLINE,blonde,black,tone_2,blue
P6015,Harriet,Walker,NO,1,LEISURE,1,DESK,black,black,tone_5,suit
P6016,Anja,Thomas,NO,1,SOLO,2,ONLINE,blonde_f,black,tone_3,olive+green
P6017,Manon,Haddad,NO,2,LEISURE,1,DESK,black,blue,tone_2,red
P6018,Thomas,Johnson,NO,2,LEISURE,1,ONLINE,blonde_f,black,tone_4,red
P6019,Adwoa,Sanchez,YES,9,LEISURE,1,ONLINE,blonde,black,tone_3,red
P6020,Faris,Evans,YES,6,FAMILY,3,ONLINE,brunette,black,tone_1,blue
P6021,Dhruv,White,YES,5,LEISURE,0,ONLINE,black_f,blue,tone_4,suit
P6022,Daichi,Williams,NO,3,FAMILY,2,DESK,blonde,black,tone_4,blue
P6023,Jisoo,Dang,NO,3,BUSINESS,1,KIOSK,black_f,black,tone_5,olive+green
P6024,Vivaan,Malhotra,NO,2,LEISURE,1,KIOSK,blonde,blue,tone_6,blue
P6025,Chloe,Francis,NO,3,BUSINESS,2,ONLINE,brunette,blue,tone_5,olive+green
P6026,Diya,Mansour,YES,9,BUSINESS,0,ONLINE,brunette,black,tone_1,olive+green
P6027,Krish,Perez,NO,2,LEISURE,1,ONLINE,brunette,black,tone_2,blue
P6028,Femi,Jackson,NO,1,LEISURE,1,KIOSK,brunette_f,black,tone_2,blue
P6029,Emeka,Agyeman,NO,1,FAMILY,2,DESK,brunette,black,tone_1,red
P6030,Lucie,Liu,NO,1,FAMILY,3,DESK,brunette_f,black,tone_1,suit
P6031,Ade,Martinez,YES,9,LEISURE,1,ONLINE,black,blue,tone_6,olive+green
P6032,Ella,Foster,YES,9,BUSINESS,0,ONLINE,blonde,black,tone_5,suit
P6033,Chidi,Siddiqui,NO,2,BUSINESS,1,ONLINE,brunette_f,blue,tone_3,olive+green
P6034,Ava,Kumar,NO,1,LEISURE,0,DESK,black_f,black,tone_1,red
P6035,Bethany,Kim,YES,8,LEISURE,1,DESK,brunette_f,black,tone_1,suit
P6036,Nia,Murphy,NO,1,LEISURE,2,DESK,blonde,blue,tone_3,olive+green
P6037,Femi,Moretti,NO,2,BUSINESS,1,ONLINE,black_f,black,tone_3,suit
P6038,Oisin,Adeyemi,NO,1,FAMILY,3,ONLINE,blonde,black,tone_2,olive+green
P6039,Arthur,Roberts,YES,7,BUSINESS,2,ONLINE,blonde_f,black,tone_6,olive+green
P6040,Yuki,Scott,NO,2,FAMILY,2,KIOSK,brunette,blue,tone_2,suit
P6041,Bilal,Reddy,NO,2,BUSINESS,1,ONLINE,brunette_f,black,tone_2,red
P6042,Trang,Kelly,NO,2,LEISURE,0,DESK,brunette_f,blue,tone_3,red
P6043,Aarav,Murphy,NO,1,LEISURE,1,DESK,blonde_f,blue,tone_2,suit
P6044,Nia,Petit,NO,2,FAMILY,1,KIOSK,black,blue,tone_5,olive+green
P6045,Samar,Sidhu,YES,5,LEISURE,0,ONLINE,brunette,blue,tone_2,red
P6046,Mateo,Roberts,NO,1,FAMILY,2,ONLINE,brunette_f,black,tone_4,olive+green
P6047,Leon,Parker,NO,3,BUSINESS,0,ONLINE,black,black,tone_5,blue
P6048,Karim,Keita,NO,2,LEISURE,2,DESK,black,black,tone_2,suit
P6049,Sebastian,Mitchell,NO,3,LEISURE,0,DESK,blonde_f,blue,tone_4,blue
P6050,Camille,Hall,YES,8,LEISURE,1,ONLINE,black_f,black,tone_1,suit
P6051,Dev,Kang,NO,3,FAMILY,3,DESK,brunette_f,blue,tone_6,olive+green
P6052,Adam,Camara,NO,1,LEISURE,1,KIOSK,brunette_f,black,tone_1,suit
P6053,Amina,Davies,NO,2,FAMILY,3,KIOSK,black,blue,tone_2,red
P6054,Nathan,Eze,YES,6,FAMILY,2,DESK,brunette_f,blue,tone_2,blue
P6055,Noor,Thompson,NO,1,LEISURE,1,KIOSK,blonde,black,tone_1,suit
P6056,Bethany,Gomez,NO,3,BUSINESS,0,KIOSK,blonde_f,black,tone_4,suit
P6057,Oisin,Lee,NO,2,BUSINESS,1,ONLINE,brunette,black,tone_6,blue
P6058,James,Reed,NO,3,SOLO,0,DESK,black,blue,tone_1,red
P6059,James,Carter,NO,1,LEISURE,1,DESK,black,black,tone_4,olive+green
P6060,Felix,Singh,NO,1,BUSINESS,0,ONLINE,black_f,blue,tone_3,suit
P6061,Sebastian,Bailey,NO,1,LEISURE,1,DESK,blonde,black,tone_5,red
P6062,Felix,Dang,YES,9,LEISURE,1,ONLINE,black_f,blue,tone_5,red
P6063,Niklas,Kim,NO,1,LEISURE,0,ONLINE,black,black,tone_3,suit
P6064,Anh,Petit,NO,1,LEISURE,0,DESK,brunette,black,tone_1,red
P6065,Hyejin,Ahmed,NO,1,FAMILY,2,KIOSK,black,blue,tone_2,red
P6066,Aarav,Perez,NO,1,LEISURE,1,KIOSK,brunette_f,blue,tone_1,olive+green
P6067,Wei,Carter,NO,1,LEISURE,1,KIOSK,blonde_f,blue,tone_2,olive+green
P6068,Molly,Brown,NO,1,LEISURE,2,ONLINE,black_f,black,tone_1,red
P6069,Victoria,Roberts,YES,7,BUSINESS,0,ONLINE,black_f,blue,tone_5,olive+green
P6070,Chiara,Fischer,NO,1,LEISURE,0,ONLINE,blonde_f,blue,tone_4,red
P6071,Aarav,Schmidt,NO,2,BUSINESS,1,ONLINE,black_f,blue,tone_1,blue
P6072,Lily,Watanabe,NO,1,FAMILY,1,KIOSK,black,black,tone_1,blue
P6073,Ayaan,Dang,NO,1,LEISURE,1,ONLINE,brunette,black,tone_1,blue
P6074,Ayaan,Chen,NO,1,SOLO,1,DESK,brunette,blue,tone_5,blue
P6075,Aanya,Adams,YES,10,BUSINESS,1,ONLINE,brunette,blue,tone_5,blue
P6076,Alex,Patel,NO,2,FAMILY,1,DESK,black,black,tone_4,suit
P6077,Hannah,Sow,NO,2,BUSINESS,0,ONLINE,black,blue,tone_1,red
P6078,Salma,Liu,NO,1,BUSINESS,1,ONLINE,brunette,black,tone_5,blue
P6079,Oliver,Joshi,NO,2,FAMILY,3,ONLINE,blonde,blue,tone_6,red
P6080,Jack,Schmidt,NO,2,BUSINESS,0,ONLINE,brunette,black,tone_5,olive+green
P6081,Theo,Bose,NO,2,LEISURE,1,DESK,brunette,blue,tone_6,blue
P6082,Hana,Lewandowski,NO,1,LEISURE,1,KIOSK,black_f,black,tone_6,olive+green
P6083,Noah,Wright,YES,10,LEISURE,0,ONLINE,blonde_f,black,tone_3,suit
P6084,Diego,Liu,NO,2,LEISURE,1,ONLINE,brunette_f,black,tone_4,red
P6085,Akira,Camara,NO,1,SOLO,1,DESK,brunette_f,blue,tone_3,red
P6086,Sota,Nowak,NO,3,SOLO,1,ONLINE,brunette_f,blue,tone_5,suit
P6087,Louis,Brown,NO,1,BUSINESS,0,ONLINE,brunette,blue,tone_2,red
P6088,Alex,Owusu,NO,1,FAMILY,2,DESK,black_f,blue,tone_3,olive+green
P6089,Oscar,Cho,NO,2,SOLO,1,ONLINE,black_f,blue,tone_6,olive+green
P6090,Cian,Hoang,NO,3,SOLO,0,DESK,black,blue,tone_6,olive+green
P6091,Ali,Traore,NO,1,LEISURE,1,ONLINE,blonde,blue,tone_5,blue
P6092,Malik,Johnson,YES,9,LEISURE,1,DESK,blonde,black,tone_3,olive+green
P6093,Luke,Brar,NO,2,FAMILY,3,DESK,blonde,blue,tone_5,suit
P6094,Kavya,Romano,NO,2,LEISURE,1,KIOSK,blonde_f,blue,tone_4,olive+green
P6095,Kiet,Smith,NO,2,LEISURE,1,KIOSK,black,blue,tone_1,blue
P6096,Nhi,Sanchez,NO,3,BUSINESS,2,ONLINE,brunette_f,blue,tone_5,olive+green
P6097,Alessia,Vu,NO,2,LEISURE,1,DESK,black,blue,tone_3,red
P6098,Yusuf,Sanchez,NO,1,BUSINESS,0,ONLINE,blonde_f,blue,tone_3,olive+green
P6099,Thao,Huynh,NO,1,SOLO,2,DESK,brunette,black,tone_5,olive+green
P6100,Chiara,Wu,NO,2,BUSINESS,2,ONLINE,black_f,blue,tone_2,red
P6101,Mia,Schmidt,NO,2,FAMILY,3,KIOSK,blonde_f,black,tone_6,olive+green
P6102,Kiet,Kaminski,NO,1,LEISURE,0,ONLINE,brunette,black,tone_6,red
P6103,Orla,Iqbal,NO,1,LEISURE,1,DESK,black,blue,tone_5,olive+green
P6104,Layla,Durand,NO,1,FAMILY,1,ONLINE,brunette_f,black,tone_1,suit
P6105,Aryan,O'Brien,NO,2,FAMILY,2,DESK,blonde,blue,tone_1,blue
P6106,Molly,Xu,NO,2,LEISURE,0,DESK,black_f,black,tone_2,suit
P6107,Dev,Kowalski,YES,9,SOLO,1,ONLINE,brunette_f,blue,tone_4,olive+green
P6108,Gurleen,Patel,NO,3,LEISURE,1,KIOSK,black,blue,tone_3,red
P6109,Orla,Walsh,NO,2,FAMILY,2,ONLINE,brunette_f,black,tone_2,olive+green
P6110,Obinna,Khan,NO,1,LEISURE,1,KIOSK,blonde,blue,tone_5,red
P6111,Nathan,Wilson,NO,1,LEISURE,1,ONLINE,black_f,blue,tone_1,suit
P6112,Ade,Thomas,NO,3,LEISURE,1,ONLINE,blonde_f,black,tone_5,red
P6113,Phoebe,Ali,NO,1,LEISURE,1,ONLINE,black,blue,tone_3,blue
P6114,Harry,Rodriguez,NO,2,FAMILY,3,ONLINE,black_f,blue,tone_6,red
P6115,Neil,Walsh,NO,1,SOLO,0,DESK,brunette,black,tone_2,red
P6116,Leo,Brar,NO,1,LEISURE,1,KIOSK,blonde,blue,tone_6,olive+green
P6117,Sophia,Pham,NO,2,LEISURE,1,ONLINE,black_f,blue,tone_1,suit
P6118,Yuki,O'Brien,NO,2,LEISURE,2,ONLINE,blonde_f,black,tone_1,suit
P6119,Sophia,Rao,NO,3,BUSINESS,1,ONLINE,blonde_f,black,tone_2,blue
P6120,Ade,Singh,YES,6,LEISURE,0,ONLINE,black_f,blue,tone_4,suit
P6121,Mia,Okafor,YES,8,LEISURE,1,DESK,brunette,blue,tone_1,blue
P6122,Reyansh,Taylor,NO,1,LEISURE,1,DESK,blonde,black,tone_3,red
P6123,Phoebe,Jones,NO,1,BUSINESS,0,KIOSK,brunette_f,black,tone_6,blue
P6124,Jun,Kapoor,YES,6,BUSINESS,0,ONLINE,black,blue,tone_3,olive+green
P6125,Evie,Yamamoto,NO,1,FAMILY,2,KIOSK,brunette_f,black,tone_2,red
P6126,Karan,Rodriguez,NO,2,LEISURE,1,ONLINE,black_f,black,tone_5,olive+green
P6127,Adam,Baker,NO,1,BUSINESS,1,ONLINE,brunette_f,black,tone_2,blue
P6128,Kiet,Khalil,YES,10,LEISURE,1,ONLINE,blonde,blue,tone_1,blue
P6129,Samar,Suzuki,NO,2,FAMILY,3,KIOSK,blonde_f,blue,tone_4,blue
P6130,Nia,Kowalski,NO,3,LEISURE,1,KIOSK,black_f,black,tone_2,olive+green
P6131,Ananya,Collins,NO,3,FAMILY,3,DESK,brunette_f,blue,tone_6,suit
P6132,Sota,Wu,NO,3,LEISURE,1,ONLINE,black_f,black,tone_4,blue
P6133,Riley,Park,NO,3,FAMILY,2,DESK,brunette,black,tone_1,red
P6134,Victoria,Smith,NO,3,LEISURE,1,ONLINE,blonde,black,tone_4,red
P6135,Chiara,Ryan,NO,1,FAMILY,1,KIOSK,black_f,black,tone_3,olive+green
P6136,Bilal,Malik,YES,7,BUSINESS,1,ONLINE,black,blue,tone_4,red
P6137,Kabir,Zhang,NO,3,SOLO,1,DESK,blonde,blue,tone_6,olive+green
P6138,Georgia,Walker,NO,2,FAMILY,2,DESK,black_f,black,tone_3,red
P6139,Riley,Bianchi,NO,3,BUSINESS,0,ONLINE,blonde_f,black,tone_3,blue
P6140,Ama,Gallagher,NO,1,SOLO,1,ONLINE,blonde_f,black,tone_3,red
P6141,Kojo,Brown,NO,1,LEISURE,2,DESK,black_f,black,tone_2,olive+green
P6142,Kavya,Mahmood,NO,2,SOLO,0,ONLINE,black,blue,tone_4,red
P6143,Imani,Garcia,NO,1,BUSINESS,1,ONLINE,blonde_f,black,tone_1,blue
P6144,Meera,Adams,NO,1,LEISURE,1,DESK,blonde_f,blue,tone_2,olive+green
P6145,Vivaan,Huang,NO,2,LEISURE,2,DESK,brunette,black,tone_6,suit
P6146,Anh,Ali,YES,5,LEISURE,2,DESK,brunette_f,black,tone_2,suit
P6147,Omar,Verma,NO,2,LEISURE,1,KIOSK,blonde_f,black,tone_2,olive+green
P6148,Manpreet,Ricci,NO,2,SOLO,0,KIOSK,blonde_f,black,tone_3,suit
P6149,Hamza,Hall,NO,2,FAMILY,3,DESK,blonde_f,blue,tone_3,blue
P6150,Olivia,Anderson,YES,7,BUSINESS,0,DESK,black_f,blue,tone_4,olive+green
P6151,Mila,Agyeman,YES,5,FAMILY,2,DESK,blonde,blue,tone_4,olive+green
P6152,Karim,Evans,NO,2,SOLO,1,ONLINE,brunette_f,black,tone_3,olive+green
P6153,Thao,Yamamoto,NO,3,LEISURE,1,DESK,black,blue,tone_6,red
P6154,Gurpreet,Perez,NO,1,FAMILY,1,DESK,blonde,blue,tone_6,suit
P6155,Olivia,Zhang,NO,3,SOLO,1,ONLINE,black_f,black,tone_1,blue
P6156,Hannah,Walsh,NO,1,LEISURE,0,DESK,brunette,blue,tone_1,blue
P6157,Meera,Balogun,NO,1,LEISURE,1,DESK,brunette_f,blue,tone_4,red
P6158,Amelia,Kelly,NO,1,LEISURE,2,ONLINE,blonde,blue,tone_2,olive+green
P6159,Malik,Rao,NO,2,FAMILY,2,KIOSK,black,blue,tone_6,olive+green
P6160,Veer,Petit,NO,1,BUSINESS,1,ONLINE,black_f,black,tone_1,blue
P6161,Lena,Khan,NO,1,LEISURE,1,KIOSK,brunette_f,black,tone_2,red
P6162,Dev,Kapoor,NO,3,LEISURE,2,ONLINE,brunette_f,blue,tone_3,suit
P6163,Hassan,Howard,YES,7,LEISURE,0,ONLINE,brunette,blue,tone_1,suit
P6164,Salma,Brown,NO,2,LEISURE,1,DESK,blonde_f,black,tone_3,suit
P6165,Lily,Johnson,YES,7,FAMILY,3,DESK,black_f,blue,tone_5,red
P6166,Akira,Jackson,NO,3,LEISURE,1,ONLINE,blonde_f,blue,tone_6,blue
P6167,Jordan,Foster,NO,1,LEISURE,2,DESK,black_f,blue,tone_4,olive+green
P6168,Louis,Wu,NO,2,LEISURE,2,DESK,brunette_f,black,tone_3,olive+green
P6169,Harpreet,Kumar,NO,1,SOLO,1,KIOSK,brunette,blue,tone_4,red
P6170,Thao,Watson,NO,2,SOLO,2,ONLINE,blonde,blue,tone_2,blue
P6171,Morgan,Foster,NO,1,LEISURE,1,DESK,blonde,blue,tone_1,suit
P6172,Neil,Malik,NO,3,LEISURE,2,ONLINE,blonde,blue,tone_4,suit
P6173,Jakub,Ito,YES,10,SOLO,2,DESK,black_f,black,tone_2,red
P6174,Mateo,Wright,NO,3,FAMILY,1,DESK,black,black,tone_5,olive+green
P6175,Imani,Davies,YES,10,LEISURE,1,ONLINE,black,black,tone_3,blue
P6176,Tariq,Wright,NO,2,BUSINESS,1,ONLINE,blonde,blue,tone_1,suit
P6177,Hamza,Watanabe,NO,3,BUSINESS,0,KIOSK,blonde_f,black,tone_6,blue
P6178,Dev,Muller,NO,2,BUSINESS,1,ONLINE,blonde,blue,tone_6,red
P6179,Neil,Tanaka,NO,2,BUSINESS,1,DESK,brunette_f,black,tone_4,suit
P6180,Jordan,Gallagher,YES,10,LEISURE,0,KIOSK,blonde,blue,tone_1,suit
P6181,Ayaan,Adeyemi,NO,1,SOLO,0,ONLINE,black_f,black,tone_6,blue
P6182,David,Boateng,NO,3,BUSINESS,1,ONLINE,black,black,tone_4,suit
P6183,Adwoa,Khan,YES,7,FAMILY,2,DESK,brunette_f,blue,tone_1,blue
P6184,Charlie,Smith,NO,3,LEISURE,1,ONLINE,brunette,black,tone_5,red
P6185,Sebastian,Vu,NO,3,LEISURE,1,ONLINE,brunette_f,blue,tone_4,blue
P6186,Sophie,Kim,NO,2,LEISURE,1,ONLINE,brunette_f,black,tone_4,suit
P6187,Veer,Cho,YES,9,LEISURE,2,ONLINE,brunette,black,tone_4,blue
P6188,Cian,Owusu,NO,1,FAMILY,3,DESK,blonde_f,blue,tone_6,red
P6189,Jaspreet,Russell,NO,3,SOLO,1,ONLINE,black_f,black,tone_1,olive+green
P6190,Ronan,Cho,NO,2,BUSINESS,0,ONLINE,black_f,blue,tone_4,blue
P6191,Tariq,Rodriguez,YES,6,LEISURE,1,KIOSK,black_f,blue,tone_2,suit
P6192,Camille,Sharma,NO,1,SOLO,1,KIOSK,blonde_f,blue,tone_5,red
P6193,Hannah,Jones,NO,1,SOLO,1,ONLINE,blonde,black,tone_2,suit
P6194,Theo,Jackson,NO,2,LEISURE,0,KIOSK,black,blue,tone_1,red
P6195,Chidi,Bernard,NO,3,FAMILY,1,ONLINE,brunette_f,black,tone_2,olive+green
P6196,Lena,Clarke,NO,1,SOLO,0,ONLINE,black_f,blue,tone_4,suit
P6197,Kavya,Williams,NO,1,LEISURE,1,ONLINE,brunette_f,black,tone_6,suit
P6198,Tara,Esposito,NO,1,LEISURE,2,DESK,black_f,blue,tone_1,olive+green
P6199,Tara,Anderson,NO,3,LEISURE,1,DESK,blonde,black,tone_2,red
P6200,Anh,Wang,YES,10,FAMILY,1,KIOSK,blonde,blue,tone_1,olive+green
P6201,Lily,Saleh,NO,2,SOLO,1,ONLINE,blonde,blue,tone_3,suit
P6202,Luke,Okafor,YES,8,LEISURE,2,ONLINE,blonde,blue,tone_1,blue
P6203,Oliver,Wilson,NO,1,LEISURE,0,DESK,brunette,black,tone_4,olive+green
P6204,Gabriel,Keita,NO,2,LEISURE,0,ONLINE,blonde_f,blue,tone_4,suit
P6205,Meera,Le,YES,6,LEISURE,0,ONLINE,brunette_f,black,tone_5,red
P6206,Haruto,Malhotra,NO,1,SOLO,1,KIOSK,brunette,blue,tone_4,blue
P6207,Kofi,Khan,YES,9,LEISURE,1,KIOSK,black,black,tone_5,red
P6208,Anh,Sandhu,NO,3,FAMILY,3,DESK,brunette,blue,tone_3,suit
P6209,Aoife,Collins,NO,3,SOLO,0,ONLINE,blonde_f,black,tone_1,olive+green
P6210,Ngozi,Kang,NO,1,SOLO,1,KIOSK,blonde,blue,tone_1,blue
P6211,Taylor,Joshi,NO,3,LEISURE,1,KIOSK,brunette,black,tone_5,red
P6212,Nadia,Francis,NO,3,LEISURE,1,ONLINE,brunette,blue,tone_5,suit
P6213,Ngozi,Perez,NO,1,LEISURE,2,ONLINE,black,blue,tone_1,suit
P6214,Amelia,Foster,NO,3,BUSINESS,0,ONLINE,brunette_f,black,tone_4,olive+green
P6215,Amina,Joshi,YES,8,LEISURE,1,KIOSK,blonde,black,tone_6,blue
P6216,Samar,Carter,NO,1,BUSINESS,0,ONLINE,black,blue,tone_4,olive+green
P6217,Zofia,Clarke,NO,2,FAMILY,3,DESK,blonde_f,black,tone_1,blue
P6218,Ryan,Iyer,NO,1,LEISURE,0,KIOSK,blonde,blue,tone_6,blue
P6219,Navdeep,Brown,NO,1,FAMILY,2,ONLINE,black_f,black,tone_5,olive+green
P6220,Navdeep,Zhou,YES,8,LEISURE,1,KIOSK,black_f,blue,tone_4,blue
P6221,Hana,Bui,YES,9,LEISURE,1,KIOSK,black_f,black,tone_3,blue
P6222,Sophia,Dang,NO,1,LEISURE,1,ONLINE,black_f,blue,tone_4,blue
P6223,Muhammad,Bamba,NO,3,LEISURE,1,ONLINE,brunette,black,tone_6,blue
P6224,Minji,Doyle,NO,1,LEISURE,1,ONLINE,brunette_f,blue,tone_1,olive+green
P6225,Zofia,Bianchi,YES,6,LEISURE,2,KIOSK,black_f,blue,tone_2,suit
P6226,Noor,Chen,NO,1,FAMILY,2,ONLINE,black_f,black,tone_1,olive+green
P6227,Simran,Rahman,NO,2,FAMILY,3,KIOSK,brunette,blue,tone_2,blue
P6228,Nari,Diallo,NO,1,LEISURE,2,KIOSK,brunette,blue,tone_1,suit
P6229,Mila,Conti,NO,1,LEISURE,1,KIOSK,black_f,black,tone_6,red
P6230,Kacper,Francis,NO,2,LEISURE,1,KIOSK,blonde_f,black,tone_5,olive+green
P6231,Kenji,Mehta,NO,1,LEISURE,1,DESK,blonde,blue,tone_3,blue
P6232,Nisha,Li,NO,3,LEISURE,1,DESK,blonde,blue,tone_6,olive+green
P6233,Yusuf,Romano,NO,1,LEISURE,1,ONLINE,blonde_f,black,tone_5,suit
P6234,Nhi,Roberts,NO,1,FAMILY,2,DESK,black,blue,tone_6,olive+green
P6235,Orla,Kelly,NO,3,FAMILY,3,DESK,brunette,blue,tone_3,suit
P6236,Jack,Schneider,NO,2,FAMILY,1,ONLINE,brunette,black,tone_1,blue
P6237,Sam,Weber,NO,1,FAMILY,2,ONLINE,blonde_f,blue,tone_4,blue
P6238,Aditya,Bennett,NO,1,BUSINESS,2,ONLINE,black_f,black,tone_1,suit
P6239,Santiago,Sidhu,NO,1,LEISURE,1,ONLINE,brunette,blue,tone_6,olive+green
P6240,Jian,Esposito,NO,2,BUSINESS,0,KIOSK,brunette_f,black,tone_1,red
P6241,Kofi,Durand,YES,6,LEISURE,1,ONLINE,blonde,black,tone_1,suit
P6242,Gurpreet,Le,NO,1,FAMILY,1,ONLINE,black,black,tone_6,suit
P6243,Valentina,Nowak,YES,8,SOLO,1,ONLINE,black,black,tone_1,blue
P6244,Georgia,Keita,YES,6,LEISURE,1,DESK,brunette,blue,tone_4,olive+green
P6245,Grace,Martinez,NO,1,LEISURE,1,ONLINE,black_f,blue,tone_1,suit
P6246,Kenji,Kaminski,NO,2,LEISURE,1,DESK,black,black,tone_5,suit
P6247,Jelani,Khalil,YES,10,LEISURE,1,ONLINE,blonde_f,blue,tone_5,red
P6248,Jules,Howard,NO,1,SOLO,0,ONLINE,blonde,blue,tone_4,red
P6249,Diego,Moretti,YES,6,BUSINESS,1,KIOSK,brunette,black,tone_6,suit
P6250,Kofi,Mehta,NO,1,SOLO,0,ONLINE,blonde,blue,tone_5,red
P6251,Molly,Bennett,NO,2,LEISURE,1,DESK,black_f,blue,tone_3,red
P6252,Jonas,Liu,NO,1,LEISURE,1,ONLINE,black_f,black,tone_3,olive+green
P6253,Hamza,Kone,NO,2,BUSINESS,0,KIOSK,brunette_f,blue,tone_4,red
P6254,Charlie,Gupta,YES,7,SOLO,1,KIOSK,brunette,blue,tone_1,blue
P6255,Nisha,Zhou,NO,3,SOLO,1,KIOSK,black_f,black,tone_1,red
P6256,Amrit,Kapoor,NO,2,FAMILY,3,DESK,brunette,blue,tone_6,olive+green
P6257,Camille,Ito,NO,2,SOLO,1,DESK,brunette,black,tone_3,red
P6258,Ngozi,Wilson,NO,2,LEISURE,1,ONLINE,blonde,blue,tone_6,red
P6259,Ahmed,Rao,YES,8,SOLO,0,DESK,brunette,black,tone_4,olive+green
P6260,Niklas,Huang,NO,2,LEISURE,1,ONLINE,brunette,black,tone_1,suit
P6261,Jonas,Sandhu,NO,1,LEISURE,1,ONLINE,blonde,black,tone_1,blue
P6262,Ming,Evans,NO,3,BUSINESS,1,ONLINE,black,black,tone_3,suit
P6263,Camila,Balogun,NO,2,LEISURE,1,ONLINE,blonde_f,blue,tone_4,red
P6264,Molly,Bianchi,NO,1,FAMILY,2,DESK,black,black,tone_5,suit
P6265,Isabella,Iyer,NO,3,LEISURE,1,ONLINE,black_f,black,tone_2,blue
P6266,Haruto,Baker,NO,1,BUSINESS,0,ONLINE,black,blue,tone_2,blue
P6267,Ayana,Romano,NO,1,LEISURE,1,ONLINE,brunette_f,black,tone_4,red
P6268,Wei,Sharma,YES,8,BUSINESS,1,KIOSK,brunette,blue,tone_2,red
P6269,Bilal,Fischer,YES,7,BUSINESS,0,KIOSK,blonde,black,tone_1,red
P6270,Adwoa,Rao,NO,2,FAMILY,2,DESK,black_f,blue,tone_3,olive+green
P6271,Alessia,Huynh,YES,6,FAMILY,2,DESK,blonde,blue,tone_3,suit
P6272,Priya,Young,NO,1,LEISURE,1,ONLINE,blonde_f,black,tone_6,suit
P6273,Reyansh,Zhou,NO,1,FAMILY,3,KIOSK,blonde,black,tone_5,red
P6274,Neil,Petit,NO,1,LEISURE,1,DESK,black,black,tone_1,suit
P6275,Victoria,Brown,NO,2,FAMILY,3,ONLINE,black_f,blue,tone_5,red
P6276,Sophie,Mehta,NO,3,FAMILY,1,KIOSK,black,black,tone_4,olive+green
P6277,Faris,Zhou,NO,3,BUSINESS,1,ONLINE,brunette_f,black,tone_3,blue
P6278,Bao,Yamamoto,NO,1,FAMILY,2,ONLINE,brunette_f,black,tone_1,red
P6279,Sebastian,White,NO,1,BUSINESS,0,ONLINE,black_f,blue,tone_5,olive+green
P6280,Ali,Desai,NO,1,LEISURE,1,DESK,black_f,black,tone_3,olive+green
P6281,Aarav,Hall,NO,1,LEISURE,1,ONLINE,blonde,black,tone_1,olive+green
P6282,Leo,Bailey,NO,1,LEISURE,1,KIOSK,black_f,blue,tone_1,blue
P6283,Layla,Scott,NO,1,BUSINESS,0,ONLINE,brunette_f,black,tone_5,red
P6284,Yusuf,Esposito,NO,3,LEISURE,2,ONLINE,blonde,black,tone_4,blue
P6285,Lucie,Dhillon,NO,3,LEISURE,1,KIOSK,blonde_f,black,tone_2,suit
P6286,Jonas,Smith,YES,10,LEISURE,1,ONLINE,blonde,blue,tone_3,suit
P6287,Emilia,Eze,NO,1,LEISURE,1,ONLINE,black_f,blue,tone_5,blue
P6288,Sakura,Sidhu,YES,7,SOLO,1,KIOSK,black_f,blue,tone_1,olive+green
P6289,Rahul,Ito,NO,2,LEISURE,2,ONLINE,brunette,black,tone_6,blue
P6290,Jamie,Nasser,NO,3,FAMILY,2,DESK,brunette_f,black,tone_1,suit
P6291,Jonas,Patel,NO,3,FAMILY,3,DESK,blonde_f,blue,tone_3,olive+green
P6292,Anja,Kumar,NO,1,LEISURE,0,ONLINE,black_f,blue,tone_1,olive+green
P6293,Mandeep,Nguyen,NO,1,LEISURE,1,DESK,blonde_f,blue,tone_6,olive+green
P6294,Victoria,Zhang,NO,1,LEISURE,1,DESK,black_f,blue,tone_2,olive+green
P6295,Leo,O'Brien,NO,1,LEISURE,0,DESK,blonde,blue,tone_3,suit
P6296,Kabir,Ricci,NO,1,SOLO,1,ONLINE,blonde,blue,tone_6,olive+green
P6297,Amara,Ricci,NO,2,FAMILY,2,DESK,black_f,black,tone_1,olive+green
P6298,Ryan,Anderson,NO,1,SOLO,1,DESK,brunette,blue,tone_4,olive+green
P6299,Emilia,Malik,NO,2,LEISURE,1,DESK,blonde,blue,tone_2,blue
P6300,Priya,Russell,YES,10,SOLO,1,DESK,blonde,black,tone_1,suit
P6301,Evie,O'Brien,NO,1,BUSINESS,1,ONLINE,black_f,blue,tone_5,olive+green
P6302,Charlotte,Martinez,NO,1,LEISURE,2,DESK,blonde,black,tone_2,blue
P6303,Benjamin,Tanaka,NO,2,BUSINESS,1,ONLINE,brunette,blue,tone_3,suit
P6304,Zain,Foster,NO,1,SOLO,2,ONLINE,brunette_f,black,tone_5,suit
P6305,Orla,Taylor,YES,9,LEISURE,0,KIOSK,blonde,blue,tone_2,red
P6306,Georgia,Petit,YES,6,LEISURE,0,DESK,brunette_f,blue,tone_2,olive+green
P6307,Sota,Sandhu,NO,2,LEISURE,1,KIOSK,blonde,blue,tone_5,suit
P6308,Benjamin,Moreau,NO,1,SOLO,1,ONLINE,black,black,tone_3,suit
P6309,Obinna,Reed,NO,2,LEISURE,0,ONLINE,brunette_f,blue,tone_1,red
P6310,Camila,Bennett,YES,8,SOLO,1,DESK,blonde,black,tone_6,blue
P6311,Daichi,Bui,NO,1,LEISURE,1,KIOSK,brunette_f,black,tone_2,red
P6312,Harriet,Asante,NO,3,LEISURE,1,ONLINE,blonde_f,blue,tone_4,red
P6313,Georgia,Lewandowski,NO,2,LEISURE,1,ONLINE,brunette_f,blue,tone_2,red
P6314,Mia,Taylor,NO,2,BUSINESS,1,ONLINE,brunette_f,blue,tone_6,red
P6315,Marek,Mahmood,NO,1,BUSINESS,1,ONLINE,black_f,black,tone_4,blue
P6316,Felix,Bianchi,NO,2,LEISURE,1,DESK,brunette,black,tone_5,red
P6317,Noah,Parker,NO,3,LEISURE,2,ONLINE,blonde_f,blue,tone_3,blue
P6318,Jasleen,Iqbal,YES,5,BUSINESS,0,KIOSK,brunette_f,black,tone_6,blue
P6319,Bilal,Walker,NO,1,FAMILY,3,DESK,blonde,blue,tone_3,red
P6320,Avery,Mitchell,NO,2,LEISURE,1,KIOSK,blonde,black,tone_3,blue
P6321,Ronan,Scott,NO,3,FAMILY,2,KIOSK,black_f,black,tone_5,red
P6322,Niamh,Saleh,NO,1,LEISURE,1,DESK,blonde_f,blue,tone_3,olive+green
P6323,Benjamin,Carter,NO,2,LEISURE,1,KIOSK,brunette_f,blue,tone_2,red
P6324,Grace,Jackson,NO,2,LEISURE,1,ONLINE,black,black,tone_1,olive+green
P6325,Amina,Xu,NO,1,SOLO,1,ONLINE,blonde,blue,tone_2,red
P6326,Emilia,Mansour,NO,1,LEISURE,0,DESK,black,black,tone_4,blue
P6327,Imran,Le,NO,2,LEISURE,1,ONLINE,black,black,tone_4,olive+green
P6328,Muhammad,Sanchez,NO,1,FAMILY,1,ONLINE,black,blue,tone_4,red
P6329,Imani,Dubois,NO,1,LEISURE,1,ONLINE,brunette,black,tone_5,blue
P6330,Alfie,Yoon,NO,1,FAMILY,2,DESK,brunette,blue,tone_1,olive+green
P6331,Violet,Li,NO,3,BUSINESS,0,KIOSK,blonde_f,black,tone_4,suit
P6332,Avery,Khalil,NO,1,LEISURE,0,KIOSK,brunette_f,blue,tone_5,olive+green
P6333,Greta,Huynh,YES,8,SOLO,1,DESK,black_f,blue,tone_4,suit
P6334,David,Bailey,NO,2,SOLO,1,ONLINE,brunette_f,black,tone_6,suit
P6335,Oisin,Rossi,NO,2,LEISURE,0,KIOSK,brunette,black,tone_2,olive+green
P6336,Jun,Khalil,YES,8,BUSINESS,0,DESK,blonde_f,black,tone_5,red
P6337,Jonas,Anderson,YES,5,SOLO,1,ONLINE,brunette,blue,tone_2,suit
P6338,Priya,Leroy,NO,3,LEISURE,2,ONLINE,black,black,tone_3,suit
P6339,Layla,Ricci,NO,3,LEISURE,0,ONLINE,black_f,black,tone_5,blue
P6340,Hyejin,Asante,NO,2,LEISURE,2,DESK,black_f,black,tone_4,blue
P6341,Jian,Taylor,NO,2,LEISURE,1,DESK,brunette,blue,tone_6,olive+green
P6342,Mai,Hoang,NO,1,LEISURE,1,DESK,black,black,tone_4,olive+green
P6343,Orla,Lopez,NO,1,LEISURE,1,ONLINE,brunette_f,black,tone_6,olive+green
P6344,Hamza,Adeyemi,NO,3,LEISURE,1,DESK,black_f,black,tone_6,red
P6345,Jamie,Sanchez,NO,1,FAMILY,1,ONLINE,blonde,blue,tone_3,suit
P6346,Anja,Fofana,YES,8,SOLO,2,DESK,brunette_f,black,tone_4,olive+green
P6347,Quang,Traore,NO,2,LEISURE,1,DESK,black,blue,tone_5,olive+green
P6348,Priya,Bamba,NO,2,FAMILY,3,DESK,brunette,blue,tone_1,olive+green
P6349,Minho,Malik,NO,2,SOLO,1,ONLINE,brunette_f,blue,tone_2,red
P6350,Kiet,Kone,NO,1,LEISURE,1,ONLINE,brunette_f,black,tone_4,olive+green
P6351,Sam,Reddy,NO,2,LEISURE,1,ONLINE,brunette,black,tone_2,blue
P6352,Cian,Mensah,NO,2,FAMILY,2,KIOSK,blonde_f,black,tone_4,olive+green
P6353,Minji,Kone,NO,2,LEISURE,0,KIOSK,brunette,black,tone_2,suit
P6354,Mateo,Xu,NO,1,BUSINESS,1,ONLINE,black_f,blue,tone_5,olive+green
P6355,Camila,Rossi,NO,3,LEISURE,2,KIOSK,blonde_f,blue,tone_4,olive+green
P6356,Hamza,Khan,NO,2,FAMILY,1,ONLINE,blonde_f,blue,tone_4,red
P6357,Valentina,Zhang,NO,2,BUSINESS,0,ONLINE,black,black,tone_3,olive+green
P6358,Sami,Nowak,NO,1,LEISURE,1,ONLINE,black_f,blue,tone_6,red
P6359,Felix,Adams,NO,2,BUSINESS,0,ONLINE,blonde,blue,tone_4,olive+green
P6360,Kenji,Traore,YES,7,BUSINESS,0,KIOSK,brunette,blue,tone_3,olive+green
P6361,Zain,Robinson,YES,9,LEISURE,0,DESK,black_f,black,tone_4,suit
P6362,Karan,Martinez,NO,2,LEISURE,2,ONLINE,black,blue,tone_4,red
P6363,Maeve,Wang,NO,1,FAMILY,2,ONLINE,brunette_f,black,tone_5,suit
P6364,Charlotte,Watanabe,NO,2,SOLO,1,ONLINE,black_f,blue,tone_4,red
P6365,Arjun,Akhtar,NO,1,LEISURE,1,ONLINE,blonde,black,tone_6,red
P6366,Sam,Tanaka,NO,3,LEISURE,1,ONLINE,brunette_f,black,tone_5,olive+green
P6367,Chloe,Zhang,NO,3,BUSINESS,1,KIOSK,black,blue,tone_2,olive+green
P6368,Jules,Moretti,NO,3,LEISURE,1,KIOSK,blonde_f,blue,tone_4,olive+green
P6369,Benjamin,Thompson,NO,1,FAMILY,2,DESK,blonde,blue,tone_6,blue
P6370,Aanya,Ruiz,NO,1,LEISURE,1,ONLINE,black,blue,tone_5,blue
P6371,Riley,Bui,YES,8,LEISURE,1,ONLINE,black_f,black,tone_1,red
P6372,Noah,Sow,NO,1,LEISURE,1,DESK,brunette_f,blue,tone_4,blue
P6373,Harriet,Weber,YES,6,LEISURE,1,DESK,brunette_f,black,tone_5,suit
P6374,Poppy,Ferrari,NO,1,BUSINESS,1,KIOSK,black_f,blue,tone_6,red
P6375,Zain,Brar,NO,2,LEISURE,2,DESK,black,black,tone_5,suit
P6376,Alejandro,Sandhu,NO,2,LEISURE,0,KIOSK,blonde,blue,tone_2,blue
P6377,Wei,Rodriguez,NO,1,LEISURE,1,DESK,brunette,blue,tone_2,red
P6378,Riley,Nwosu,NO,3,LEISURE,1,ONLINE,brunette,black,tone_3,olive+green
P6379,Oscar,Foster,NO,3,LEISURE,2,ONLINE,brunette_f,black,tone_6,olive+green
P6380,Amrit,Roberts,NO,1,SOLO,1,ONLINE,black_f,blue,tone_3,suit
P6381,Camila,Dang,NO,2,FAMILY,2,DESK,black_f,black,tone_6,olive+green
P6382,Daichi,Malhotra,NO,1,LEISURE,1,ONLINE,black,black,tone_4,olive+green
P6383,Jelani,Kim,NO,3,LEISURE,1,DESK,black,blue,tone_1,blue
P6384,Ibrahim,Kim,YES,6,BUSINESS,1,ONLINE,blonde_f,blue,tone_3,blue
P6385,Ngozi,Green,NO,1,LEISURE,2,KIOSK,black,black,tone_6,suit
P6386,Kwame,Bianchi,NO,2,LEISURE,1,ONLINE,brunette,black,tone_3,suit
P6387,Niklas,Rossi,NO,1,LEISURE,1,KIOSK,brunette_f,blue,tone_6,olive+green
P6388,Molly,Parker,YES,8,BUSINESS,2,KIOSK,black_f,blue,tone_3,red
P6389,Felix,Jimenez,YES,10,SOLO,1,ONLINE,blonde,blue,tone_3,blue
P6390,Rahul,Jackson,NO,3,BUSINESS,0,ONLINE,brunette,black,tone_1,blue
P6391,Veer,Adams,NO,1,SOLO,1,KIOSK,brunette,blue,tone_3,suit
P6392,Ali,Tran,NO,1,LEISURE,2,ONLINE,black_f,blue,tone_1,suit
P6393,Zain,Suzuki,NO,2,LEISURE,1,KIOSK,black,blue,tone_3,suit
P6394,Sophie,Iyer,NO,2,LEISURE,1,ONLINE,brunette_f,blue,tone_6,olive+green
P6395,Kacper,Schmidt,NO,2,SOLO,0,DESK,blonde,blue,tone_6,olive+green
P6396,Isla,Wisniewski,NO,2,BUSINESS,1,DESK,brunette,blue,tone_2,red
P6397,Jelani,Perez,NO,2,LEISURE,1,DESK,brunette,blue,tone_2,olive+green
P6398,Charlotte,Bui,NO,3,BUSINESS,1,DESK,blonde_f,black,tone_5,olive+green
P6399,Emily,Gallagher,NO,1,LEISURE,0,ONLINE,black,black,tone_1,olive+green
P6400,Johanna,Okafor,NO,3,LEISURE,0,DESK,brunette_f,blue,tone_1,blue
P6401,Adam,Chopra,YES,7,LEISURE,1,ONLINE,black,blue,tone_1,suit
P6402,Karim,Sandhu,NO,1,BUSINESS,1,ONLINE,black_f,blue,tone_1,blue
P6403,Kwame,Muller,NO,1,LEISURE,0,KIOSK,brunette_f,blue,tone_3,blue
P6404,Matteo,Tanaka,NO,1,FAMILY,3,DESK,black,blue,tone_1,blue
P6405,Rin,Kelly,NO,1,LEISURE,1,DESK,black,black,tone_3,red
P6406,Ade,Jackson,NO,1,FAMILY,3,DESK,blonde_f,black,tone_4,red
P6407,Aditya,Nwosu,NO,2,LEISURE,1,ONLINE,brunette_f,black,tone_3,blue
P6408,Felix,Lewandowski,NO,1,BUSINESS,0,ONLINE,brunette,black,tone_2,red
P6409,Daichi,Doyle,NO,2,LEISURE,1,DESK,blonde_f,blue,tone_1,red
P6410,Aryan,Mensah,YES,7,SOLO,1,ONLINE,blonde_f,blue,tone_5,suit
P6411,Lucie,Brown,NO,2,LEISURE,1,DESK,blonde_f,black,tone_5,red
P6412,Wei,Agyeman,NO,1,FAMILY,2,DESK,brunette_f,blue,tone_4,suit
P6413,Hugo,Kone,NO,3,LEISURE,1,DESK,blonde_f,black,tone_2,suit
P6414,Poppy,Richards,NO,1,FAMILY,3,DESK,brunette,black,tone_2,red
P6415,Valentina,Doyle,NO,1,SOLO,1,KIOSK,brunette,blue,tone_5,blue
P6416,Salma,Smith,NO,1,BUSINESS,0,KIOSK,blonde,blue,tone_4,suit
P6417,Karan,Conti,NO,3,LEISURE,1,ONLINE,blonde_f,black,tone_1,blue
P6418,Amrit,Le,YES,10,LEISURE,1,ONLINE,brunette_f,blue,tone_4,olive+green
P6419,Sebastian,Bamba,NO,2,SOLO,1,ONLINE,black,black,tone_2,suit
P6420,Emilia,Kelly,NO,2,FAMILY,3,DESK,black_f,blue,tone_5,blue
P6421,Ella,Bianchi,YES,5,FAMILY,2,DESK,black,blue,tone_3,suit
P6422,Marco,Patel,YES,9,FAMILY,2,KIOSK,brunette,blue,tone_4,blue
P6423,Neil,Garcia,NO,2,FAMILY,1,ONLINE,black,blue,tone_3,olive+green
P6424,Samir,Taylor,NO,2,SOLO,1,KIOSK,blonde,black,tone_6,suit
P6425,Ishaan,Eze,NO,1,LEISURE,1,KIOSK,brunette,blue,tone_1,blue
P6426,Ayaan,Rao,NO,2,BUSINESS,0,ONLINE,brunette,black,tone_5,blue
P6427,Jonas,Sanchez,NO,2,LEISURE,2,DESK,blonde_f,black,tone_3,red
P6428,Krish,Eze,YES,6,SOLO,1,ONLINE,black,blue,tone_5,suit
P6429,Michael,Asante,NO,1,LEISURE,1,KIOSK,brunette,black,tone_1,olive+green
P6430,Muhammad,Kumar,NO,1,LEISURE,2,DESK,black_f,black,tone_1,red
P6431,Amelia,Bernard,NO,1,LEISURE,0,DESK,brunette_f,blue,tone_4,red
P6432,Adwoa,Kang,YES,7,LEISURE,1,ONLINE,black,black,tone_3,suit
P6433,Haruto,Gupta,NO,2,LEISURE,1,KIOSK,black_f,black,tone_6,blue
P6434,Leon,Suzuki,YES,8,BUSINESS,1,ONLINE,blonde_f,black,tone_5,suit
P6435,Zofia,Hussain,NO,3,FAMILY,2,ONLINE,brunette_f,blue,tone_4,olive+green
P6436,Amelia,Francis,NO,1,LEISURE,1,ONLINE,blonde,blue,tone_4,suit
P6437,Nisha,Mensah,NO,2,LEISURE,1,ONLINE,black_f,blue,tone_2,blue
P6438,Ade,Sharma,NO,1,LEISURE,1,KIOSK,black,blue,tone_5,blue
P6439,Kacper,Gallagher,NO,1,SOLO,1,ONLINE,black,black,tone_5,blue
P6440,Niklas,Khalil,NO,3,FAMILY,3,KIOSK,black,blue,tone_1,blue
P6441,Muhammad,Wang,NO,3,BUSINESS,0,ONLINE,black_f,blue,tone_5,blue
P6442,Mei,Morgan,NO,1,LEISURE,0,ONLINE,brunette_f,blue,tone_5,olive+green
P6443,Jisoo,Lee,NO,1,FAMILY,2,DESK,black_f,blue,tone_1,blue
P6444,Nhi,Byrne,NO,2,LEISURE,1,DESK,black,black,tone_2,olive+green
P6445,Yasmin,Sandhu,YES,6,LEISURE,0,DESK,brunette_f,black,tone_4,suit
P6446,Anh,Byrne,NO,3,LEISURE,1,ONLINE,blonde,blue,tone_4,suit
P6447,Veer,Moreau,NO,3,LEISURE,1,ONLINE,brunette_f,black,tone_1,suit
P6448,Ayana,Kumar,NO,3,SOLO,1,KIOSK,black_f,black,tone_2,red
P6449,Chloe,Bennett,NO,1,BUSINESS,1,ONLINE,brunette_f,black,tone_3,suit
P6450,Henry,Yang,NO,2,FAMILY,2,DESK,black_f,black,tone_1,olive+green
P6451,Simran,Francis,NO,3,BUSINESS,1,ONLINE,brunette_f,black,tone_6,olive+green
P6452,Hassan,Walker,YES,5,LEISURE,1,ONLINE,brunette,black,tone_5,red
P6453,Cian,Moretti,NO,2,BUSINESS,0,ONLINE,black_f,blue,tone_1,blue
P6454,Olivia,Singh,NO,1,BUSINESS,1,ONLINE,black,black,tone_4,blue
P6455,Tara,Shah,YES,9,BUSINESS,1,KIOSK,brunette,blue,tone_2,blue
P6456,Hao,Adams,NO,1,SOLO,1,ONLINE,black,blue,tone_6,olive+green
P6457,Ayaan,Malik,NO,1,SOLO,1,DESK,blonde_f,black,tone_6,olive+green
P6458,Minh,Suzuki,NO,2,BUSINESS,1,ONLINE,black,blue,tone_6,olive+green
P6459,Amina,Huang,NO,3,LEISURE,0,ONLINE,brunette_f,blue,tone_5,olive+green
P6460,Harpreet,Durand,NO,2,SOLO,1,KIOSK,brunette,black,tone_1,olive+green
P6461,Priya,Asante,NO,1,LEISURE,1,ONLINE,brunette,black,tone_1,suit
P6462,Khalid,Taylor,YES,9,LEISURE,1,KIOSK,brunette_f,black,tone_4,blue
P6463,Ava,White,NO,1,FAMILY,3,KIOSK,black,black,tone_2,olive+green
P6464,Isabella,Akhtar,YES,5,FAMILY,3,ONLINE,brunette,black,tone_2,olive+green
P6465,Yuna,Petit,NO,2,FAMILY,1,KIOSK,blonde,blue,tone_5,olive+green
P6466,Jisoo,Fofana,NO,1,FAMILY,2,ONLINE,blonde,black,tone_2,olive+green
P6467,Gurleen,Tanaka,YES,10,LEISURE,1,ONLINE,brunette_f,blue,tone_1,red
P6468,Jules,Muller,NO,2,FAMILY,3,KIOSK,brunette,black,tone_2,red
P6469,Khalid,Sow,NO,3,LEISURE,0,ONLINE,black_f,blue,tone_3,blue
P6470,Theo,Phan,YES,10,LEISURE,1,ONLINE,blonde,black,tone_3,olive+green
P6471,Nhi,Keita,NO,3,LEISURE,1,ONLINE,black,black,tone_6,suit
P6472,Orla,Kone,NO,2,LEISURE,2,KIOSK,brunette,blue,tone_2,olive+green
P6473,Isabella,Sandhu,NO,1,FAMILY,2,ONLINE,black_f,blue,tone_5,olive+green
P6474,Chloe,Reed,NO,1,LEISURE,2,DESK,black,blue,tone_5,olive+green
P6475,Nadia,Sharma,NO,1,FAMILY,3,DESK,brunette_f,black,tone_1,blue
P6476,Mei,Toure,NO,1,FAMILY,2,KIOSK,black,black,tone_6,suit
P6477,Minh,Okafor,NO,1,FAMILY,2,DESK,blonde_f,blue,tone_4,olive+green
P6478,Jonas,Cho,NO,3,FAMILY,2,ONLINE,black,black,tone_6,blue
P6479,Leo,Petit,NO,1,FAMILY,2,ONLINE,blonde,blue,tone_1,blue
P6480,Grace,Zhou,YES,7,SOLO,1,DESK,black,black,tone_3,blue
P6481,Linh,Baker,NO,3,LEISURE,0,KIOSK,blonde,blue,tone_4,olive+green
P6482,Louis,Young,NO,1,FAMILY,2,KIOSK,blonde,blue,tone_6,olive+green
P6483,Maeve,Bernard,NO,2,FAMILY,2,KIOSK,blonde,black,tone_3,suit
P6484,Ming,Fofana,NO,2,LEISURE,2,ONLINE,black,black,tone_1,olive+green
P6485,Tao,Rao,NO,3,LEISURE,1,KIOSK,brunette,blue,tone_5,suit
P6486,Hana,Khalil,NO,2,BUSINESS,1,ONLINE,blonde,black,tone_1,olive+green
P6487,Leon,Carter,NO,1,LEISURE,1,KIOSK,black,blue,tone_4,blue
P6488,Aaliyah,Foster,NO,2,SOLO,1,ONLINE,brunette_f,blue,tone_1,suit
P6489,Yusuf,Haddad,NO,1,BUSINESS,0,KIOSK,black_f,blue,tone_4,red
P6490,Yasmin,Jones,NO,1,LEISURE,0,KIOSK,blonde_f,blue,tone_3,blue
P6491,Mateo,Johnson,NO,2,SOLO,1,DESK,brunette_f,blue,tone_6,olive+green
P6492,Haruto,Carter,NO,2,BUSINESS,0,ONLINE,brunette,blue,tone_3,red
P6493,Dhruv,Nowak,YES,10,BUSINESS,1,DESK,brunette,blue,tone_4,olive+green
P6494,Grace,Wisniewski,NO,1,LEISURE,0,KIOSK,black_f,black,tone_4,suit
P6495,Jonas,Green,NO,1,BUSINESS,0,KIOSK,black,black,tone_5,blue
P6496,Jordan,Siddiqui,NO,2,LEISURE,1,ONLINE,black,black,tone_6,olive+green
P6497,Meera,Jimenez,NO,2,BUSINESS,0,ONLINE,blonde_f,black,tone_4,blue
P6498,Amina,Doyle,YES,9,LEISURE,1,DESK,black_f,blue,tone_5,suit
P6499,Maeve,Rossi,YES,7,FAMILY,2,KIOSK,blonde_f,blue,tone_3,blue
P6500,Harry,Dubois,NO,3,LEISURE,1,KIOSK,brunette,blue,tone_5,blue
P6501,Zain,Asante,NO,3,FAMILY,2,KIOSK,blonde_f,black,tone_2,blue
P6502,Riya,Patel,NO,1,BUSINESS,1,ONLINE,black,blue,tone_2,red
P6503,Theo,Yamamoto,NO,3,LEISURE,1,DESK,blonde_f,black,tone_1,blue
P6504,Henry,Leroy,NO,1,LEISURE,1,ONLINE,blonde_f,black,tone_2,olive+green
P6505,Jules,Yoon,NO,1,FAMILY,2,ONLINE,black_f,blue,tone_6,olive+green
P6506,Minho,Thomas,YES,10,FAMILY,2,ONLINE,black_f,black,tone_6,olive+green
P6507,Meera,Patel,NO,3,FAMILY,2,KIOSK,blonde,black,tone_5,olive+green
P6508,Jules,Saleh,NO,2,LEISURE,1,DESK,brunette_f,blue,tone_1,red
P6509,Jamie,Choi,NO,1,LEISURE,1,DESK,brunette_f,black,tone_6,suit
P6510,Trang,Conti,NO,1,FAMILY,3,DESK,blonde,black,tone_1,suit
P6511,Luca,Evans,NO,2,LEISURE,1,KIOSK,blonde,black,tone_1,olive+green
P6512,Trang,Saleh,NO,2,LEISURE,1,DESK,black_f,black,tone_4,olive+green
P6513,Imran,Wang,NO,1,LEISURE,2,ONLINE,brunette,black,tone_6,blue
P6514,Morgan,Perez,NO,1,BUSINESS,0,ONLINE,blonde_f,black,tone_5,olive+green
P6515,Mila,Cho,YES,8,BUSINESS,2,DESK,blonde,blue,tone_5,blue
P6516,Amina,Mensah,NO,2,LEISURE,2,DESK,brunette,blue,tone_2,olive+green
P6517,Jelani,Toure,NO,3,LEISURE,2,ONLINE,brunette_f,blue,tone_5,olive+green
P6518,Isha,Dang,NO,3,SOLO,1,ONLINE,black,black,tone_6,red
P6519,Abena,Mansour,NO,2,SOLO,1,ONLINE,brunette_f,blue,tone_2,red
P6520,Violet,Rossi,YES,7,LEISURE,1,ONLINE,blonde,blue,tone_5,red
P6521,Mia,Kaur,NO,1,FAMILY,1,DESK,brunette,black,tone_3,blue
P6522,Haruto,Lopez,NO,1,SOLO,1,DESK,brunette,black,tone_5,blue
P6523,Adam,Mahmood,NO,3,SOLO,0,KIOSK,blonde,black,tone_1,olive+green
P6524,Theo,Wright,NO,1,LEISURE,1,KIOSK,blonde_f,black,tone_4,olive+green
P6525,Rin,Zielinski,NO,1,FAMILY,3,DESK,black,blue,tone_3,olive+green
P6526,Neil,Suzuki,NO,2,LEISURE,1,KIOSK,black,blue,tone_4,blue
P6527,Ngozi,Toure,NO,1,FAMILY,1,ONLINE,blonde_f,blue,tone_2,blue
P6528,Theo,Young,NO,1,SOLO,2,DESK,black,blue,tone_1,blue
P6529,Mandeep,Brown,NO,1,LEISURE,1,ONLINE,blonde,blue,tone_1,red
P6530,Lucie,Johnson,NO,1,LEISURE,1,DESK,blonde,black,tone_5,suit
P6531,Isla,Weber,YES,10,LEISURE,2,KIOSK,brunette_f,blue,tone_5,red
P6532,Aanya,Young,NO,3,LEISURE,1,DESK,brunette_f,black,tone_3,red
P6533,Molly,Toure,NO,2,LEISURE,1,DESK,blonde,black,tone_6,blue
P6534,Dhruv,Xu,NO,1,LEISURE,2,KIOSK,blonde_f,black,tone_4,red
P6535,Camille,Chen,NO,2,FAMILY,2,KIOSK,blonde,black,tone_2,suit
P6536,Marco,Tran,YES,5,LEISURE,0,DESK,brunette_f,black,tone_2,olive+green
P6537,Gurpreet,Garcia,NO,1,LEISURE,2,DESK,blonde,blue,tone_2,suit
P6538,Alex,Green,YES,6,BUSINESS,1,ONLINE,black,blue,tone_4,olive+green
P6539,Ruby,Keita,NO,3,LEISURE,2,ONLINE,blonde_f,blue,tone_5,olive+green
P6540,Eoin,Lewandowski,YES,9,FAMILY,2,DESK,black_f,black,tone_3,blue
P6541,Sami,Brar,YES,9,SOLO,1,ONLINE,black_f,blue,tone_2,olive+green
P6542,Muhammad,Cho,NO,2,LEISURE,2,ONLINE,brunette_f,blue,tone_5,red
P6543,Zuri,Singh,NO,2,LEISURE,1,KIOSK,black,blue,tone_1,red
P6544,Luca,Huynh,NO,1,LEISURE,0,KIOSK,brunette,black,tone_3,olive+green
P6545,Tunde,Fofana,NO,1,BUSINESS,1,KIOSK,blonde,black,tone_4,olive+green
P6546,Tariq,Bamba,NO,1,SOLO,1,ONLINE,black,blue,tone_4,red
P6547,Aanya,Chopra,NO,2,BUSINESS,1,ONLINE,blonde_f,black,tone_5,olive+green
P6548,Gurpreet,Dubois,NO,1,FAMILY,3,DESK,brunette,blue,tone_6,olive+green
P6549,Trang,Mitchell,NO,1,LEISURE,1,DESK,black,black,tone_1,olive+green
P6550,Minho,Le,NO,3,SOLO,0,DESK,brunette,blue,tone_6,blue
P6551,Ryan,Foster,NO,3,LEISURE,1,KIOSK,brunette,black,tone_6,blue
P6552,Khalid,Khan,YES,10,LEISURE,0,KIOSK,blonde,blue,tone_5,suit
P6553,Sakura,Eze,NO,1,BUSINESS,0,ONLINE,black_f,blue,tone_1,red
P6554,Emilia,Yoon,NO,3,FAMILY,2,DESK,blonde,black,tone_3,suit
P6555,Yasmin,Singh,YES,9,LEISURE,1,DESK,brunette_f,black,tone_6,suit
P6556,Camille,Johnson,NO,1,SOLO,1,KIOSK,brunette,blue,tone_3,suit
P6557,Minh,Ruiz,NO,2,FAMILY,2,ONLINE,black,black,tone_3,blue
P6558,Aryan,Moretti,NO,2,FAMILY,3,DESK,black_f,black,tone_3,blue
P6559,Mateo,Shah,NO,2,LEISURE,1,ONLINE,blonde_f,black,tone_5,olive+green
P6560,Trang,Ahmed,NO,2,LEISURE,1,KIOSK,black_f,blue,tone_6,olive+green
P6561,Rohan,Keita,YES,10,LEISURE,1,KIOSK,black,blue,tone_6,olive+green
P6562,Krish,Robinson,NO,2,LEISURE,1,ONLINE,brunette_f,black,tone_1,olive+green
P6563,Charlotte,Liu,YES,9,LEISURE,0,ONLINE,brunette,black,tone_6,blue
P6564,Kojo,Garcia,YES,9,LEISURE,2,DESK,brunette,blue,tone_3,red
P6565,Ayana,Nasser,YES,5,LEISURE,1,KIOSK,blonde_f,black,tone_3,suit
P6566,Ananya,Lopez,YES,9,LEISURE,1,ONLINE,black,black,tone_2,suit
P6567,Mai,Fischer,YES,6,LEISURE,1,DESK,black,black,tone_3,blue
P6568,Anh,Gomez,NO,2,LEISURE,1,DESK,blonde_f,black,tone_1,olive+green
P6569,Jelani,Nguyen,NO,1,BUSINESS,1,ONLINE,brunette_f,blue,tone_6,red
P6570,Harriet,Petit,NO,1,LEISURE,0,ONLINE,black_f,blue,tone_5,red
P6571,Hyejin,Wisniewski,NO,2,LEISURE,1,KIOSK,brunette,black,tone_4,blue
P6572,Ronan,Khalil,NO,1,LEISURE,0,DESK,black_f,black,tone_5,olive+green
P6573,Thomas,Rahman,NO,1,BUSINESS,1,ONLINE,blonde,blue,tone_1,red
P6574,Kwame,Pham,YES,7,BUSINESS,1,ONLINE,black,blue,tone_6,red
P6575,Maeve,Kim,NO,1,LEISURE,0,KIOSK,brunette_f,blue,tone_1,olive+green
P6576,Tao,White,NO,3,LEISURE,1,DESK,black_f,blue,tone_2,red
P6577,Layla,Ito,YES,9,BUSINESS,0,DESK,brunette,black,tone_4,red
P6578,Sota,Verma,NO,1,BUSINESS,1,ONLINE,blonde_f,black,tone_2,olive+green
P6579,Ama,Robinson,YES,6,FAMILY,1,DESK,black_f,blue,tone_6,olive+green
P6580,Kavya,Fischer,YES,6,LEISURE,1,ONLINE,blonde,blue,tone_3,blue
P6581,Faris,Nair,NO,1,FAMILY,2,DESK,blonde_f,blue,tone_3,olive+green
P6582,Marco,Ryan,NO,1,FAMILY,3,DESK,black,blue,tone_5,olive+green
P6583,Ananya,Nwosu,NO,2,LEISURE,1,KIOSK,brunette_f,blue,tone_1,blue
P6584,Zofia,Zhang,NO,1,LEISURE,1,ONLINE,black,black,tone_3,red
P6585,Navdeep,Thompson,NO,1,FAMILY,2,DESK,brunette,black,tone_4,blue
P6586,Noah,Martinez,YES,7,FAMILY,2,DESK,brunette,blue,tone_4,olive+green
P6587,Vihaan,Khan,NO,1,BUSINESS,0,ONLINE,blonde,black,tone_1,suit
P6588,Hassan,Nair,NO,1,LEISURE,2,DESK,blonde_f,blue,tone_6,olive+green
P6589,Priya,Francis,NO,1,LEISURE,2,ONLINE,brunette,blue,tone_3,blue
P6590,Poppy,Wisniewski,NO,1,BUSINESS,1,ONLINE,black_f,blue,tone_6,red
P6591,Santiago,Walker,YES,10,BUSINESS,1,ONLINE,blonde_f,black,tone_1,red
P6592,Tomasz,Wilson,YES,7,SOLO,1,KIOSK,brunette,black,tone_3,olive+green
P6593,Anh,Saleh,NO,2,LEISURE,1,ONLINE,black,blue,tone_1,suit
P6594,Grace,Gallagher,NO,1,BUSINESS,0,DESK,brunette,black,tone_3,suit
P6595,Daichi,Gray,YES,7,LEISURE,1,ONLINE,blonde,blue,tone_5,olive+green
P6596,Tariq,Parker,NO,2,FAMILY,2,KIOSK,brunette_f,black,tone_5,red
P6597,Omar,Gray,NO,2,LEISURE,1,ONLINE,blonde,black,tone_1,suit
P6598,Olivia,Morgan,NO,3,LEISURE,1,KIOSK,black_f,black,tone_2,suit
P6599,Riley,Gupta,NO,2,FAMILY,2,ONLINE,blonde_f,black,tone_1,suit
P6600,Riley,Perez,YES,8,LEISURE,2,DESK,black_f,black,tone_2,olive+green
P6601,Karim,Clarke,NO,2,BUSINESS,1,DESK,blonde,blue,tone_2,suit
P6602,Sebastian,Traore,NO,2,BUSINESS,0,KIOSK,black,black,tone_5,suit
P6603,Emeka,Brar,NO,1,FAMILY,2,KIOSK,brunette_f,black,tone_6,red
P6604,Ayaan,Khalil,YES,6,SOLO,2,KIOSK,black,blue,tone_2,blue
P6605,Noor,Doyle,NO,1,BUSINESS,1,ONLINE,brunette,blue,tone_4,red
P6606,Sota,Owusu,NO,2,SOLO,1,ONLINE,blonde_f,black,tone_1,olive+green
P6607,Imran,Joshi,NO,3,LEISURE,2,DESK,black,blue,tone_4,suit
P6608,Morgan,Eze,NO,1,SOLO,1,DESK,blonde_f,black,tone_4,suit
P6609,Kacper,Sow,NO,1,LEISURE,1,DESK,black,blue,tone_3,blue
P6610,Matteo,Garcia,NO,1,FAMILY,1,DESK,blonde_f,blue,tone_2,red
P6611,Samar,Bennett,YES,7,LEISURE,1,KIOSK,black,black,tone_5,red
P6612,Grace,Sow,NO,2,LEISURE,0,ONLINE,blonde_f,blue,tone_3,blue
P6613,Taylor,Young,NO,1,BUSINESS,0,DESK,black,blue,tone_5,olive+green
P6614,Jamie,Mansour,NO,2,SOLO,2,ONLINE,brunette_f,black,tone_4,suit
P6615,Zofia,Perez,NO,1,SOLO,1,ONLINE,black_f,blue,tone_3,olive+green
P6616,Cameron,Agyeman,NO,1,LEISURE,0,KIOSK,black,black,tone_5,olive+green
P6617,Kenji,Mahmood,NO,3,LEISURE,1,ONLINE,black_f,blue,tone_1,suit
P6618,Niamh,Lee,NO,1,FAMILY,2,KIOSK,brunette_f,blue,tone_4,blue
P6619,Nisha,Bui,NO,1,LEISURE,2,ONLINE,blonde_f,black,tone_6,olive+green
P6620,Valentina,Kowalski,NO,1,SOLO,2,ONLINE,brunette_f,blue,tone_5,red
P6621,Ren,Nowak,NO,1,BUSINESS,1,ONLINE,blonde_f,black,tone_2,suit
P6622,Nadia,Green,NO,2,FAMILY,2,ONLINE,brunette_f,blue,tone_6,blue
P6623,Kwame,Okafor,NO,2,LEISURE,0,ONLINE,black_f,blue,tone_5,blue
P6624,Louis,Verma,NO,2,FAMILY,2,KIOSK,blonde_f,blue,tone_2,red
P6625,Faris,Asante,NO,2,LEISURE,1,ONLINE,blonde,black,tone_5,blue
P6626,Simran,Malik,NO,1,BUSINESS,1,ONLINE,blonde,black,tone_2,suit
P6627,Tara,Campbell,NO,1,FAMILY,3,ONLINE,brunette,blue,tone_1,suit
P6628,Khalid,Nowak,NO,1,LEISURE,1,ONLINE,brunette,blue,tone_5,suit
P6629,Manpreet,Nguyen,NO,1,LEISURE,1,ONLINE,brunette_f,black,tone_4,red
P6630,Cameron,Rossi,NO,2,LEISURE,1,KIOSK,brunette,blue,tone_2,blue
P6631,Chiara,Taylor,YES,7,LEISURE,2,DESK,brunette,black,tone_4,red
P6632,Nari,Akhtar,NO,1,LEISURE,1,DESK,blonde,blue,tone_1,suit
P6633,Chloe,Johnson,NO,1,LEISURE,0,KIOSK,blonde_f,blue,tone_2,suit
P6634,Michael,Morgan,NO,1,BUSINESS,1,ONLINE,black_f,black,tone_4,blue
P6635,Chloe,Parker,NO,1,LEISURE,2,DESK,brunette,black,tone_1,olive+green
P6636,Adwoa,Moreau,NO,3,LEISURE,1,DESK,blonde,blue,tone_4,suit
P6637,Oliver,Suzuki,NO,3,FAMILY,2,DESK,black,blue,tone_6,suit
P6638,Valentina,Rao,NO,3,LEISURE,1,KIOSK,brunette_f,black,tone_6,olive+green
P6639,Amelia,Kapoor,YES,10,LEISURE,1,DESK,blonde,blue,tone_5,olive+green
P6640,Henry,Clarke,NO,1,LEISURE,2,KIOSK,brunette,black,tone_2,blue
P6641,Oscar,Jackson,NO,3,LEISURE,1,KIOSK,blonde_f,blue,tone_4,red
P6642,Simran,Okafor,NO,1,SOLO,1,KIOSK,brunette_f,black,tone_4,red
P6643,Nhi,Choi,NO,1,LEISURE,1,ONLINE,blonde,blue,tone_5,suit
P6644,Kojo,Mensah,NO,2,FAMILY,2,KIOSK,blonde,black,tone_3,blue
P6645,Mariam,Bianchi,YES,8,LEISURE,1,KIOSK,blonde,blue,tone_2,blue
P6646,Greta,Kaur,NO,2,BUSINESS,0,ONLINE,blonde,black,tone_6,olive+green
P6647,Arjun,Smith,NO,3,LEISURE,1,ONLINE,black_f,black,tone_5,blue
P6648,Aiko,Robinson,YES,6,SOLO,1,KIOSK,brunette,blue,tone_2,olive+green
P6649,Alessia,Francis,NO,3,LEISURE,0,KIOSK,brunette_f,blue,tone_3,suit
P6650,Jules,Nguyen,NO,1,SOLO,1,ONLINE,blonde,black,tone_3,red
P6651,Yusuf,Doyle,NO,2,LEISURE,1,ONLINE,brunette_f,black,tone_3,olive+green
P6652,Adwoa,Bamba,NO,1,LEISURE,1,ONLINE,blonde_f,blue,tone_2,olive+green
P6653,Oscar,Malhotra,NO,2,LEISURE,1,DESK,brunette_f,black,tone_1,blue
P6654,Abena,Pham,NO,2,LEISURE,1,ONLINE,brunette,blue,tone_5,blue
P6655,Tara,Hussain,NO,2,FAMILY,2,ONLINE,black_f,blue,tone_6,suit
P6656,David,Gomez,NO,3,BUSINESS,2,ONLINE,black,blue,tone_3,blue
P6657,Zuri,Jimenez,NO,1,SOLO,2,KIOSK,blonde_f,black,tone_2,olive+green
P6658,Diya,Xu,NO,1,LEISURE,1,ONLINE,black_f,black,tone_3,blue
P6659,Hyejin,Chopra,NO,1,LEISURE,1,ONLINE,brunette,blue,tone_2,suit
P6660,Taylor,Brar,NO,2,FAMILY,2,ONLINE,brunette_f,blue,tone_3,blue
P6661,Abena,Jung,NO,2,LEISURE,1,ONLINE,blonde,black,tone_3,red
P6662,Bethany,White,NO,1,LEISURE,1,ONLINE,brunette_f,blue,tone_2,red
P6663,Ming,Choi,YES,10,FAMILY,1,DESK,blonde_f,blue,tone_5,suit
P6664,Khalid,Rodriguez,NO,1,FAMILY,2,DESK,black,blue,tone_6,suit
P6665,Jasleen,Shah,NO,3,FAMILY,2,DESK,brunette,blue,tone_4,suit
P6666,Dev,Parker,YES,8,FAMILY,2,DESK,black,blue,tone_3,red
P6667,Kojo,Sanchez,NO,1,LEISURE,1,DESK,brunette_f,blue,tone_5,suit
P6668,Amelia,Perez,NO,3,LEISURE,0,ONLINE,black,black,tone_6,red
P6669,Anh,Lewandowski,NO,1,LEISURE,0,DESK,brunette,blue,tone_6,red
P6670,Akira,Joshi,YES,8,FAMILY,3,DESK,brunette_f,black,tone_5,red
P6671,Samir,Boateng,YES,9,LEISURE,1,KIOSK,blonde,black,tone_6,olive+green
P6672,Arnav,Grant,NO,1,LEISURE,0,ONLINE,blonde_f,blue,tone_6,suit
P6673,Muhammad,Rahman,NO,1,BUSINESS,2,ONLINE,brunette,blue,tone_1,blue
P6674,Rahul,Jung,YES,5,LEISURE,1,KIOSK,brunette_f,blue,tone_4,olive+green
P6675,Alex,Liu,YES,6,FAMILY,2,DESK,blonde_f,black,tone_3,suit
P6676,Haruto,Reddy,NO,1,BUSINESS,1,KIOSK,blonde,black,tone_1,red
P6677,George,Richards,YES,6,FAMILY,1,KIOSK,black,black,tone_1,red
P6678,Leon,Dang,NO,3,LEISURE,1,DESK,brunette,blue,tone_5,suit
P6679,Quang,Toure,NO,2,BUSINESS,1,ONLINE,black_f,black,tone_5,red
P6680,Ananya,Young,NO,1,FAMILY,1,ONLINE,black,black,tone_2,suit
P6681,Bao,Evans,NO,2,BUSINESS,1,ONLINE,brunette,blue,tone_4,blue
P6682,Thao,Doyle,NO,2,BUSINESS,1,ONLINE,black,black,tone_2,red
P6683,Aditya,Conti,NO,2,FAMILY,2,ONLINE,brunette_f,black,tone_6,red
P6684,Abena,Toure,NO,2,FAMILY,3,KIOSK,brunette_f,blue,tone_5,olive+green
P6685,Harriet,Thompson,NO,1,LEISURE,1,KIOSK,black,black,tone_2,blue
P6686,Oisin,Bianchi,NO,1,LEISURE,1,ONLINE,blonde_f,blue,tone_6,red
P6687,Diya,Khalil,NO,2,LEISURE,1,ONLINE,brunette,black,tone_4,red
P6688,Ava,Lewandowski,NO,3,SOLO,1,ONLINE,brunette_f,blue,tone_1,olive+green
P6689,Tariq,Balogun,NO,1,SOLO,1,ONLINE,black_f,black,tone_1,suit
P6690,Oliver,Lewandowski,YES,7,BUSINESS,0,ONLINE,brunette,blue,tone_3,red
P6691,Avery,Ali,NO,1,SOLO,1,KIOSK,brunette_f,blue,tone_2,blue
P6692,Charlie,Collins,NO,1,SOLO,1,ONLINE,black_f,black,tone_5,blue
P6693,Cameron,Walsh,NO,1,FAMILY,2,DESK,brunette,blue,tone_5,suit
P6694,George,Schmidt,NO,1,SOLO,2,ONLINE,blonde_f,black,tone_6,blue
P6695,Gabriel,Patel,YES,7,FAMILY,2,DESK,black,black,tone_5,suit
P6696,Minho,White,NO,3,FAMILY,2,DESK,brunette,blue,tone_6,suit
P6697,Khalid,Davies,NO,1,LEISURE,1,ONLINE,brunette_f,blue,tone_5,suit
P6698,Jules,Chen,YES,9,LEISURE,1,KIOSK,brunette,black,tone_6,blue
P6699,Manpreet,Iyer,YES,10,BUSINESS,1,KIOSK,blonde_f,black,tone_5,suit
P6700,Matteo,Leroy,NO,3,SOLO,1,DESK,black,blue,tone_2,blue
P6701,Sam,Diallo,YES,8,LEISURE,0,DESK,brunette,black,tone_4,blue
P6702,Thao,Wu,NO,1,LEISURE,1,ONLINE,blonde_f,blue,tone_3,blue
P6703,Kenji,Roberts,NO,2,BUSINESS,1,ONLINE,black,blue,tone_2,olive+green
P6704,Malik,Mensah,NO,1,SOLO,1,ONLINE,blonde_f,blue,tone_6,olive+green
P6705,Jelani,Huang,YES,6,FAMILY,2,DESK,black,black,tone_2,blue
P6706,Sophia,Adams,YES,8,LEISURE,0,KIOSK,blonde_f,blue,tone_1,olive+green
P6707,Marek,Rossi,NO,3,LEISURE,1,DESK,brunette_f,black,tone_1,blue
P6708,Kacper,Sidhu,NO,1,SOLO,2,KIOSK,blonde_f,black,tone_3,blue
P6709,Aaliyah,Moreau,NO,1,LEISURE,1,KIOSK,black,blue,tone_2,suit
P6710,Vivaan,Gupta,NO,3,LEISURE,0,KIOSK,brunette,black,tone_3,blue
P6711,Jamie,Huynh,NO,1,LEISURE,1,ONLINE,blonde,blue,tone_1,suit
P6712,Nhi,Fischer,YES,9,SOLO,1,ONLINE,blonde_f,black,tone_5,olive+green
P6713,Ming,Hussain,NO,2,FAMILY,2,DESK,brunette,black,tone_6,blue
P6714,Sota,Wright,NO,1,SOLO,1,KIOSK,black_f,blue,tone_1,blue
P6715,Victoria,Durand,NO,1,BUSINESS,1,ONLINE,blonde_f,blue,tone_6,blue
P6716,Kenji,Moreau,NO,3,LEISURE,1,DESK,brunette,blue,tone_5,suit
P6717,Simran,Rossi,YES,7,FAMILY,2,ONLINE,brunette_f,blue,tone_5,suit
P6718,Isha,Esposito,NO,3,LEISURE,2,ONLINE,black_f,blue,tone_5,red
P6719,Riley,Zhang,NO,1,BUSINESS,0,ONLINE,blonde,black,tone_6,olive+green
P6720,Ruby,Sharma,NO,3,BUSINESS,1,ONLINE,blonde,blue,tone_5,suit
P6721,Kenji,Gallagher,NO,2,BUSINESS,0,ONLINE,blonde_f,blue,tone_3,olive+green
P6722,Priya,Tran,NO,1,LEISURE,1,DESK,blonde_f,blue,tone_3,olive+green
P6723,Ella,Adeyemi,NO,1,LEISURE,0,DESK,black,blue,tone_1,suit
P6724,Cian,Scott,YES,5,FAMILY,2,DESK,black,blue,tone_1,blue
P6725,Orla,Le,NO,1,SOLO,1,ONLINE,brunette_f,black,tone_2,suit
P6726,Harry,Esposito,NO,2,FAMILY,2,DESK,blonde_f,blue,tone_5,red
P6727,Ryan,White,NO,1,LEISURE,0,DESK,black_f,black,tone_4,blue
P6728,Jasleen,Watson,YES,5,FAMILY,2,KIOSK,black,blue,tone_6,suit
P6729,Rin,Bui,NO,2,BUSINESS,1,ONLINE,brunette,blue,tone_6,blue
P6730,Quang,Williams,NO,3,SOLO,1,ONLINE,brunette_f,black,tone_4,suit
P6731,Aoife,Tanaka,NO,1,FAMILY,3,DESK,black,blue,tone_1,blue
P6732,Gurleen,Yamamoto,NO,1,FAMILY,3,KIOSK,blonde_f,blue,tone_4,olive+green
P6733,Lucie,Desai,NO,1,LEISURE,0,DESK,blonde,blue,tone_3,blue
P6734,Adwoa,Kaur,NO,2,LEISURE,1,DESK,black_f,black,tone_4,red
P6735,Lily,Gupta,NO,3,LEISURE,0,KIOSK,blonde_f,blue,tone_4,olive+green
P6736,Anh,Hall,NO,2,SOLO,1,ONLINE,brunette,black,tone_2,olive+green
P6737,Kenji,Smith,NO,1,LEISURE,0,DESK,blonde_f,black,tone_2,red
P6738,William,Kapoor,YES,8,LEISURE,2,DESK,black,blue,tone_5,olive+green
P6739,Aaliyah,Siddiqui,NO,2,LEISURE,2,KIOSK,blonde,blue,tone_5,red
P6740,Rin,Gill,NO,1,LEISURE,1,DESK,black_f,blue,tone_2,blue
P6741,Dev,Nowak,YES,7,BUSINESS,1,ONLINE,black,blue,tone_3,blue
P6742,Isha,Choi,NO,1,BUSINESS,1,KIOSK,blonde,blue,tone_6,suit
P6743,Ali,Joshi,NO,2,LEISURE,0,ONLINE,blonde,blue,tone_3,olive+green
P6744,Yasmin,Nwosu,NO,1,FAMILY,2,KIOSK,black_f,blue,tone_4,suit
P6745,Hao,Bailey,NO,1,LEISURE,1,DESK,blonde,blue,tone_1,olive+green
P6746,Hyejin,Fofana,NO,3,FAMILY,3,DESK,blonde,blue,tone_3,blue
P6747,Emily,Dang,NO,2,BUSINESS,1,ONLINE,brunette_f,black,tone_5,blue
P6748,Tariq,Carter,NO,1,SOLO,0,DESK,blonde,blue,tone_1,red
P6749,Chloe,Muller,NO,2,LEISURE,2,DESK,brunette,blue,tone_5,suit
P6750,Mateo,Malik,YES,6,LEISURE,0,KIOSK,black,blue,tone_3,blue
P6751,Nadia,Walsh,NO,3,LEISURE,2,ONLINE,blonde,blue,tone_5,blue
P6752,Hassan,Ali,NO,2,LEISURE,0,ONLINE,black,blue,tone_2,suit
P6753,Sophia,Tran,YES,6,LEISURE,1,ONLINE,blonde_f,black,tone_6,blue
P6754,Imani,Tran,YES,9,LEISURE,0,ONLINE,black_f,black,tone_4,suit
P6755,Louis,Muller,YES,8,BUSINESS,1,DESK,brunette,blue,tone_4,red
P6756,Veer,Singh,NO,3,LEISURE,2,DESK,blonde,black,tone_3,blue
P6757,Minh,Sanchez,NO,1,LEISURE,1,DESK,black,black,tone_5,olive+green
P6758,Leo,Kumar,NO,3,LEISURE,1,DESK,black_f,blue,tone_1,blue
P6759,Kenji,Ruiz,NO,1,LEISURE,1,DESK,blonde,blue,tone_6,blue
P6760,Ade,Perez,NO,1,LEISURE,0,ONLINE,black_f,black,tone_4,olive+green
P6761,Minho,Gray,NO,2,LEISURE,0,ONLINE,brunette,blue,tone_1,red
P6762,Aiko,Camara,NO,3,LEISURE,1,ONLINE,brunette_f,black,tone_1,suit
P6763,Minho,Bernard,NO,1,FAMILY,1,KIOSK,brunette,black,tone_6,olive+green
P6764,Henry,Phan,NO,3,LEISURE,1,ONLINE,brunette_f,blue,tone_4,red
P6765,Ananya,Evans,NO,1,LEISURE,1,ONLINE,brunette,blue,tone_5,olive+green
P6766,Emily,Boateng,NO,1,FAMILY,3,DESK,black_f,blue,tone_6,suit
P6767,Greta,Zhou,NO,2,LEISURE,1,KIOSK,black,black,tone_6,blue
P6768,Hyejin,Weber,NO,3,FAMILY,1,DESK,black_f,blue,tone_4,olive+green
P6769,Phoebe,Bose,NO,1,LEISURE,1,ONLINE,blonde_f,black,tone_5,olive+green
P6770,Kwame,Jimenez,NO,1,BUSINESS,2,ONLINE,brunette,black,tone_6,red
P6771,Lena,Zhou,NO,1,LEISURE,0,DESK,brunette_f,black,tone_5,blue
P6772,Felix,Perez,NO,3,BUSINESS,2,ONLINE,brunette,blue,tone_3,blue
P6773,Tariq,Owusu,NO,1,LEISURE,1,ONLINE,blonde,blue,tone_1,olive+green
P6774,Soyeon,Brown,NO,2,SOLO,0,DESK,brunette,black,tone_4,red
P6775,Femi,Nair,NO,2,LEISURE,0,ONLINE,blonde,black,tone_2,red
P6776,Sebastian,Byrne,YES,7,SOLO,1,ONLINE,blonde_f,blue,tone_4,red
P6777,Diego,Parker,YES,5,LEISURE,1,DESK,blonde_f,blue,tone_1,blue
P6778,Harriet,Huynh,YES,5,SOLO,2,DESK,brunette_f,black,tone_4,suit
P6779,Bilal,Pham,YES,9,LEISURE,1,DESK,blonde,black,tone_1,blue
P6780,Luke,Reddy,NO,1,BUSINESS,0,KIOSK,blonde,blue,tone_2,blue
P6781,Kofi,Zhou,NO,1,LEISURE,1,DESK,brunette_f,blue,tone_3,suit
P6782,Alfie,Clarke,NO,1,LEISURE,0,DESK,black_f,black,tone_2,suit
P6783,Akira,Moretti,YES,6,FAMILY,2,ONLINE,blonde,blue,tone_6,suit
P6784,Kiet,Lewandowski,NO,1,LEISURE,1,DESK,brunette_f,blue,tone_5,olive+green
P6785,Dev,Bennett,NO,2,FAMILY,2,DESK,black_f,black,tone_1,suit
P6786,Lily,Martinez,NO,3,LEISURE,0,DESK,black,blue,tone_5,olive+green
P6787,Mei,Asante,YES,7,LEISURE,1,KIOSK,black_f,black,tone_1,blue
P6788,Nadia,Nwosu,NO,1,BUSINESS,1,DESK,black,blue,tone_2,olive+green
P6789,Jacob,Sow,NO,2,LEISURE,1,ONLINE,black,blue,tone_3,red
P6790,Jian,Doyle,NO,1,SOLO,1,DESK,brunette_f,black,tone_3,olive+green
P6791,Michael,Kowalski,NO,2,LEISURE,1,ONLINE,brunette,blue,tone_1,red
P6792,Jisoo,Sandhu,NO,3,FAMILY,3,DESK,blonde,black,tone_1,blue
P6793,Eoin,Mahmood,YES,8,LEISURE,1,DESK,blonde,black,tone_6,suit
P6794,Anja,Vu,NO,2,FAMILY,1,ONLINE,black,blue,tone_1,olive+green
P6795,Priya,Anderson,NO,1,LEISURE,2,ONLINE,brunette,blue,tone_1,suit
P6796,Emeka,Choi,NO,1,BUSINESS,0,ONLINE,brunette_f,blue,tone_6,olive+green
P6797,Jack,Gomez,NO,1,LEISURE,0,DESK,blonde_f,blue,tone_3,blue
P6798,Amrit,Watson,NO,1,LEISURE,1,ONLINE,blonde,blue,tone_6,blue
P6799,Emeka,Bailey,YES,7,LEISURE,1,ONLINE,brunette,black,tone_1,suit
P6800,Simran,Nair,NO,1,LEISURE,1,KIOSK,brunette_f,blue,tone_6,blue
P6801,Ren,Fischer,NO,2,LEISURE,0,ONLINE,blonde,blue,tone_3,blue
P6802,Greta,Choi,NO,2,LEISURE,1,ONLINE,brunette_f,black,tone_6,red
P6803,Kavya,Collins,YES,10,SOLO,2,ONLINE,brunette,black,tone_2,suit
P6804,Akira,Malhotra,NO,1,LEISURE,0,ONLINE,blonde,black,tone_5,olive+green
P6805,Jaspreet,Kapoor,NO,1,FAMILY,2,KIOSK,black_f,blue,tone_3,olive+green
P6806,Vivaan,Adeyemi,NO,1,SOLO,0,KIOSK,brunette,blue,tone_3,suit
P6807,Kabir,Russell,NO,1,FAMILY,2,KIOSK,black,black,tone_6,suit
P6808,Kacper,Bianchi,NO,2,BUSINESS,1,ONLINE,black_f,black,tone_4,suit
P6809,Minh,Gomez,NO,1,LEISURE,1,DESK,blonde_f,blue,tone_2,suit
P6810,Aryan,Phan,NO,1,SOLO,1,DESK,black_f,black,tone_1,red
P6811,Theo,Russell,NO,1,LEISURE,1,ONLINE,black,black,tone_4,blue
P6812,Kiet,Cho,NO,1,SOLO,1,ONLINE,black_f,black,tone_3,red
P6813,Manpreet,Eze,NO,2,LEISURE,0,DESK,blonde_f,blue,tone_2,olive+green
P6814,Ananya,Kaur,NO,1,BUSINESS,0,ONLINE,blonde_f,blue,tone_4,blue
P6815,Kwame,Huynh,NO,1,FAMILY,2,KIOSK,brunette,black,tone_1,red
P6816,Aditya,Huynh,NO,1,FAMILY,3,DESK,black_f,blue,tone_3,red
P6817,Chiara,Tran,NO,1,FAMILY,1,ONLINE,black,blue,tone_4,red
P6818,Aarav,Sharma,NO,1,SOLO,1,KIOSK,black_f,black,tone_4,suit
P6819,Oisin,Johnson,NO,2,LEISURE,1,ONLINE,brunette,black,tone_3,suit
P6820,Tara,Tran,YES,10,LEISURE,1,DESK,blonde_f,black,tone_1,olive+green
P6821,Michael,Grant,NO,1,BUSINESS,1,ONLINE,brunette_f,black,tone_2,olive+green
P6822,Ren,Petit,NO,2,LEISURE,1,ONLINE,black_f,blue,tone_4,olive+green
P6823,Phoebe,Iqbal,NO,2,LEISURE,1,KIOSK,black,blue,tone_1,red
P6824,Yusuf,Ito,NO,2,LEISURE,2,KIOSK,black,black,tone_1,blue
P6825,Casey,Hall,NO,2,BUSINESS,2,ONLINE,blonde,blue,tone_1,suit
P6826,Reyansh,Lee,NO,2,LEISURE,1,ONLINE,brunette_f,blue,tone_3,olive+green
P6827,Lily,Durand,NO,2,BUSINESS,0,KIOSK,brunette_f,blue,tone_3,blue
P6828,Violet,Scott,NO,1,SOLO,1,KIOSK,blonde,blue,tone_1,suit
P6829,Lena,Iyer,NO,1,LEISURE,0,DESK,blonde_f,blue,tone_6,red
P6830,Diego,Clarke,NO,3,LEISURE,1,DESK,brunette_f,blue,tone_2,blue
P6831,Veer,Xu,NO,1,LEISURE,1,ONLINE,blonde,blue,tone_2,olive+green
P6832,Samar,Sandhu,YES,5,LEISURE,0,ONLINE,blonde,black,tone_6,suit
P6833,Malik,Fofana,NO,2,BUSINESS,0,ONLINE,blonde,blue,tone_3,blue
P6834,Gurleen,Nasser,NO,3,LEISURE,1,ONLINE,black,blue,tone_6,red
P6835,Chloe,Kelly,NO,1,LEISURE,1,ONLINE,blonde,blue,tone_3,blue
P6836,Leo,Schneider,NO,2,BUSINESS,1,ONLINE,brunette,black,tone_5,olive+green
P6837,Ngozi,Jones,NO,3,BUSINESS,1,DESK,brunette_f,black,tone_6,suit
P6838,Ngozi,Huynh,NO,2,BUSINESS,0,ONLINE,brunette,black,tone_2,red
P6839,Aiko,Bernard,NO,2,LEISURE,1,ONLINE,black_f,black,tone_1,suit
P6840,Ali,Patel,NO,2,SOLO,1,KIOSK,blonde,blue,tone_2,suit
P6841,Santiago,Murphy,NO,1,BUSINESS,1,ONLINE,brunette_f,black,tone_5,blue
P6842,Emilia,Verma,NO,2,FAMILY,2,DESK,black_f,blue,tone_3,blue
P6843,Sam,Vu,NO,3,LEISURE,1,KIOSK,black,black,tone_6,olive+green
P6844,Rahul,Vu,YES,8,SOLO,1,DESK,brunette_f,blue,tone_1,olive+green
P6845,Reyansh,White,NO,1,SOLO,1,DESK,brunette,blue,tone_4,suit
P6846,Simran,Howard,NO,1,SOLO,0,DESK,blonde,black,tone_1,blue
P6847,Bilal,Rossi,YES,8,LEISURE,0,KIOSK,brunette_f,blue,tone_5,blue
P6848,Aditya,Bernard,NO,2,LEISURE,1,KIOSK,brunette_f,black,tone_2,olive+green
P6849,Aiko,Walsh,NO,1,LEISURE,1,ONLINE,black,black,tone_2,suit
P6850,Sota,Singh,YES,6,LEISURE,2,ONLINE,blonde,black,tone_6,red
P6851,Noah,Kumar,NO,1,LEISURE,1,ONLINE,black,blue,tone_5,blue
P6852,Hao,Jung,NO,1,LEISURE,0,ONLINE,black,black,tone_4,blue
P6853,Yuna,Esposito,NO,2,LEISURE,0,ONLINE,brunette_f,blue,tone_5,suit
P6854,Mariam,Petit,NO,3,LEISURE,0,KIOSK,blonde,blue,tone_6,red
P6855,Oliver,Schmidt,NO,2,LEISURE,1,ONLINE,blonde,blue,tone_4,suit
P6856,Ngozi,Siddiqui,NO,1,LEISURE,1,ONLINE,blonde,black,tone_5,suit
P6857,Declan,Ali,NO,2,FAMILY,3,ONLINE,black_f,blue,tone_4,blue
P6858,Ayaan,Sidhu,NO,2,SOLO,1,DESK,brunette_f,blue,tone_4,blue
P6859,Vivaan,Singh,NO,2,FAMILY,2,DESK,brunette_f,blue,tone_4,olive+green
P6860,Meera,Nwosu,YES,6,FAMILY,1,KIOSK,black_f,blue,tone_5,suit
P6861,Mateo,Kaminski,NO,1,SOLO,1,ONLINE,blonde_f,blue,tone_4,red
P6862,Anja,Mensah,NO,2,FAMILY,2,DESK,black,black,tone_6,suit
P6863,Jakub,Toure,NO,1,LEISURE,1,ONLINE,black,black,tone_1,blue
P6864,Ella,Bernard,YES,8,LEISURE,1,ONLINE,brunette,blue,tone_3,red
P6865,Alfie,Reddy,NO,2,SOLO,1,DESK,brunette_f,blue,tone_5,suit
P6866,Camille,Sow,NO,1,BUSINESS,0,ONLINE,blonde_f,black,tone_4,suit
P6867,Mateo,Iqbal,NO,2,FAMILY,3,ONLINE,blonde,blue,tone_4,red
P6868,Akira,Tanaka,NO,1,LEISURE,1,ONLINE,black,blue,tone_3,blue
P6869,Muhammad,Mehta,YES,6,SOLO,1,ONLINE,blonde,blue,tone_4,suit
P6870,Imani,Watanabe,NO,1,FAMILY,2,KIOSK,blonde_f,black,tone_2,red
P6871,Riley,Carter,NO,2,LEISURE,2,ONLINE,black_f,blue,tone_1,red
P6872,Kacper,Xu,NO,3,BUSINESS,0,ONLINE,blonde_f,blue,tone_6,olive+green
P6873,Hamza,Reed,NO,1,LEISURE,0,ONLINE,blonde_f,black,tone_2,suit
P6874,Wei,Nguyen,YES,6,FAMILY,2,ONLINE,brunette,blue,tone_2,red
P6875,Jaspreet,Sharma,YES,5,FAMILY,2,ONLINE,brunette,black,tone_1,blue
P6876,Riley,Gomez,NO,1,SOLO,0,DESK,blonde,black,tone_2,suit
P6877,Ronan,Kelly,NO,3,SOLO,2,DESK,black,blue,tone_1,blue
P6878,Yasmin,Brar,NO,1,LEISURE,1,KIOSK,blonde_f,black,tone_5,red
P6879,Taylor,Huynh,YES,7,BUSINESS,1,ONLINE,blonde,blue,tone_6,olive+green
P6880,Navdeep,Byrne,NO,2,FAMILY,1,KIOSK,blonde_f,black,tone_1,red
P6881,Camila,Nguyen,NO,1,LEISURE,2,DESK,blonde,black,tone_2,olive+green
P6882,Sota,Park,NO,3,LEISURE,2,ONLINE,blonde,blue,tone_4,blue
P6883,Chidi,Garcia,NO,3,BUSINESS,0,ONLINE,brunette,black,tone_4,olive+green
P6884,Kofi,Kaminski,NO,2,LEISURE,1,ONLINE,brunette,blue,tone_1,red
P6885,Layla,Gill,NO,1,BUSINESS,1,ONLINE,blonde,blue,tone_1,red
P6886,Amelia,Ruiz,NO,2,FAMILY,2,ONLINE,blonde_f,black,tone_6,red
P6887,Joon,Byrne,NO,2,LEISURE,1,DESK,blonde,blue,tone_2,blue
P6888,Priya,Durand,YES,10,FAMILY,3,DESK,black,blue,tone_2,olive+green
P6889,Neil,Saleh,NO,2,LEISURE,1,DESK,brunette,black,tone_1,olive+green
P6890,Gabriel,Schneider,NO,2,FAMILY,1,ONLINE,brunette,black,tone_3,olive+green
P6891,Mei,Ahmed,NO,1,LEISURE,1,ONLINE,blonde,black,tone_4,red
P6892,Quang,Green,NO,3,LEISURE,1,KIOSK,brunette,black,tone_5,red
P6893,Nhi,Ali,NO,2,BUSINESS,0,ONLINE,black_f,black,tone_5,red
P6894,Marek,Wisniewski,NO,1,BUSINESS,0,ONLINE,brunette_f,blue,tone_4,suit
P6895,Manon,Clarke,NO,1,LEISURE,2,KIOSK,brunette_f,blue,tone_1,olive+green
P6896,Amara,Brown,NO,1,FAMILY,3,ONLINE,blonde_f,black,tone_3,blue
P6897,Ishaan,Wilson,NO,1,FAMILY,2,DESK,brunette_f,black,tone_3,suit
P6898,Jordan,Nguyen,NO,2,FAMILY,2,ONLINE,black,blue,tone_3,red
P6899,Matteo,Young,NO,1,LEISURE,1,DESK,black_f,blue,tone_4,olive+green
P6900,Lena,Ricci,NO,1,FAMILY,3,DESK,black_f,black,tone_3,suit
P6901,Haruto,Moretti,NO,2,SOLO,1,ONLINE,black,black,tone_2,suit
P6902,Gurpreet,Grant,NO,3,BUSINESS,0,ONLINE,brunette_f,blue,tone_1,olive+green
P6903,Mei,Thomas,NO,2,LEISURE,1,ONLINE,blonde,blue,tone_2,blue
P6904,Chidi,Jackson,NO,2,LEISURE,0,ONLINE,brunette_f,blue,tone_4,suit
P6905,Amelia,Iqbal,YES,9,LEISURE,0,DESK,brunette_f,black,tone_1,suit
P6906,Alejandro,Esposito,NO,1,FAMILY,3,KIOSK,black,blue,tone_5,red
P6907,Emily,Dhillon,YES,7,LEISURE,1,ONLINE,brunette_f,black,tone_5,red
P6908,Declan,Kowalski,YES,10,BUSINESS,2,ONLINE,brunette_f,black,tone_3,suit
P6909,Mei,Nwosu,NO,1,BUSINESS,0,ONLINE,blonde_f,blue,tone_3,blue
P6910,Alfie,Ferrari,NO,3,BUSINESS,0,KIOSK,brunette_f,black,tone_3,red
P6911,Ruby,Kaminski,NO,3,LEISURE,1,DESK,blonde_f,blue,tone_1,suit
P6912,Hao,Kaur,NO,1,LEISURE,2,DESK,brunette,black,tone_3,olive+green
P6913,Manpreet,Robinson,NO,3,LEISURE,2,DESK,blonde_f,black,tone_3,suit
P6914,Veer,Russell,NO,2,SOLO,2,DESK,black,blue,tone_2,blue
P6915,Reyansh,Khalil,NO,1,FAMILY,3,ONLINE,black_f,black,tone_1,blue
P6916,Oliver,Chen,NO,1,SOLO,1,ONLINE,brunette,blue,tone_2,suit
P6917,Jacob,Singh,NO,2,LEISURE,1,ONLINE,brunette_f,blue,tone_3,olive+green
P6918,Riya,Morgan,NO,1,LEISURE,1,ONLINE,black,black,tone_1,suit
P6919,Sota,Bose,NO,2,LEISURE,0,DESK,blonde,black,tone_6,suit
P6920,Lucie,Khalil,NO,1,LEISURE,1,ONLINE,black_f,blue,tone_5,red
P6921,Ngozi,Conti,NO,3,FAMILY,2,KIOSK,blonde_f,black,tone_2,olive+green
P6922,Henry,Williams,NO,1,LEISURE,1,ONLINE,blonde,black,tone_5,blue
P6923,Charlotte,Kelly,NO,2,FAMILY,3,DESK,blonde,black,tone_3,olive+green
P6924,Manon,Kaur,NO,3,LEISURE,2,KIOSK,blonde,blue,tone_4,red
P6925,Karim,Nowak,NO,1,FAMILY,2,DESK,black_f,blue,tone_2,suit
P6926,Greta,Russell,NO,2,BUSINESS,1,KIOSK,black_f,black,tone_4,blue
P6927,Declan,Zhang,YES,8,LEISURE,1,DESK,black_f,black,tone_5,blue
P6928,Ryan,Lee,NO,1,BUSINESS,1,ONLINE,brunette_f,blue,tone_3,red
P6929,Navdeep,Desai,NO,3,LEISURE,1,DESK,black_f,blue,tone_5,red
P6930,Tao,Rodriguez,NO,1,BUSINESS,1,ONLINE,black,blue,tone_4,olive+green
P6931,Tomasz,Okafor,NO,1,LEISURE,0,DESK,blonde_f,black,tone_5,blue
P6932,Hassan,White,YES,8,LEISURE,2,ONLINE,black_f,blue,tone_1,olive+green
P6933,Salma,Khalil,NO,3,SOLO,1,KIOSK,black_f,black,tone_3,suit
P6934,Johanna,Walker,NO,3,BUSINESS,0,ONLINE,blonde_f,blue,tone_2,olive+green
P6935,Santiago,Romano,NO,1,LEISURE,1,DESK,brunette,black,tone_3,blue
P6936,Marek,Sharma,NO,1,LEISURE,1,KIOSK,brunette_f,black,tone_5,blue
P6937,Tariq,Li,NO,1,LEISURE,1,DESK,brunette_f,blue,tone_1,blue
P6938,Charlotte,Jimenez,NO,1,SOLO,1,ONLINE,blonde,blue,tone_6,suit
P6939,Kofi,Wang,NO,1,LEISURE,1,KIOSK,brunette,black,tone_3,olive+green
P6940,Isha,Evans,NO,2,BUSINESS,1,ONLINE,black_f,blue,tone_2,blue
P6941,Noor,Yoon,NO,1,SOLO,1,ONLINE,brunette_f,blue,tone_3,suit
P6942,Greta,Yamamoto,NO,1,LEISURE,1,DESK,blonde,black,tone_3,red
P6943,Ryan,Fofana,NO,3,FAMILY,2,DESK,brunette_f,black,tone_1,red
P6944,Declan,Ferrari,NO,2,FAMILY,3,ONLINE,brunette_f,black,tone_6,suit
P6945,Aryan,Schmidt,NO,2,LEISURE,1,ONLINE,brunette,blue,tone_6,suit
P6946,Khalid,Francis,NO,3,LEISURE,1,KIOSK,blonde_f,black,tone_1,blue
P6947,Krish,Morgan,NO,1,SOLO,1,ONLINE,black_f,blue,tone_3,olive+green
P6948,Thomas,Agyeman,NO,2,FAMILY,2,KIOSK,blonde_f,black,tone_3,olive+green
P6949,Harry,Nguyen,NO,1,FAMILY,2,KIOSK,blonde_f,blue,tone_5,red
P6950,Mai,Eze,NO,1,BUSINESS,1,ONLINE,blonde_f,blue,tone_4,olive+green
P6951,Ananya,Watson,NO,1,LEISURE,1,ONLINE,brunette,blue,tone_1,blue
P6952,William,Jackson,NO,1,LEISURE,2,ONLINE,blonde,blue,tone_3,olive+green
P6953,Mateo,Moreau,NO,2,LEISURE,0,DESK,black,black,tone_6,suit
P6954,Imran,Desai,NO,1,LEISURE,1,ONLINE,brunette,black,tone_5,red
P6955,Ella,Rahman,NO,1,BUSINESS,1,DESK,black,blue,tone_2,olive+green
P6956,Mateo,Yang,NO,2,SOLO,2,ONLINE,black_f,blue,tone_4,olive+green
P6957,Haruto,Nguyen,YES,5,SOLO,1,KIOSK,brunette_f,blue,tone_5,red
P6958,Mandeep,Akhtar,NO,3,FAMILY,1,DESK,brunette_f,black,tone_5,suit
P6959,Manpreet,Jung,NO,1,BUSINESS,0,ONLINE,blonde,black,tone_4,red
P6960,Greta,Eze,NO,3,LEISURE,1,ONLINE,black_f,blue,tone_6,suit
P6961,Mei,Carter,NO,3,LEISURE,1,KIOSK,black,blue,tone_1,olive+green
P6962,Lily,Watson,NO,2,LEISURE,1,DESK,black,black,tone_4,blue
P6963,Kofi,Smith,NO,3,LEISURE,1,ONLINE,black,black,tone_5,red
P6964,Vihaan,Garcia,NO,1,SOLO,1,ONLINE,black,black,tone_5,red
P6965,Karim,Nguyen,YES,7,LEISURE,1,ONLINE,blonde,black,tone_6,suit
P6966,Nari,Taylor,NO,1,LEISURE,2,KIOSK,black,blue,tone_4,red
P6967,Ava,Kelly,YES,5,LEISURE,1,ONLINE,brunette,blue,tone_2,suit
P6968,Niklas,Morgan,NO,1,LEISURE,0,ONLINE,brunette_f,blue,tone_1,blue
P6969,Kanav,Behl,YES,20,LEISURE,2,ONLINE,black,black,tone_3,olive+green
P6970,Gabriel,Ali,YES,5,LEISURE,1,ONLINE,blonde,blue,tone_3,blue
P6971,Mila,Malik,NO,1,BUSINESS,1,ONLINE,black_f,black,tone_4,red
P6972,Louis,Boateng,NO,1,LEISURE,1,ONLINE,black,blue,tone_4,blue
P6973,Santiago,Sow,NO,3,LEISURE,1,DESK,brunette,black,tone_6,blue
P6974,Aryan,Sharma,NO,2,SOLO,1,DESK,black,black,tone_5,blue
P6975,Jordan,Moreau,NO,1,LEISURE,1,KIOSK,black,blue,tone_4,red
P6976,Tao,Sanchez,NO,2,SOLO,1,KIOSK,blonde_f,blue,tone_6,olive+green
P6977,Sophia,Choi,NO,1,BUSINESS,1,KIOSK,brunette_f,blue,tone_4,suit
P6978,Eoin,Jung,NO,1,SOLO,1,DESK,black,blue,tone_4,suit
P6979,Amelia,Siddiqui,NO,1,LEISURE,1,KIOSK,brunette_f,blue,tone_4,red
P6980,Charlotte,Lopez,NO,1,LEISURE,2,ONLINE,brunette,blue,tone_1,suit
P6981,Adam,Sow,NO,1,SOLO,1,ONLINE,black,blue,tone_3,suit
P6982,Luca,Francis,YES,10,BUSINESS,1,ONLINE,blonde,blue,tone_3,red
P6983,Salma,Gill,NO,3,SOLO,0,ONLINE,blonde,blue,tone_6,olive+green
P6984,Hana,Leroy,NO,2,LEISURE,0,KIOSK,black,blue,tone_1,blue
P6985,Veer,Walsh,NO,1,LEISURE,1,ONLINE,black,blue,tone_3,red
P6986,Felix,Siddiqui,NO,2,BUSINESS,1,DESK,brunette,blue,tone_2,suit
P6987,Simran,Martinez,NO,1,LEISURE,1,KIOSK,blonde,blue,tone_5,suit
P6988,Sami,Carter,NO,1,SOLO,1,ONLINE,blonde_f,blue,tone_5,olive+green
P6989,Karim,Doyle,NO,1,SOLO,1,DESK,blonde,black,tone_4,suit
P6990,Trang,Hussain,NO,1,FAMILY,1,DESK,brunette,blue,tone_5,blue
P6991,Diya,Byrne,NO,2,FAMILY,2,ONLINE,black,black,tone_5,suit
P6992,Ronan,Zhang,NO,1,BUSINESS,0,DESK,black,blue,tone_1,olive+green
P6993,Ananya,Grant,NO,2,LEISURE,1,DESK,blonde,blue,tone_6,blue
P6994,Mia,Scott,NO,2,LEISURE,1,DESK,black,blue,tone_6,red
P6995,Marco,Leroy,NO,1,LEISURE,2,DESK,black,blue,tone_3,olive+green
P6996,Michael,Kaminski,NO,2,FAMILY,3,KIOSK,black_f,blue,tone_5,olive+green
P6997,Ade,Wisniewski,NO,1,SOLO,1,DESK,black,black,tone_2,suit
P6998,Oisin,Mensah,NO,2,BUSINESS,0,ONLINE,blonde,black,tone_5,olive+green
P6999,Oliver,Evans,NO,3,FAMILY,1,DESK,blonde,black,tone_3,red
P7000,Jules,Leroy,NO,2,BUSINESS,1,DESK,black,black,tone_3,olive+green
P7001,Kojo,Gallagher,NO,1,LEISURE,1,ONLINE,black,blue,tone_3,blue
P7002,Alejandro,Rao,NO,2,LEISURE,1,DESK,black_f,blue,tone_1,red
P7003,Chiara,Watson,NO,1,FAMILY,2,KIOSK,brunette_f,black,tone_4,suit
P7004,Manon,Kang,YES,8,LEISURE,0,DESK,blonde,black,tone_2,olive+green
P7005,Femi,Jones,NO,2,BUSINESS,1,ONLINE,black,black,tone_2,blue
P7006,Ren,Suzuki,NO,1,BUSINESS,0,ONLINE,black_f,black,tone_1,blue
P7007,Mai,White,NO,2,SOLO,1,DESK,blonde,black,tone_2,suit
P7008,Hugo,Bamba,NO,1,LEISURE,1,ONLINE,blonde,black,tone_4,red
P7009,Soyeon,Okafor,YES,10,LEISURE,1,ONLINE,brunette,black,tone_2,suit
P7010,Yuna,Camara,NO,1,LEISURE,1,KIOSK,blonde,black,tone_1,suit
P7011,Hana,Zhou,NO,2,BUSINESS,0,KIOSK,blonde_f,blue,tone_3,olive+green
P7012,Aditya,Scott,NO,2,FAMILY,2,DESK,black_f,black,tone_4,red
P7013,Hugo,Park,YES,9,LEISURE,0,ONLINE,blonde,black,tone_4,suit
P7014,Jakub,Esposito,YES,9,BUSINESS,1,ONLINE,brunette_f,blue,tone_6,suit
P7015,Sophie,Sandhu,NO,1,BUSINESS,1,KIOSK,brunette,black,tone_3,olive+green
P7016,Mateo,Ahmed,NO,1,LEISURE,0,DESK,blonde,black,tone_2,suit
P7017,Mariam,Clarke,NO,1,LEISURE,0,ONLINE,brunette,black,tone_5,red
P7018,Nathan,Huynh,NO,2,BUSINESS,1,ONLINE,blonde_f,blue,tone_4,suit
P7019,Sota,Shah,NO,2,LEISURE,1,DESK,black_f,blue,tone_3,olive+green
P7020,Nathan,Fofana,NO,2,LEISURE,1,KIOSK,brunette,black,tone_5,blue
P7021,Mila,Ahmed,NO,2,LEISURE,1,ONLINE,blonde,blue,tone_4,suit
P7022,Rin,Walsh,YES,8,BUSINESS,1,ONLINE,black_f,black,tone_6,olive+green
P7023,Marek,Mitchell,NO,2,BUSINESS,1,ONLINE,brunette_f,black,tone_6,blue
P7024,Simran,Thompson,NO,2,FAMILY,3,KIOSK,black_f,black,tone_5,olive+green
P7025,Greta,Sandhu,YES,8,FAMILY,3,KIOSK,blonde_f,black,tone_6,blue
P7026,Diego,Ferrari,NO,2,LEISURE,0,DESK,brunette,black,tone_2,red
P7027,Ruby,White,NO,2,BUSINESS,1,ONLINE,blonde,blue,tone_4,blue
P7028,Nari,Gray,NO,1,BUSINESS,1,KIOSK,black,blue,tone_5,suit
P7029,Chloe,Fofana,YES,9,LEISURE,2,ONLINE,brunette_f,black,tone_4,red
P7030,Isha,Martinez,NO,1,LEISURE,0,ONLINE,black,blue,tone_2,red
P7031,Tunde,Rodriguez,NO,1,LEISURE,1,ONLINE,black,black,tone_2,blue
P7032,Aryan,Fofana,NO,3,SOLO,1,KIOSK,black_f,black,tone_4,olive+green
P7033,Jacob,Esposito,NO,1,BUSINESS,0,DESK,brunette_f,black,tone_3,suit
P7034,Harpreet,Balogun,NO,2,SOLO,0,ONLINE,brunette,blue,tone_5,blue
P7035,Harriet,Phan,YES,5,SOLO,0,ONLINE,black_f,blue,tone_6,olive+green
P7036,Mia,Rahman,NO,3,LEISURE,0,KIOSK,blonde,blue,tone_4,suit
P7037,Camila,Kelly,YES,9,SOLO,2,KIOSK,black_f,blue,tone_3,red
P7038,Jun,Evans,NO,2,BUSINESS,1,ONLINE,black_f,black,tone_4,blue
P7039,Tariq,Brown,NO,2,LEISURE,1,ONLINE,blonde_f,black,tone_4,olive+green
P7040,Oliver,Singh,NO,1,SOLO,1,ONLINE,brunette_f,black,tone_1,olive+green
P7041,Jian,Romano,YES,5,LEISURE,1,DESK,black,black,tone_5,suit
P7042,Kiet,Reed,NO,1,LEISURE,1,ONLINE,brunette,black,tone_5,suit
P7043,Camille,Jones,NO,1,LEISURE,0,ONLINE,black_f,blue,tone_4,olive+green
P7044,Valentina,Moretti,NO,2,FAMILY,3,DESK,black_f,blue,tone_3,blue
P7045,Hassan,Taylor,NO,2,LEISURE,2,KIOSK,blonde,blue,tone_3,suit
P7046,Noah,Rodriguez,NO,1,LEISURE,1,DESK,brunette_f,black,tone_4,suit
P7047,Benjamin,Walker,NO,1,FAMILY,2,DESK,black,blue,tone_2,olive+green
P7048,Oliver,Mahmood,NO,1,FAMILY,2,KIOSK,black,black,tone_6,blue
P7049,Bao,Nwosu,YES,9,LEISURE,1,ONLINE,brunette_f,blue,tone_3,blue
P7050,Nia,Gupta,YES,6,BUSINESS,1,ONLINE,brunette_f,black,tone_2,red
P7051,Yuki,Grant,NO,3,LEISURE,0,KIOSK,blonde_f,blue,tone_3,suit
P7052,Molly,Malik,NO,3,LEISURE,1,DESK,black,blue,tone_1,blue
P7053,Riya,Singh,NO,2,FAMILY,1,KIOSK,black_f,black,tone_5,suit
P7054,Imani,Shah,YES,8,BUSINESS,0,ONLINE,black,black,tone_6,suit
P7055,Minji,Ferrari,NO,2,LEISURE,2,KIOSK,brunette,black,tone_2,suit
P7056,Akira,Malik,NO,1,LEISURE,1,KIOSK,brunette_f,black,tone_3,olive+green
P7057,Nia,Bianchi,NO,1,LEISURE,1,KIOSK,brunette_f,blue,tone_3,suit
P7058,Diya,Zhang,NO,1,LEISURE,1,ONLINE,brunette,black,tone_5,blue
P7059,Jun,Vu,NO,2,SOLO,1,KIOSK,black_f,blue,tone_6,olive+green
P7060,Noah,Li,NO,1,BUSINESS,0,DESK,black_f,blue,tone_5,blue
P7061,Mia,Nwosu,NO,2,FAMILY,2,DESK,blonde_f,blue,tone_6,suit
P7062,Sophie,Le,NO,2,FAMILY,2,ONLINE,brunette,black,tone_5,suit
P7063,Emily,Ali,NO,3,LEISURE,1,DESK,black_f,black,tone_6,red
P7064,Marco,Bamba,NO,2,LEISURE,0,ONLINE,brunette,black,tone_5,olive+green
P7065,Camila,Richards,YES,5,FAMILY,2,KIOSK,black_f,blue,tone_5,olive+green
P7066,Jordan,Choi,YES,10,LEISURE,2,KIOSK,black_f,black,tone_6,red
P7067,Jakub,Hussain,NO,1,BUSINESS,0,DESK,brunette,black,tone_5,olive+green
P7068,Chloe,Ali,NO,2,LEISURE,0,ONLINE,blonde,blue,tone_6,olive+green
P7069,Mila,Hussain,NO,2,LEISURE,1,DESK,brunette,black,tone_5,olive+green
P7070,Alfie,Zhou,YES,7,LEISURE,1,DESK,black_f,black,tone_6,olive+green
P7071,Lily,Choi,YES,6,SOLO,1,ONLINE,blonde_f,black,tone_4,suit
P7072,Noah,Francis,NO,2,FAMILY,2,KIOSK,brunette,blue,tone_6,suit
P7073,Tomasz,Lopez,YES,6,LEISURE,1,ONLINE,blonde_f,black,tone_3,suit
P7074,Isla,Zhang,NO,1,LEISURE,0,KIOSK,blonde_f,blue,tone_2,blue
P7075,Nathan,Martinez,NO,1,FAMILY,3,KIOSK,brunette,black,tone_6,red
P7076,Ibrahim,Sharma,NO,1,FAMILY,2,DESK,brunette,black,tone_1,blue
P7077,Priya,Ali,NO,1,FAMILY,2,DESK,blonde,black,tone_3,olive+green
P7078,Zain,Grant,YES,8,LEISURE,1,ONLINE,black,black,tone_2,olive+green
P7079,Faris,Garcia,NO,2,SOLO,1,KIOSK,blonde,blue,tone_1,blue
P7080,Amina,Huynh,NO,2,LEISURE,1,ONLINE,brunette_f,black,tone_6,olive+green
P7081,Sophia,Ruiz,NO,2,LEISURE,1,ONLINE,black,blue,tone_1,red
P7082,Ava,Wilson,NO,3,LEISURE,1,DESK,blonde_f,black,tone_1,olive+green
P7083,Arjun,Nowak,YES,7,LEISURE,0,ONLINE,blonde_f,blue,tone_6,blue
P7084,Krish,Yoon,NO,1,LEISURE,1,DESK,blonde_f,black,tone_1,blue
P7085,Giulia,Wisniewski,NO,1,LEISURE,1,ONLINE,brunette,black,tone_2,blue
P7086,Molly,Kim,YES,9,FAMILY,2,DESK,blonde,black,tone_6,olive+green
P7087,Alex,Khan,NO,1,BUSINESS,1,ONLINE,blonde_f,black,tone_5,olive+green
P7088,Evie,Muller,NO,3,LEISURE,1,ONLINE,brunette,blue,tone_2,suit
P7089,Soyeon,Parker,NO,1,FAMILY,1,DESK,brunette,blue,tone_5,olive+green
P7090,Hannah,Rao,NO,3,BUSINESS,1,ONLINE,brunette_f,black,tone_5,blue
P7091,Zuri,Gray,NO,1,BUSINESS,1,ONLINE,brunette,blue,tone_3,olive+green
P7092,Minho,Brown,NO,3,FAMILY,2,KIOSK,blonde,blue,tone_2,olive+green
P7093,Charlie,Green,NO,1,FAMILY,3,DESK,black,blue,tone_3,blue
P7094,Isha,Okafor,NO,2,LEISURE,1,ONLINE,brunette_f,black,tone_2,olive+green
P7095,Linh,Hall,NO,1,FAMILY,3,DESK,black_f,blue,tone_4,red
P7096,Emeka,Young,YES,5,LEISURE,1,ONLINE,brunette,blue,tone_4,blue
P7097,Nia,Gallagher,YES,8,FAMILY,2,DESK,black,black,tone_2,suit
P7098,Sota,Lopez,NO,2,BUSINESS,1,KIOSK,brunette,blue,tone_4,red
P7099,Jakub,Leroy,NO,1,SOLO,1,ONLINE,blonde_f,blue,tone_6,red
P7100,Niklas,Bamba,NO,3,LEISURE,1,DESK,blonde_f,blue,tone_2,suit
P7101,Mila,Richards,YES,9,FAMILY,3,ONLINE,blonde_f,blue,tone_2,blue
P7102,Santiago,Yamamoto,NO,1,LEISURE,1,ONLINE,brunette,black,tone_6,olive+green
P7103,Louis,Shah,NO,3,LEISURE,1,ONLINE,brunette,blue,tone_1,olive+green
P7104,Mateo,Bui,NO,2,FAMILY,2,KIOSK,blonde,blue,tone_2,olive+green
P7105,Linh,Nguyen,NO,1,LEISURE,2,ONLINE,blonde_f,blue,tone_2,suit
P7106,Muhammad,Sidhu,NO,1,LEISURE,1,ONLINE,black_f,black,tone_3,blue
P7107,Luca,Watson,NO,2,SOLO,1,ONLINE,black,black,tone_2,blue
P7108,Dev,Vu,NO,1,BUSINESS,0,ONLINE,black_f,blue,tone_5,suit
P7109,Emily,Gomez,NO,1,LEISURE,0,ONLINE,black_f,blue,tone_6,red
P7110,Imran,Akhtar,NO,2,SOLO,2,KIOSK,black,black,tone_6,suit
P7111,Gabriel,Dubois,NO,3,LEISURE,1,ONLINE,brunette,black,tone_3,olive+green
P7112,Jisoo,Wisniewski,NO,2,FAMILY,2,ONLINE,brunette,black,tone_2,suit
P7113,Daichi,Iyer,NO,1,LEISURE,2,KIOSK,black,black,tone_2,olive+green
P7114,Arjun,Stewart,YES,8,BUSINESS,1,ONLINE,brunette,blue,tone_1,red
P7115,Mei,Grant,NO,1,BUSINESS,1,ONLINE,black_f,blue,tone_4,suit
P7116,Oscar,Ali,NO,3,FAMILY,2,DESK,blonde,black,tone_1,suit
P7117,Luca,Adeyemi,NO,1,FAMILY,3,DESK,black,black,tone_4,red
P7118,Jisoo,Eze,NO,2,FAMILY,2,DESK,brunette,blue,tone_5,red
P7119,Tao,Hussain,NO,1,SOLO,1,ONLINE,black,blue,tone_5,olive+green
P7120,Aanya,Phan,NO,1,BUSINESS,0,ONLINE,brunette_f,blue,tone_1,suit
P7121,Mia,Bailey,YES,10,BUSINESS,0,ONLINE,brunette,blue,tone_3,blue
P7122,Isla,Mahmood,NO,2,LEISURE,1,DESK,black_f,black,tone_2,red
P7123,Sophie,Nowak,NO,1,BUSINESS,0,KIOSK,black,blue,tone_5,blue
P7124,Wei,Evans,YES,6,BUSINESS,1,ONLINE,black_f,black,tone_2,blue
P7125,Jonas,Gray,NO,3,BUSINESS,1,KIOSK,black,black,tone_5,suit
P7126,Aoife,Byrne,NO,1,SOLO,1,ONLINE,black,black,tone_1,suit
P7127,Manon,Patel,NO,1,FAMILY,2,KIOSK,brunette_f,black,tone_1,suit
P7128,Quang,Moretti,NO,2,FAMILY,2,KIOSK,brunette,blue,tone_3,suit
P7129,Mia,Esposito,NO,1,FAMILY,2,DESK,blonde_f,black,tone_2,olive+green
P7130,Rahul,Malhotra,NO,1,LEISURE,2,KIOSK,brunette,blue,tone_2,olive+green
P7131,Aarav,Stewart,NO,1,LEISURE,1,DESK,black_f,blue,tone_2,olive+green
P7132,Jelani,O'Brien,YES,8,LEISURE,1,DESK,black,black,tone_6,blue
P7133,Sophie,Verma,YES,7,LEISURE,1,KIOSK,blonde,black,tone_6,olive+green
P7134,Hugo,Ahmed,YES,6,LEISURE,0,KIOSK,black,black,tone_1,olive+green
P7135,Daichi,Howard,NO,1,SOLO,0,ONLINE,brunette,black,tone_1,suit
P7136,Emily,Fischer,NO,1,FAMILY,3,DESK,brunette_f,black,tone_3,olive+green
P7137,Sebastian,Sandhu,NO,3,BUSINESS,1,KIOSK,black,black,tone_2,red
P7138,Muhammad,Jimenez,YES,5,BUSINESS,1,ONLINE,brunette,black,tone_5,red
P7139,Luca,Patel,NO,1,LEISURE,1,DESK,black_f,black,tone_6,suit
P7140,Theo,Siddiqui,NO,2,FAMILY,2,DESK,blonde,black,tone_4,olive+green
P7141,Lena,Okafor,YES,8,LEISURE,1,KIOSK,brunette,blue,tone_1,olive+green
P7142,Yusuf,Kelly,NO,1,BUSINESS,1,KIOSK,brunette,black,tone_2,olive+green
P7143,Isabella,Chen,NO,2,LEISURE,0,ONLINE,blonde,blue,tone_6,olive+green
P7144,Jelani,Gill,NO,1,LEISURE,1,ONLINE,black_f,black,tone_4,red
P7145,Aryan,Chen,YES,6,LEISURE,1,ONLINE,blonde_f,blue,tone_6,red
P7146,Ruby,Zhou,NO,2,LEISURE,0,DESK,black_f,black,tone_6,red
P7147,Riya,Bui,YES,8,BUSINESS,0,ONLINE,blonde_f,black,tone_3,red
P7148,Quang,Kapoor,NO,2,BUSINESS,1,ONLINE,black_f,black,tone_2,blue
P7149,Bilal,Ruiz,NO,3,LEISURE,2,KIOSK,brunette_f,blue,tone_1,suit
P7150,Rahul,Boateng,NO,1,FAMILY,2,ONLINE,black,black,tone_6,blue
P7151,Zofia,Byrne,NO,2,BUSINESS,1,ONLINE,blonde_f,black,tone_2,olive+green
P7152,Noor,Liu,NO,3,SOLO,0,DESK,blonde_f,black,tone_5,suit
P7153,Reyansh,Zhang,NO,1,LEISURE,1,ONLINE,blonde,blue,tone_4,suit
P7154,Nathan,Saleh,YES,7,LEISURE,1,KIOSK,brunette_f,black,tone_5,red
P7155,Amina,Robinson,NO,1,LEISURE,0,DESK,blonde,black,tone_5,blue
P7156,Jelani,Francis,NO,2,LEISURE,0,KIOSK,blonde,blue,tone_1,olive+green
P7157,Molly,Nwosu,NO,2,BUSINESS,1,ONLINE,blonde_f,blue,tone_2,blue
P7158,Riya,Keita,NO,1,BUSINESS,1,ONLINE,black,blue,tone_3,suit
P7159,Emily,Ahmed,YES,8,SOLO,1,DESK,brunette,blue,tone_6,red
P7160,Niamh,Anderson,NO,3,FAMILY,2,DESK,black_f,black,tone_4,red
P7161,Ibrahim,Agyeman,NO,2,BUSINESS,0,ONLINE,blonde,blue,tone_2,red
P7162,Aiko,Le,NO,1,FAMILY,2,KIOSK,brunette_f,blue,tone_5,red
P7163,Emily,Bernard,NO,1,SOLO,1,KIOSK,blonde,black,tone_3,suit
P7164,Hannah,Kim,NO,1,BUSINESS,0,ONLINE,blonde_f,blue,tone_2,blue
P7165,Tariq,Saleh,NO,2,FAMILY,3,DESK,brunette,blue,tone_5,olive+green
P7166,Chloe,White,NO,1,BUSINESS,0,ONLINE,black_f,black,tone_6,olive+green
P7167,Akira,Ali,YES,5,LEISURE,1,DESK,blonde_f,black,tone_2,red
P7168,Ming,Ruiz,NO,3,LEISURE,0,KIOSK,brunette_f,black,tone_3,suit
P7169,Sota,Byrne,NO,1,SOLO,2,ONLINE,brunette_f,blue,tone_4,suit
P7170,Linh,Mansour,NO,1,LEISURE,2,ONLINE,blonde_f,blue,tone_3,blue
P7171,Marek,Watson,NO,2,LEISURE,1,ONLINE,black_f,blue,tone_3,olive+green
P7172,Krish,Lee,NO,2,LEISURE,1,ONLINE,black_f,black,tone_5,red
P7173,Ngozi,Mitchell,NO,1,LEISURE,2,ONLINE,black,blue,tone_1,blue
P7174,Veer,Joshi,NO,2,FAMILY,3,DESK,black_f,blue,tone_4,suit
P7175,Cameron,Thomas,NO,3,BUSINESS,0,KIOSK,blonde,blue,tone_6,red
P7176,Joon,Pham,NO,1,BUSINESS,2,KIOSK,brunette,blue,tone_3,suit
P7177,Salma,Malik,NO,1,LEISURE,0,ONLINE,brunette_f,blue,tone_1,blue
P7178,Kiet,Rahman,NO,1,BUSINESS,1,DESK,brunette,black,tone_6,red
P7179,Manpreet,Bose,NO,1,SOLO,2,ONLINE,blonde,black,tone_2,olive+green
P7180,Kiet,Jones,NO,2,FAMILY,2,DESK,brunette_f,black,tone_6,blue
P7181,Morgan,Russell,NO,3,FAMILY,3,DESK,black_f,black,tone_2,suit
P7182,Samar,Ahmed,YES,5,BUSINESS,1,ONLINE,black_f,blue,tone_6,suit
P7183,Taylor,Schneider,NO,2,LEISURE,1,KIOSK,brunette_f,black,tone_4,red
P7184,Michael,Kapoor,YES,9,LEISURE,0,DESK,blonde,blue,tone_2,olive+green
P7185,Sophie,Park,NO,1,LEISURE,0,DESK,blonde_f,black,tone_4,red
P7186,Diego,Ito,NO,2,BUSINESS,0,ONLINE,brunette_f,black,tone_1,olive+green
P7187,Phoebe,Murphy,NO,1,LEISURE,1,DESK,brunette,blue,tone_3,red
P7188,Orla,Doyle,YES,9,LEISURE,1,KIOSK,blonde,blue,tone_2,blue
P7189,Ishaan,Muller,YES,7,SOLO,1,KIOSK,brunette,blue,tone_6,red
P7190,Dev,Lopez,NO,3,BUSINESS,0,KIOSK,black,black,tone_6,olive+green
P7191,Mei,Dhillon,NO,2,LEISURE,1,DESK,blonde_f,black,tone_6,suit
P7192,Gurpreet,Ricci,NO,1,BUSINESS,0,KIOSK,brunette,blue,tone_5,blue
P7193,Ayaan,Liu,NO,3,BUSINESS,0,KIOSK,black,blue,tone_6,red
P7194,Benjamin,Malik,NO,1,FAMILY,2,KIOSK,black_f,black,tone_3,suit
P7195,Jian,Vu,NO,1,LEISURE,2,ONLINE,brunette_f,black,tone_5,blue
P7196,Daichi,Carter,YES,6,BUSINESS,1,ONLINE,blonde_f,blue,tone_3,suit
P7197,Kwame,Gill,NO,1,FAMILY,2,DESK,brunette,blue,tone_3,red
P7198,Niamh,Gill,NO,2,BUSINESS,1,ONLINE,brunette,black,tone_5,olive+green
P7199,Avery,Baker,NO,2,SOLO,1,KIOSK,black,blue,tone_2,blue
P7200,Jacob,Nowak,NO,1,LEISURE,1,ONLINE,black,black,tone_5,suit
P7201,Hugo,Sanchez,NO,2,BUSINESS,1,KIOSK,blonde,black,tone_5,olive+green
P7202,Declan,Vu,NO,2,FAMILY,3,DESK,black,black,tone_3,olive+green
P7203,Rohan,Byrne,YES,10,LEISURE,0,ONLINE,black_f,black,tone_5,suit
P7204,Tomasz,Jimenez,NO,1,LEISURE,1,DESK,brunette_f,black,tone_4,suit
P7205,Nathan,Bose,NO,1,LEISURE,1,ONLINE,black,blue,tone_5,olive+green
P7206,Gabriel,Bianchi,NO,3,LEISURE,1,ONLINE,black,black,tone_5,red
P7207,Kenji,Chopra,YES,6,LEISURE,1,DESK,brunette,blue,tone_5,red
P7208,Yuna,Young,NO,3,FAMILY,2,KIOSK,brunette_f,blue,tone_3,suit
P7209,Ming,Zhou,NO,1,LEISURE,1,ONLINE,blonde_f,black,tone_1,suit
P7210,Jun,Suzuki,NO,2,LEISURE,0,DESK,brunette,blue,tone_6,blue
P7211,Minji,Parker,NO,3,BUSINESS,0,ONLINE,black_f,blue,tone_4,suit
P7212,Mariam,Mensah,NO,1,BUSINESS,2,ONLINE,blonde_f,blue,tone_4,suit
P7213,Vivaan,Ali,NO,1,LEISURE,1,KIOSK,brunette,blue,tone_1,red
P7214,Tao,Takahashi,YES,8,BUSINESS,0,ONLINE,black_f,blue,tone_2,olive+green
P7215,Kojo,Xu,YES,6,FAMILY,1,KIOSK,black,blue,tone_6,olive+green
P7216,Giulia,Choi,NO,1,FAMILY,1,KIOSK,black,black,tone_4,blue
P7217,Ananya,Robinson,NO,1,FAMILY,1,DESK,blonde_f,blue,tone_4,red
P7218,Ayana,Tran,YES,9,FAMILY,3,DESK,black_f,blue,tone_3,suit
P7219,Jonas,Roberts,NO,1,BUSINESS,0,ONLINE,black_f,blue,tone_5,olive+green
P7220,Mateo,Russell,NO,1,LEISURE,1,ONLINE,brunette_f,black,tone_1,olive+green
P7221,Avery,Grant,NO,1,FAMILY,3,ONLINE,blonde,blue,tone_2,olive+green
P7222,Gabriel,Green,NO,2,BUSINESS,0,ONLINE,blonde,black,tone_4,blue
P7223,Hugo,Wu,NO,1,LEISURE,0,DESK,blonde,blue,tone_3,blue
P7224,Chidi,Dhillon,YES,7,LEISURE,2,ONLINE,black_f,blue,tone_3,olive+green
P7225,Johanna,Kang,NO,1,LEISURE,2,ONLINE,blonde_f,black,tone_3,olive+green
P7226,Gurleen,Scott,YES,6,LEISURE,2,KIOSK,blonde_f,black,tone_5,red
P7227,Kabir,Bernard,NO,2,LEISURE,2,KIOSK,blonde_f,black,tone_2,olive+green
P7228,Georgia,Reed,NO,1,LEISURE,1,DESK,brunette_f,blue,tone_1,blue
P7229,Kofi,Ryan,NO,1,LEISURE,1,ONLINE,blonde_f,black,tone_4,blue
P7230,Cameron,Moreau,NO,1,LEISURE,1,DESK,black_f,black,tone_5,red
P7231,Sam,Zielinski,NO,3,LEISURE,0,DESK,blonde,black,tone_3,olive+green
P7232,Alex,Russell,NO,1,LEISURE,1,ONLINE,black,blue,tone_5,olive+green
P7233,Gabriel,Bailey,NO,2,BUSINESS,0,ONLINE,black,blue,tone_1,suit
P7234,Samar,Lee,NO,2,LEISURE,1,KIOSK,brunette_f,black,tone_4,blue
P7235,Nhi,Bose,NO,1,LEISURE,1,DESK,brunette_f,blue,tone_4,suit
P7236,Bao,Asante,NO,3,LEISURE,1,ONLINE,blonde_f,blue,tone_5,blue
P7237,Charlotte,Johnson,NO,1,BUSINESS,1,ONLINE,black_f,blue,tone_6,olive+green
P7238,Noah,Roberts,NO,1,LEISURE,1,KIOSK,black_f,black,tone_3,red
P7239,Sakura,Mitchell,YES,8,FAMILY,2,DESK,blonde_f,black,tone_6,red
P7240,Nia,Ali,NO,2,BUSINESS,0,ONLINE,black,blue,tone_3,olive+green
P7241,Olivia,Lopez,NO,3,BUSINESS,1,ONLINE,black_f,black,tone_2,olive+green
P7242,Kojo,Baker,NO,1,SOLO,1,DESK,brunette,black,tone_5,suit
P7243,Nisha,Gray,NO,2,FAMILY,2,ONLINE,black_f,black,tone_1,red
P7244,Valentina,Zhou,NO,3,LEISURE,1,DESK,black_f,black,tone_1,blue
P7245,Amara,Kim,NO,1,LEISURE,1,ONLINE,blonde_f,black,tone_4,blue
P7246,David,Takahashi,NO,1,BUSINESS,0,DESK,brunette,blue,tone_1,suit
P7247,Zain,Carter,NO,1,LEISURE,1,KIOSK,black_f,blue,tone_2,suit
P7248,Isabella,Moretti,NO,1,SOLO,1,ONLINE,blonde_f,black,tone_3,blue
P7249,Nadia,Iyer,NO,2,LEISURE,1,DESK,black_f,blue,tone_2,red
P7250,Santiago,Wang,NO,1,BUSINESS,1,ONLINE,brunette_f,black,tone_1,blue
P7251,Felix,Malik,NO,3,FAMILY,3,KIOSK,black_f,black,tone_1,blue
P7252,Leon,Akhtar,NO,1,LEISURE,1,KIOSK,blonde_f,black,tone_3,red
P7253,Morgan,Nasser,NO,1,FAMILY,1,ONLINE,black,black,tone_6,olive+green
P7254,Hannah,Ali,NO,3,FAMILY,1,KIOSK,black,blue,tone_1,suit
P7255,Sakura,Williams,NO,2,LEISURE,1,ONLINE,brunette_f,blue,tone_4,olive+green
P7256,Molly,Walsh,NO,2,BUSINESS,1,ONLINE,brunette_f,black,tone_1,suit
P7257,Jian,Gallagher,YES,7,LEISURE,1,DESK,black_f,black,tone_2,red
P7258,Ama,Bamba,NO,2,SOLO,1,ONLINE,blonde,black,tone_2,olive+green
P7259,Kwame,Dhillon,NO,1,SOLO,1,KIOSK,black_f,black,tone_2,olive+green
P7260,Haruto,Owusu,NO,1,LEISURE,1,DESK,blonde_f,blue,tone_6,red
P7261,Soyeon,Boateng,NO,3,LEISURE,2,DESK,black,blue,tone_4,blue
P7262,Lena,Sharma,NO,1,LEISURE,0,DESK,black_f,blue,tone_4,red
P7263,Camille,Lee,NO,3,LEISURE,1,KIOSK,black,black,tone_4,red
P7264,Alejandro,Zhou,NO,1,LEISURE,1,ONLINE,brunette_f,black,tone_6,red
P7265,Hana,Muller,NO,2,LEISURE,1,KIOSK,brunette_f,blue,tone_6,red
P7266,Adam,Patel,NO,2,SOLO,1,KIOSK,blonde,black,tone_2,olive+green
P7267,Aditya,Doyle,NO,3,LEISURE,1,DESK,brunette_f,blue,tone_4,red
P7268,Faris,Clarke,NO,3,LEISURE,1,ONLINE,black_f,black,tone_3,red
P7269,Nadia,Khan,NO,1,LEISURE,2,KIOSK,blonde_f,black,tone_3,blue
P7270,Ruby,Gill,NO,2,SOLO,1,ONLINE,brunette,blue,tone_5,olive+green
P7271,Hassan,Reddy,YES,10,LEISURE,2,ONLINE,blonde_f,black,tone_6,red
P7272,Morgan,Davies,NO,1,LEISURE,0,KIOSK,black,blue,tone_6,red
P7273,Alex,Francis,NO,1,SOLO,1,DESK,brunette,blue,tone_5,red
P7274,Aaliyah,Vu,NO,2,LEISURE,2,DESK,brunette,blue,tone_3,red
P7275,Jisoo,Ito,NO,2,SOLO,1,KIOSK,blonde_f,black,tone_5,red
P7276,Adwoa,Foster,NO,2,LEISURE,1,KIOSK,brunette,blue,tone_3,suit
P7277,Kiet,Tran,YES,10,LEISURE,2,ONLINE,black_f,black,tone_2,olive+green
P7278,Camila,Sow,NO,1,SOLO,0,ONLINE,black,blue,tone_2,olive+green
P7279,Morgan,Mensah,NO,3,BUSINESS,0,KIOSK,brunette_f,blue,tone_2,blue
P7280,Samar,Nasser,NO,2,FAMILY,3,KIOSK,blonde,black,tone_5,olive+green
P7281,Hamza,Romano,NO,2,LEISURE,1,KIOSK,blonde,black,tone_3,olive+green
P7282,Aaliyah,Kaminski,NO,1,LEISURE,0,KIOSK,black_f,black,tone_3,red
P7283,Emily,Smith,NO,1,FAMILY,2,DESK,black,black,tone_6,red
P7284,Maeve,Nasser,NO,1,SOLO,1,KIOSK,black,black,tone_2,blue
P7285,Jonas,Foster,NO,2,LEISURE,1,KIOSK,black_f,black,tone_6,red
P7286,Aarav,Wang,NO,3,LEISURE,1,ONLINE,blonde,black,tone_3,blue
P7287,Ishaan,Zhou,NO,3,LEISURE,1,DESK,brunette,blue,tone_1,suit
P7288,Chloe,Iqbal,NO,2,BUSINESS,0,DESK,brunette_f,blue,tone_1,olive+green
P7289,Vivaan,Lee,NO,3,FAMILY,2,DESK,blonde_f,black,tone_4,suit
P7290,Charlie,Verma,NO,2,BUSINESS,1,KIOSK,black,blue,tone_3,suit
P7291,Isabella,Moreau,NO,1,SOLO,0,KIOSK,blonde_f,black,tone_1,olive+green
P7292,Marek,Kang,NO,1,SOLO,1,DESK,black,black,tone_5,red
P7293,Emily,Bennett,NO,1,FAMILY,2,KIOSK,black,black,tone_6,red
P7294,Kacper,Jung,NO,1,SOLO,1,DESK,blonde,black,tone_1,suit
P7295,Alex,Adams,NO,1,BUSINESS,1,ONLINE,blonde_f,black,tone_3,olive+green
P7296,Aiko,Jung,NO,1,BUSINESS,1,KIOSK,black,blue,tone_3,blue
P7297,Anh,Lee,NO,1,LEISURE,0,KIOSK,brunette_f,blue,tone_2,blue
P7298,Nathan,Kim,YES,10,LEISURE,1,DESK,black_f,black,tone_1,blue
P7299,Riley,Phan,NO,2,LEISURE,1,KIOSK,black,black,tone_2,red
P7300,Nari,Walker,NO,2,FAMILY,1,DESK,black_f,blue,tone_6,blue
P7301,Charlie,Le,NO,1,LEISURE,1,ONLINE,blonde_f,blue,tone_5,red
P7302,Ahmed,Sharma,NO,1,SOLO,1,DESK,black_f,blue,tone_1,blue
P7303,Jakub,Rossi,YES,10,BUSINESS,0,KIOSK,brunette,blue,tone_1,red
P7304,Rahul,Le,YES,10,LEISURE,1,DESK,blonde_f,black,tone_3,blue
P7305,Ava,Khan,NO,1,LEISURE,1,DESK,black,blue,tone_6,red
P7306,Camille,Howard,NO,2,BUSINESS,2,ONLINE,brunette_f,black,tone_4,red
P7307,Sakura,Asante,YES,7,FAMILY,2,DESK,brunette_f,black,tone_2,blue
P7308,Amrit,Wilson,NO,2,LEISURE,1,ONLINE,black_f,blue,tone_2,suit
P7309,Ruby,Bose,NO,1,SOLO,0,ONLINE,brunette_f,blue,tone_5,olive+green
P7310,Alfie,Fofana,NO,1,BUSINESS,1,KIOSK,brunette,black,tone_3,olive+green
P7311,Hugo,Gupta,NO,2,LEISURE,1,ONLINE,blonde_f,blue,tone_4,olive+green
P7312,Sami,Yang,YES,9,LEISURE,0,KIOSK,black_f,black,tone_3,suit
P7313,Ishaan,Nguyen,NO,2,BUSINESS,2,ONLINE,brunette,black,tone_4,olive+green
P7314,Amelia,Brar,NO,1,BUSINESS,0,ONLINE,black_f,blue,tone_4,red
P7315,Hana,Wilson,NO,2,LEISURE,1,KIOSK,blonde_f,blue,tone_6,red
P7316,Kenji,Brown,NO,2,LEISURE,2,ONLINE,brunette_f,black,tone_1,red
P7317,Aryan,Young,NO,1,LEISURE,1,ONLINE,blonde,black,tone_2,blue
P7318,Declan,Leroy,NO,3,FAMILY,2,DESK,brunette_f,blue,tone_6,olive+green
P7319,Jonas,Eze,NO,2,LEISURE,1,ONLINE,blonde,black,tone_4,olive+green
P7320,Ming,Ryan,NO,2,FAMILY,2,DESK,brunette,black,tone_6,blue
P7321,Tunde,Nair,YES,10,BUSINESS,1,ONLINE,brunette,black,tone_1,olive+green
P7322,Haruto,Esposito,NO,2,SOLO,1,ONLINE,black,blue,tone_1,suit
P7323,Giulia,Wright,NO,1,FAMILY,1,ONLINE,black_f,black,tone_3,blue
P7324,Neil,Khalil,NO,1,LEISURE,1,ONLINE,black,blue,tone_5,olive+green
P7325,Santiago,Camara,NO,1,FAMILY,1,DESK,blonde,blue,tone_2,red
P7326,Maeve,Reddy,NO,1,LEISURE,1,ONLINE,blonde,black,tone_5,red
P7327,Alejandro,Kapoor,NO,2,FAMILY,3,KIOSK,blonde,black,tone_5,suit
P7328,Mariam,Nguyen,NO,1,LEISURE,0,ONLINE,brunette_f,blue,tone_3,olive+green
P7329,Adam,Wu,NO,3,FAMILY,2,ONLINE,black_f,blue,tone_6,olive+green
P7330,Gabriel,Xu,NO,1,FAMILY,3,KIOSK,black,black,tone_6,olive+green
P7331,Ananya,Reed,NO,2,SOLO,1,ONLINE,blonde_f,black,tone_5,red
P7332,Rin,Watanabe,YES,10,LEISURE,1,KIOSK,blonde_f,blue,tone_2,red
P7333,Imani,Brown,NO,1,BUSINESS,1,ONLINE,black,blue,tone_4,olive+green
P7334,Sakura,Wisniewski,NO,2,LEISURE,2,KIOSK,brunette_f,black,tone_2,suit
P7335,Luca,Muller,NO,1,LEISURE,2,ONLINE,blonde,black,tone_4,suit
P7336,Avery,Iyer,NO,2,FAMILY,2,DESK,brunette_f,blue,tone_3,suit
P7337,Yusuf,Khalil,NO,2,LEISURE,1,KIOSK,black,blue,tone_3,olive+green
P7338,Tunde,Ahmed,NO,2,LEISURE,2,DESK,black_f,blue,tone_2,blue
P7339,Jisoo,Ferrari,NO,1,SOLO,1,ONLINE,blonde_f,black,tone_1,olive+green
P7340,Harriet,Mensah,NO,2,SOLO,1,KIOSK,brunette_f,black,tone_6,blue
P7341,Samir,Smith,NO,1,FAMILY,2,DESK,black,black,tone_3,olive+green
P7342,Mandeep,White,NO,2,FAMILY,3,DESK,black,blue,tone_1,blue
P7343,Kacper,Phan,NO,1,BUSINESS,1,ONLINE,blonde,blue,tone_4,red
P7344,Manon,Bailey,NO,1,FAMILY,2,ONLINE,black,blue,tone_2,blue
P7345,Declan,Watson,NO,2,BUSINESS,0,ONLINE,brunette,black,tone_4,olive+green
P7346,Hyejin,Gallagher,NO,1,LEISURE,1,KIOSK,blonde_f,black,tone_1,blue
P7347,Violet,Saleh,NO,2,FAMILY,2,ONLINE,black_f,blue,tone_1,suit
P7348,Hao,Dang,NO,2,BUSINESS,1,ONLINE,blonde_f,blue,tone_2,olive+green
P7349,Kwame,Murphy,NO,2,LEISURE,0,DESK,blonde_f,black,tone_3,red
P7350,Emeka,Kaminski,NO,1,FAMILY,3,DESK,brunette,black,tone_5,suit
P7351,Nisha,Romano,NO,2,SOLO,1,KIOSK,blonde,blue,tone_4,blue
P7352,Veer,Weber,NO,1,SOLO,1,KIOSK,black_f,blue,tone_4,suit
P7353,Neil,Bianchi,NO,1,BUSINESS,2,ONLINE,black,black,tone_2,blue
P7354,Minho,Kone,NO,1,LEISURE,1,DESK,blonde_f,black,tone_5,olive+green
P7355,Leo,Jung,NO,1,BUSINESS,1,ONLINE,black_f,blue,tone_4,blue
P7356,Jordan,Bamba,NO,2,BUSINESS,1,DESK,black,blue,tone_5,blue
P7357,Matteo,Wu,NO,3,BUSINESS,0,DESK,blonde,black,tone_3,olive+green
P7358,Ayaan,Haddad,YES,9,LEISURE,1,ONLINE,brunette,black,tone_6,red
P7359,Yusuf,Williams,NO,1,SOLO,1,ONLINE,blonde_f,black,tone_1,blue
P7360,Marco,Stewart,NO,2,FAMILY,3,ONLINE,black,blue,tone_2,red
P7361,Mia,Hall,NO,2,LEISURE,1,KIOSK,black_f,black,tone_2,red
P7362,Bethany,Wang,NO,2,FAMILY,3,DESK,blonde,black,tone_4,olive+green
P7363,Cian,Bailey,NO,1,BUSINESS,0,ONLINE,blonde,blue,tone_4,red
P7364,Nathan,Kone,YES,10,BUSINESS,1,ONLINE,black,black,tone_2,olive+green
P7365,Minho,Yang,YES,5,SOLO,1,DESK,blonde,blue,tone_6,olive+green
P7366,Jacob,Gupta,NO,1,BUSINESS,0,ONLINE,black_f,blue,tone_4,suit
P7367,Jisoo,Kaminski,NO,2,LEISURE,1,DESK,blonde_f,black,tone_5,blue
P7368,Manpreet,Adeyemi,NO,1,FAMILY,2,KIOSK,black,blue,tone_5,blue
P7369,Simran,Lee,NO,2,FAMILY,3,ONLINE,black_f,black,tone_6,suit
P7370,Nari,Mahmood,NO,2,LEISURE,1,ONLINE,blonde_f,black,tone_5,olive+green
P7371,Alfie,Owusu,NO,3,FAMILY,2,DESK,black_f,blue,tone_1,red
P7372,Daichi,Choi,YES,6,FAMILY,2,DESK,black_f,black,tone_3,red
P7373,Alejandro,Suzuki,NO,2,BUSINESS,1,ONLINE,brunette,black,tone_6,blue
P7374,Valentina,Le,NO,1,LEISURE,1,DESK,brunette,black,tone_3,suit
P7375,Zofia,Park,NO,2,FAMILY,1,DESK,brunette,blue,tone_4,blue
P7376,Vivaan,Romano,NO,2,FAMILY,3,DESK,brunette_f,blue,tone_4,olive+green
P7377,Tomasz,Li,NO,1,LEISURE,0,KIOSK,black,blue,tone_1,suit
P7378,Linh,Schneider,YES,8,SOLO,2,ONLINE,blonde,black,tone_3,suit
P7379,Navdeep,Schneider,YES,8,SOLO,2,ONLINE,blonde,black,tone_2,olive+green
P7380,Diego,Balogun,NO,2,BUSINESS,0,ONLINE,black,blue,tone_3,suit
P7381,Krish,Malik,NO,3,BUSINESS,0,ONLINE,blonde,blue,tone_1,suit
P7382,Navdeep,Malhotra,NO,1,FAMILY,3,DESK,brunette_f,blue,tone_2,suit
P7383,Bethany,Rahman,NO,2,BUSINESS,1,ONLINE,blonde,blue,tone_4,red
P7384,Amelia,Dubois,NO,1,LEISURE,0,DESK,black_f,black,tone_4,red
P7385,Vihaan,Sharma,NO,2,LEISURE,1,KIOSK,black_f,black,tone_4,suit
P7386,Zofia,Conti,NO,2,LEISURE,1,DESK,blonde_f,blue,tone_3,suit
P7387,Alejandro,Tanaka,NO,2,LEISURE,2,DESK,black,blue,tone_1,blue
P7388,Aiko,Kaminski,NO,2,LEISURE,2,ONLINE,black_f,black,tone_1,olive+green
P7389,Zuri,Byrne,NO,2,SOLO,1,KIOSK,blonde,blue,tone_3,suit
P7390,Anja,Leroy,YES,10,FAMILY,1,DESK,black,blue,tone_2,red
P7391,Hyejin,Yoon,NO,1,LEISURE,1,DESK,brunette_f,black,tone_3,blue
P7392,Tariq,Adeyemi,NO,2,BUSINESS,1,ONLINE,brunette,black,tone_2,suit
P7393,Amara,Balogun,NO,2,LEISURE,0,DESK,brunette_f,black,tone_2,red
P7394,Jamie,Asante,YES,10,LEISURE,2,DESK,brunette_f,black,tone_6,red
P7395,Adam,Owusu,NO,2,LEISURE,2,DESK,blonde,blue,tone_5,olive+green
P7396,Jaspreet,Francis,NO,1,LEISURE,0,ONLINE,brunette_f,blue,tone_5,blue
P7397,Matteo,Takahashi,NO,3,LEISURE,0,DESK,blonde,blue,tone_6,suit
P7398,Charlie,Lewandowski,NO,1,BUSINESS,0,ONLINE,brunette_f,blue,tone_2,suit
P7399,James,Yoon,NO,3,LEISURE,1,DESK,black,blue,tone_4,blue
P7400,Valentina,Jung,NO,3,LEISURE,1,DESK,black_f,blue,tone_1,olive+green
P7401,Aditya,Saleh,NO,1,BUSINESS,0,ONLINE,blonde_f,blue,tone_3,olive+green
P7402,Manon,Traore,YES,7,LEISURE,1,KIOSK,black,blue,tone_5,suit
P7403,Noor,Hoang,NO,2,BUSINESS,0,ONLINE,brunette_f,black,tone_1,olive+green
P7404,Salma,Lewandowski,NO,3,LEISURE,1,ONLINE,brunette_f,black,tone_2,red
P7405,Manon,Scott,NO,1,FAMILY,3,ONLINE,blonde_f,blue,tone_2,red
P7406,Tunde,Byrne,NO,2,LEISURE,1,KIOSK,brunette_f,black,tone_2,olive+green
P7407,Yuna,Tran,NO,1,FAMILY,3,KIOSK,blonde_f,blue,tone_6,blue
P7408,Mei,Siddiqui,NO,1,FAMILY,1,ONLINE,black,blue,tone_1,red
P7409,Nia,Balogun,NO,1,BUSINESS,1,ONLINE,blonde,black,tone_5,red
P7410,Niamh,Reed,NO,1,FAMILY,3,DESK,blonde_f,blue,tone_5,suit
P7411,Cameron,Brown,NO,2,LEISURE,1,ONLINE,blonde,black,tone_4,olive+green
P7412,Thao,Gomez,NO,2,SOLO,2,ONLINE,brunette_f,black,tone_6,blue
P7413,Emily,Verma,NO,1,LEISURE,1,KIOSK,blonde,blue,tone_4,suit
P7414,Leon,Dhillon,NO,2,BUSINESS,1,ONLINE,black_f,black,tone_5,blue
P7415,Oliver,Nguyen,NO,3,BUSINESS,1,ONLINE,black,blue,tone_4,blue
P7416,Sota,Saleh,NO,3,LEISURE,1,DESK,brunette_f,blue,tone_5,blue
P7417,Evie,Jones,YES,5,LEISURE,1,ONLINE,black_f,blue,tone_6,red
P7418,Sakura,Esposito,NO,1,LEISURE,1,DESK,blonde_f,black,tone_6,red
P7419,Alessia,Foster,NO,2,LEISURE,0,KIOSK,brunette,black,tone_3,suit
P7420,Priya,Kim,YES,8,LEISURE,2,KIOSK,blonde,black,tone_3,suit
P7421,Jun,Le,NO,1,LEISURE,1,KIOSK,black,blue,tone_5,olive+green
P7422,Niamh,Walsh,NO,3,LEISURE,1,ONLINE,blonde_f,black,tone_6,olive+green
P7423,Cian,Diallo,NO,3,LEISURE,1,KIOSK,blonde_f,black,tone_2,red
P7424,Henry,Howard,NO,1,BUSINESS,1,ONLINE,brunette,blue,tone_3,blue
P7425,Samir,Reddy,NO,3,FAMILY,2,ONLINE,black_f,blue,tone_3,suit
P7426,Yusuf,Kowalski,YES,8,LEISURE,1,DESK,brunette,blue,tone_4,red
P7427,Riya,Bailey,NO,1,LEISURE,1,ONLINE,black_f,blue,tone_2,suit
P7428,Nia,O'Brien,NO,3,SOLO,1,DESK,brunette_f,blue,tone_3,olive+green
P7429,James,Ryan,NO,1,LEISURE,1,DESK,blonde,black,tone_3,olive+green
P7430,Eoin,Pham,NO,2,FAMILY,2,KIOSK,black,blue,tone_6,blue
P7431,Tara,Fofana,NO,3,BUSINESS,0,ONLINE,brunette_f,black,tone_6,suit
P7432,Sophia,Zhang,NO,1,LEISURE,1,DESK,black,black,tone_6,red
P7433,Rohan,Ricci,YES,10,LEISURE,1,KIOSK,brunette_f,blue,tone_4,red
P7434,Chiara,Rao,NO,3,SOLO,1,DESK,black_f,black,tone_6,suit
P7435,Maeve,Dubois,NO,2,LEISURE,0,KIOSK,blonde,blue,tone_4,blue
P7436,Wei,Grant,NO,1,LEISURE,2,ONLINE,brunette,black,tone_1,blue
P7437,Aoife,Brown,NO,2,FAMILY,2,ONLINE,brunette,black,tone_3,olive+green
P7438,Poppy,Adams,NO,3,LEISURE,1,KIOSK,black_f,black,tone_4,blue
P7439,Kwame,Richards,NO,2,BUSINESS,0,ONLINE,blonde_f,black,tone_3,olive+green
P7440,Avery,Ricci,NO,2,LEISURE,1,ONLINE,brunette_f,blue,tone_1,olive+green
P7441,Imran,Green,NO,1,SOLO,1,ONLINE,brunette_f,black,tone_6,red
P7442,Jules,Mahmood,NO,1,BUSINESS,1,ONLINE,blonde,black,tone_3,suit
P7443,Haruto,Ferrari,NO,2,FAMILY,2,DESK,blonde_f,blue,tone_2,red
P7444,Aoife,Toure,YES,9,SOLO,2,KIOSK,blonde,blue,tone_5,blue
P7445,Yuki,Ruiz,NO,3,LEISURE,1,KIOSK,blonde,black,tone_3,blue
P7446,Sophie,Clarke,NO,1,FAMILY,2,DESK,black_f,blue,tone_6,suit
P7447,Alessia,Zielinski,NO,1,FAMILY,3,ONLINE,blonde_f,black,tone_4,blue
P7448,Amelia,Scott,NO,1,BUSINESS,0,KIOSK,blonde,blue,tone_4,blue
P7449,Poppy,Iqbal,NO,1,BUSINESS,2,DESK,brunette,black,tone_1,suit
P7450,Ren,Collins,NO,2,LEISURE,1,ONLINE,brunette_f,blue,tone_1,blue
P7451,Lena,Murphy,NO,3,LEISURE,1,KIOSK,black_f,black,tone_4,olive+green
P7452,Jaspreet,Kang,NO,1,BUSINESS,0,ONLINE,black,black,tone_5,red
P7453,Yuna,Lee,NO,2,BUSINESS,0,ONLINE,blonde,black,tone_5,red
P7454,Niklas,Le,NO,1,BUSINESS,0,KIOSK,brunette,black,tone_4,red
P7455,Amelia,Kone,NO,2,LEISURE,0,DESK,brunette,black,tone_1,olive+green
P7456,Femi,Mitchell,NO,1,LEISURE,1,ONLINE,black,blue,tone_3,suit
P7457,Isha,Rodriguez,NO,1,LEISURE,0,DESK,black_f,blue,tone_1,red
P7458,Lily,Sow,NO,3,LEISURE,1,ONLINE,brunette,black,tone_5,suit
P7459,Ali,Gill,NO,1,BUSINESS,1,ONLINE,blonde_f,blue,tone_5,suit
P7460,Eoin,Bose,NO,2,BUSINESS,1,ONLINE,black_f,black,tone_5,olive+green
P7461,Kofi,Bose,NO,1,FAMILY,2,DESK,black,blue,tone_5,suit
P7462,Yuna,Sow,NO,1,SOLO,1,DESK,black,blue,tone_4,red
P7463,Diego,Akhtar,NO,3,FAMILY,2,DESK,brunette,black,tone_2,olive+green
P7464,Veer,Morgan,NO,3,FAMILY,1,DESK,black,blue,tone_6,olive+green
P7465,Femi,Robinson,NO,1,LEISURE,1,ONLINE,blonde_f,black,tone_3,blue
P7466,Daichi,Zielinski,NO,3,LEISURE,2,ONLINE,blonde_f,blue,tone_6,olive+green
P7467,Kacper,Jackson,YES,7,SOLO,0,DESK,blonde_f,blue,tone_3,red
P7468,Harry,Toure,NO,3,LEISURE,1,ONLINE,black,blue,tone_1,red
P7469,Chloe,Okafor,NO,3,FAMILY,2,DESK,black,blue,tone_4,blue
P7470,Leo,Wisniewski,NO,2,LEISURE,1,DESK,brunette,black,tone_5,red
P7471,Thomas,Vu,NO,1,SOLO,1,DESK,blonde,black,tone_1,suit
P7472,Marco,Clarke,NO,3,BUSINESS,1,ONLINE,brunette,black,tone_2,blue
P7473,Tao,Boateng,NO,1,FAMILY,3,KIOSK,black_f,blue,tone_2,red
P7474,Ishaan,Chopra,NO,1,SOLO,2,DESK,brunette_f,blue,tone_5,blue
P7475,Vihaan,Moreau,NO,1,LEISURE,2,KIOSK,black,black,tone_1,red
P7476,Ali,Bianchi,NO,1,BUSINESS,1,ONLINE,brunette_f,black,tone_2,blue
P7477,David,Sanchez,YES,10,LEISURE,1,DESK,black,blue,tone_1,olive+green
P7478,Yuna,O'Brien,NO,2,SOLO,1,ONLINE,brunette,black,tone_1,olive+green
P7479,Imani,Hoang,NO,1,BUSINESS,1,ONLINE,black_f,black,tone_2,suit
P7480,Zofia,Pham,YES,10,BUSINESS,0,ONLINE,black,black,tone_5,suit
P7481,Tao,Baker,YES,7,LEISURE,1,DESK,black,blue,tone_1,suit
P7482,Soyeon,Gallagher,NO,2,SOLO,1,ONLINE,brunette_f,blue,tone_6,suit
P7483,Sakura,Green,NO,2,FAMILY,2,DESK,brunette,black,tone_6,suit
P7484,Linh,Thompson,NO,1,LEISURE,1,ONLINE,black,black,tone_3,red
P7485,Jacob,Thomas,NO,2,FAMILY,2,KIOSK,brunette_f,black,tone_6,suit
P7486,Mariam,Francis,NO,2,LEISURE,1,KIOSK,black_f,blue,tone_5,suit
P7487,Zain,Owusu,NO,1,BUSINESS,0,DESK,black_f,black,tone_4,suit
P7488,Charlotte,Wright,NO,1,BUSINESS,1,KIOSK,brunette_f,black,tone_1,blue
P7489,Mariam,Singh,NO,2,SOLO,1,KIOSK,black_f,blue,tone_5,suit
P7490,Zuri,Saleh,NO,2,SOLO,1,DESK,black,blue,tone_2,suit
P7491,Karim,Byrne,NO,3,LEISURE,1,DESK,black_f,blue,tone_1,olive+green
P7492,Salma,Jimenez,NO,1,FAMILY,3,DESK,black_f,black,tone_3,blue
P7493,Casey,Sow,NO,3,BUSINESS,0,DESK,brunette,black,tone_1,red
P7494,Jaspreet,Park,YES,7,LEISURE,1,KIOSK,black,blue,tone_1,suit
P7495,Minho,Dhillon,YES,7,LEISURE,0,DESK,brunette,black,tone_5,suit
P7496,Tomasz,Shah,YES,9,LEISURE,2,KIOSK,brunette_f,black,tone_3,olive+green
P7497,Benjamin,Wilson,NO,1,BUSINESS,1,ONLINE,black,blue,tone_4,red
P7498,Poppy,Wang,NO,2,LEISURE,0,KIOSK,black,blue,tone_1,olive+green
P7499,Camila,Hoang,NO,1,SOLO,1,KIOSK,brunette_f,blue,tone_3,red
P7500,Alessia,Phan,YES,9,BUSINESS,0,KIOSK,blonde,blue,tone_2,blue
P7501,Avery,Mahmood,YES,10,LEISURE,2,DESK,brunette_f,black,tone_2,olive+green
P7502,Violet,Gallagher,NO,2,LEISURE,1,ONLINE,brunette_f,black,tone_5,blue
P7503,Isla,Bamba,NO,1,LEISURE,0,KIOSK,black,black,tone_5,blue
P7504,Simran,Iqbal,NO,2,FAMILY,2,ONLINE,brunette_f,black,tone_3,suit
P7505,Morgan,Tran,NO,2,SOLO,1,DESK,blonde_f,black,tone_5,olive+green
P7506,Thao,Sandhu,NO,2,FAMILY,3,DESK,brunette,black,tone_3,red
P7507,Noah,Richards,NO,1,LEISURE,0,ONLINE,brunette,blue,tone_2,olive+green
P7508,Mila,Zhou,YES,6,FAMILY,1,ONLINE,blonde,black,tone_1,red
P7509,Amina,Yoon,NO,2,BUSINESS,0,KIOSK,blonde_f,blue,tone_2,suit
P7510,Haruto,Ali,NO,1,LEISURE,1,KIOSK,brunette_f,blue,tone_6,red
P7511,Wei,Lewandowski,YES,8,LEISURE,1,ONLINE,blonde_f,black,tone_3,blue
P7512,Marek,Lewandowski,NO,2,BUSINESS,0,ONLINE,brunette_f,black,tone_2,red
P7513,Imani,Hall,NO,1,LEISURE,1,ONLINE,blonde,black,tone_3,olive+green
P7514,Meera,Tanaka,NO,1,LEISURE,1,ONLINE,brunette,black,tone_1,olive+green
P7515,Diego,Esposito,NO,2,LEISURE,0,ONLINE,brunette,blue,tone_1,blue
P7516,Thao,Hussain,NO,3,LEISURE,1,ONLINE,blonde_f,blue,tone_6,blue
P7517,Hamza,Murphy,NO,2,FAMILY,2,ONLINE,black_f,blue,tone_1,red
P7518,Amina,Liu,NO,1,SOLO,2,ONLINE,black,blue,tone_6,suit
P7519,Mariam,Muller,NO,3,BUSINESS,1,DESK,brunette,blue,tone_3,suit
P7520,Mateo,Brar,NO,2,SOLO,1,DESK,black_f,blue,tone_6,suit
P7521,Sam,Kumar,NO,1,LEISURE,1,ONLINE,blonde_f,blue,tone_5,red
P7522,Bilal,Gray,YES,10,LEISURE,1,ONLINE,black_f,black,tone_5,red
P7523,Violet,Takahashi,NO,1,LEISURE,1,ONLINE,black,blue,tone_3,blue
P7524,Orla,O'Brien,NO,1,LEISURE,0,DESK,blonde,black,tone_3,red
P7525,Daichi,Kang,NO,1,LEISURE,1,DESK,black_f,blue,tone_1,suit
P7526,Ali,Liu,NO,2,LEISURE,1,KIOSK,black,black,tone_1,red
P7527,Ananya,Ferrari,NO,1,FAMILY,3,DESK,blonde,black,tone_5,blue
P7528,Oisin,Phan,NO,1,LEISURE,1,DESK,brunette_f,blue,tone_4,red
P7529,Ronan,Russell,NO,1,BUSINESS,1,ONLINE,black_f,blue,tone_6,suit
P7530,Leo,Chopra,NO,3,BUSINESS,2,KIOSK,black,black,tone_4,blue
P7531,Rohan,Balogun,NO,2,FAMILY,1,KIOSK,black,black,tone_6,blue
P7532,Zofia,Leroy,NO,2,SOLO,1,ONLINE,blonde_f,black,tone_6,olive+green
P7533,Yasmin,Kaur,NO,1,LEISURE,1,DESK,black_f,black,tone_5,blue
P7534,Lena,Sow,NO,2,LEISURE,2,ONLINE,blonde_f,blue,tone_2,blue
P7535,Niamh,Baker,NO,2,LEISURE,1,DESK,brunette_f,blue,tone_6,red
P7536,Greta,Huang,YES,7,BUSINESS,1,DESK,black_f,blue,tone_2,red
P7537,David,Joshi,NO,1,LEISURE,0,ONLINE,black,blue,tone_2,red
P7538,Noah,Romano,NO,1,LEISURE,1,ONLINE,brunette,black,tone_4,suit
P7539,Noah,Bianchi,NO,2,FAMILY,2,ONLINE,brunette,blue,tone_3,blue
P7540,Gurpreet,Malhotra,YES,8,LEISURE,0,KIOSK,brunette,blue,tone_1,olive+green
P7541,Reyansh,Durand,NO,1,BUSINESS,1,KIOSK,brunette_f,black,tone_2,blue
P7542,Molly,Leroy,NO,1,LEISURE,1,DESK,black,blue,tone_6,blue
P7543,Lily,Wu,NO,2,BUSINESS,0,DESK,black_f,blue,tone_4,olive+green
P7544,Jordan,Schmidt,NO,1,SOLO,1,DESK,brunette,black,tone_1,olive+green
P7545,Tao,Suzuki,NO,2,LEISURE,1,ONLINE,brunette_f,blue,tone_4,suit
P7546,Mei,Romano,YES,8,SOLO,2,ONLINE,blonde_f,blue,tone_4,olive+green
P7547,Ruby,Schmidt,NO,2,LEISURE,2,KIOSK,black_f,blue,tone_3,blue
P7548,Jasleen,Hoang,YES,6,LEISURE,1,DESK,black,blue,tone_4,red
P7549,Sami,Kang,NO,1,FAMILY,3,DESK,black_f,blue,tone_4,red
P7550,Jacob,Mahmood,NO,2,LEISURE,2,KIOSK,blonde_f,black,tone_5,blue
P7551,Isha,Schneider,NO,2,BUSINESS,0,ONLINE,blonde_f,black,tone_1,olive+green
P7552,Isha,Robinson,NO,2,LEISURE,0,ONLINE,blonde_f,blue,tone_4,red
P7553,Aiko,Mahmood,NO,1,LEISURE,1,ONLINE,brunette_f,blue,tone_4,olive+green
P7554,Kabir,Howard,NO,3,LEISURE,0,ONLINE,black,blue,tone_2,suit
P7555,Riya,Xu,NO,1,BUSINESS,1,ONLINE,black,blue,tone_1,suit
P7556,Yusuf,Watson,NO,2,LEISURE,1,DESK,blonde,black,tone_6,suit
P7557,Olivia,Dang,NO,1,LEISURE,0,ONLINE,brunette_f,black,tone_4,suit
P7558,Reyansh,Choi,NO,1,BUSINESS,0,KIOSK,brunette,black,tone_2,blue
P7559,Isabella,Thompson,NO,1,BUSINESS,1,ONLINE,black,blue,tone_2,red
P7560,Tomasz,Wright,YES,9,FAMILY,2,DESK,blonde,black,tone_6,suit
P7561,Samir,Jackson,NO,2,LEISURE,1,ONLINE,black_f,black,tone_3,red
P7562,Ruby,Desai,NO,2,LEISURE,0,DESK,black,black,tone_4,red
P7563,Mariam,Evans,NO,3,FAMILY,3,ONLINE,brunette,black,tone_3,suit
P7564,Omar,Sandhu,NO,3,FAMILY,2,KIOSK,blonde_f,black,tone_5,blue
P7565,Kofi,Cho,NO,1,LEISURE,1,KIOSK,black_f,black,tone_6,suit
P7566,Felix,Davies,NO,2,LEISURE,1,KIOSK,black_f,black,tone_6,blue
P7567,Isla,Ferrari,YES,9,BUSINESS,1,KIOSK,black,black,tone_4,olive+green
P7568,Kofi,Fofana,NO,3,FAMILY,2,DESK,black_f,blue,tone_6,suit
P7569,Khalid,Ricci,NO,3,LEISURE,1,ONLINE,brunette_f,blue,tone_3,suit
P7570,Evie,Russell,NO,1,LEISURE,1,ONLINE,black_f,blue,tone_4,suit
P7571,Chloe,Watanabe,YES,7,FAMILY,1,ONLINE,black,black,tone_6,suit
P7572,Amrit,Khan,NO,3,BUSINESS,0,ONLINE,brunette_f,black,tone_2,suit
P7573,Ahmed,Mansour,NO,1,FAMILY,3,KIOSK,brunette_f,blue,tone_2,blue
P7574,Chidi,Zhang,NO,3,FAMILY,2,DESK,brunette_f,black,tone_3,suit
P7575,Adam,Jimenez,NO,3,SOLO,1,ONLINE,brunette,blue,tone_1,suit
P7576,Molly,Zhou,NO,3,LEISURE,0,ONLINE,brunette_f,black,tone_3,suit
P7577,Charlie,Williams,NO,3,SOLO,0,KIOSK,black_f,black,tone_3,olive+green
P7578,Aditya,Kapoor,NO,3,SOLO,1,KIOSK,brunette_f,blue,tone_2,olive+green
P7579,George,Zielinski,NO,2,FAMILY,2,KIOSK,black_f,black,tone_4,red
P7580,Cameron,Robinson,NO,2,FAMILY,3,DESK,blonde_f,blue,tone_5,blue
P7581,Hassan,Fischer,NO,1,LEISURE,0,ONLINE,black,black,tone_2,suit
P7582,Cian,Foster,NO,1,FAMILY,3,ONLINE,brunette_f,black,tone_5,suit
P7583,Thomas,Yang,NO,1,LEISURE,1,ONLINE,black,black,tone_1,olive+green
P7584,Samar,Ito,YES,10,LEISURE,1,DESK,brunette,black,tone_5,blue
P7585,Maeve,Dhillon,NO,2,LEISURE,2,ONLINE,black_f,black,tone_2,olive+green
P7586,Omar,Kelly,NO,2,BUSINESS,2,DESK,brunette_f,black,tone_3,suit
P7587,Nadia,Sidhu,NO,3,LEISURE,1,ONLINE,black_f,black,tone_4,suit
P7588,Thao,Reddy,NO,1,SOLO,1,KIOSK,brunette,blue,tone_1,olive+green
P7589,Karan,Mansour,NO,3,BUSINESS,0,ONLINE,blonde,black,tone_2,blue
P7590,Haruto,Wu,YES,7,FAMILY,3,ONLINE,brunette,blue,tone_5,red
P7591,Molly,Jung,YES,10,LEISURE,1,ONLINE,brunette,blue,tone_6,suit
P7592,Declan,Dhillon,NO,3,FAMILY,3,DESK,brunette_f,blue,tone_4,blue
P7593,Amina,Schmidt,NO,2,FAMILY,3,KIOSK,blonde_f,black,tone_5,red
P7594,Luke,Fischer,NO,2,BUSINESS,0,DESK,blonde_f,blue,tone_3,olive+green
P7595,Haruto,Liu,NO,2,LEISURE,1,ONLINE,black,blue,tone_1,red
P7596,Marco,Lewandowski,NO,2,LEISURE,1,DESK,blonde_f,blue,tone_2,suit
P7597,Lily,Lewandowski,NO,3,LEISURE,2,DESK,brunette_f,blue,tone_2,red
P7598,Navdeep,Rao,YES,7,LEISURE,1,KIOSK,brunette_f,black,tone_5,suit
P7599,Khalid,Parker,NO,3,LEISURE,0,KIOSK,black_f,black,tone_4,olive+green
P7600,Joon,Wisniewski,NO,3,FAMILY,2,DESK,brunette,black,tone_6,red
P7601,Amrit,Sharma,NO,1,SOLO,0,KIOSK,brunette,blue,tone_5,olive+green
P7602,Malik,O'Brien,NO,1,LEISURE,1,DESK,black,blue,tone_5,blue
P7603,Ade,Iyer,NO,1,BUSINESS,1,KIOSK,black_f,blue,tone_6,suit
P7604,Lucie,Bamba,NO,1,SOLO,2,ONLINE,black_f,black,tone_1,blue
P7605,Niamh,Khan,NO,1,FAMILY,3,DESK,blonde_f,blue,tone_1,olive+green
P7606,Oisin,Mitchell,NO,3,LEISURE,0,ONLINE,brunette,blue,tone_1,olive+green
P7607,Tomasz,Sidhu,NO,1,FAMILY,2,DESK,blonde,blue,tone_5,red
P7608,Diego,Asante,NO,2,LEISURE,1,ONLINE,black_f,blue,tone_3,olive+green
P7609,Morgan,Chen,NO,1,LEISURE,1,ONLINE,brunette_f,blue,tone_2,suit
P7610,Daichi,Gupta,NO,2,BUSINESS,1,DESK,blonde,black,tone_4,blue
P7611,Tomasz,Kelly,NO,2,LEISURE,0,ONLINE,blonde_f,blue,tone_5,red
P7612,Chiara,Desai,NO,1,BUSINESS,1,ONLINE,blonde,blue,tone_3,red
P7613,Jian,Sow,NO,3,SOLO,1,DESK,brunette_f,black,tone_2,olive+green
P7614,Orla,Weber,NO,1,LEISURE,2,ONLINE,black_f,black,tone_4,suit
P7615,Giulia,Kaminski,NO,2,LEISURE,1,DESK,brunette,black,tone_6,red
P7616,Samir,Choi,NO,1,LEISURE,1,KIOSK,blonde_f,blue,tone_6,red
P7617,Oliver,Kaminski,NO,1,LEISURE,1,DESK,blonde_f,blue,tone_2,olive+green
P7618,Zuri,Tanaka,NO,1,FAMILY,2,ONLINE,brunette_f,black,tone_2,red
P7619,Imran,Schneider,NO,2,FAMILY,2,DESK,blonde,black,tone_3,blue
P7620,Vivaan,Reed,YES,7,FAMILY,3,KIOSK,brunette,black,tone_3,blue
P7621,Harpreet,Dhillon,YES,9,BUSINESS,0,ONLINE,brunette,blue,tone_1,blue
P7622,Sota,Siddiqui,NO,3,LEISURE,1,ONLINE,brunette_f,blue,tone_1,red
P7623,Quang,Gupta,YES,7,FAMILY,2,DESK,blonde,black,tone_5,suit
P7624,Casey,Li,NO,2,BUSINESS,0,ONLINE,brunette_f,black,tone_5,suit
P7625,Marco,Garcia,NO,1,FAMILY,2,DESK,black_f,blue,tone_2,suit
P7626,Luca,Fischer,NO,2,SOLO,1,DESK,brunette_f,black,tone_4,olive+green
P7627,Kenji,Nguyen,NO,1,LEISURE,1,DESK,brunette,black,tone_4,blue
P7628,Karan,Huang,NO,2,FAMILY,2,KIOSK,black_f,black,tone_1,blue
P7629,Adam,Bui,NO,2,LEISURE,2,ONLINE,brunette,black,tone_5,suit
P7630,Alessia,Garcia,NO,3,LEISURE,1,DESK,black_f,black,tone_2,olive+green
P7631,Neil,Patel,NO,1,SOLO,2,KIOSK,black_f,blue,tone_6,suit
P7632,Riya,Zielinski,YES,9,FAMILY,3,DESK,blonde_f,black,tone_2,suit
P7633,Aryan,Patel,YES,10,SOLO,2,DESK,blonde,black,tone_2,red
P7634,Ade,Sanchez,NO,3,FAMILY,2,DESK,blonde,black,tone_5,suit
P7635,Camila,Thomas,NO,3,LEISURE,1,ONLINE,brunette_f,blue,tone_1,blue
P7636,Ama,Weber,YES,5,LEISURE,1,KIOSK,brunette,black,tone_3,suit
P7637,Vihaan,Ahmed,NO,1,BUSINESS,0,ONLINE,brunette,blue,tone_1,blue
P7638,Mai,Balogun,NO,1,BUSINESS,0,ONLINE,brunette_f,black,tone_5,olive+green
P7639,Yuna,Kone,NO,3,LEISURE,0,KIOSK,black_f,blue,tone_2,red
P7640,Muhammad,Adeyemi,NO,1,LEISURE,1,ONLINE,blonde_f,blue,tone_6,blue
P7641,Hao,Robinson,NO,1,LEISURE,0,KIOSK,blonde,black,tone_4,red
P7642,Alfie,Tanaka,NO,2,LEISURE,1,DESK,brunette,blue,tone_5,olive+green
P7643,Zain,Adeyemi,YES,7,LEISURE,1,DESK,blonde_f,black,tone_6,blue
P7644,Aarav,Kumar,YES,8,LEISURE,0,ONLINE,blonde_f,black,tone_5,olive+green
P7645,Marek,Green,NO,1,FAMILY,2,DESK,blonde,black,tone_4,suit
P7646,Jakub,Campbell,NO,2,LEISURE,0,DESK,brunette_f,black,tone_2,suit
P7647,Ella,Walker,NO,1,LEISURE,1,KIOSK,brunette,blue,tone_1,red
P7648,Kojo,Gray,NO,2,LEISURE,1,DESK,black_f,blue,tone_6,olive+green
P7649,Marco,Kone,YES,9,BUSINESS,1,ONLINE,black,blue,tone_6,red
P7650,Alessia,Park,YES,10,LEISURE,1,DESK,black,blue,tone_6,olive+green
P7651,Ayana,Davies,NO,1,LEISURE,1,DESK,blonde,blue,tone_4,blue
P7652,Rohan,Collins,NO,1,LEISURE,1,KIOSK,brunette,blue,tone_6,red
P7653,Louis,Walsh,YES,9,LEISURE,1,ONLINE,blonde_f,black,tone_2,suit
P7654,Georgia,Robinson,YES,9,BUSINESS,1,ONLINE,black,blue,tone_2,suit
P7655,Trang,Malhotra,NO,3,LEISURE,1,ONLINE,black_f,blue,tone_6,blue
P7656,Mateo,Kumar,YES,6,BUSINESS,2,DESK,black,black,tone_2,red
P7657,Sophie,Scott,NO,3,FAMILY,2,KIOSK,black,black,tone_6,red
P7658,Jack,Dang,NO,1,LEISURE,2,DESK,black_f,blue,tone_5,red
P7659,Alejandro,Sanchez,NO,3,BUSINESS,1,ONLINE,brunette_f,blue,tone_5,olive+green
P7660,Minji,Toure,NO,3,BUSINESS,1,ONLINE,brunette,black,tone_5,blue
P7661,Amina,Wisniewski,NO,3,SOLO,2,ONLINE,black,blue,tone_6,suit
P7662,Ruby,Adams,NO,2,LEISURE,1,DESK,black_f,black,tone_4,red
P7663,Jun,Lee,NO,3,LEISURE,1,DESK,brunette_f,blue,tone_5,olive+green
P7664,Jian,Wright,NO,1,SOLO,1,DESK,black,black,tone_2,suit
P7665,Ayaan,Kowalski,YES,7,FAMILY,3,KIOSK,black,blue,tone_3,red
P7666,Olivia,Kang,NO,2,LEISURE,1,DESK,blonde_f,blue,tone_6,suit
P7667,Avery,Hall,NO,2,BUSINESS,1,KIOSK,blonde,black,tone_5,red
P7668,Gurpreet,Xu,NO,1,LEISURE,1,KIOSK,blonde,black,tone_1,olive+green
P7669,Oisin,Saleh,NO,1,LEISURE,1,KIOSK,brunette_f,black,tone_1,blue
P7670,Imran,Foster,YES,8,SOLO,1,DESK,brunette,blue,tone_1,blue
P7671,Jun,Brown,YES,10,LEISURE,1,DESK,black,black,tone_3,olive+green
P7672,Neil,Bailey,NO,1,LEISURE,2,DESK,blonde,black,tone_4,red
P7673,Dev,Bernard,YES,9,LEISURE,1,DESK,blonde_f,black,tone_3,red
P7674,Ngozi,Traore,NO,2,LEISURE,2,ONLINE,black_f,blue,tone_1,red
P7675,Aanya,Yang,NO,1,LEISURE,0,KIOSK,blonde,black,tone_3,suit
P7676,Layla,Fofana,NO,1,LEISURE,0,DESK,blonde,blue,tone_4,olive+green
P7677,Hyejin,Rodriguez,NO,1,SOLO,1,KIOSK,brunette,black,tone_5,olive+green
P7678,Alex,Roberts,YES,8,LEISURE,1,DESK,blonde_f,black,tone_4,red
P7679,William,Sidhu,NO,2,SOLO,2,ONLINE,brunette,blue,tone_4,suit
P7680,Anh,Morgan,YES,7,FAMILY,2,ONLINE,blonde,black,tone_5,suit
P7681,Diya,Schmidt,NO,1,SOLO,1,DESK,black_f,black,tone_5,red
P7682,Krish,Ruiz,NO,1,LEISURE,1,DESK,black_f,blue,tone_3,blue
P7683,Emily,Jimenez,NO,2,LEISURE,1,DESK,brunette,blue,tone_2,olive+green
P7684,Mia,Dang,NO,1,FAMILY,1,DESK,black,black,tone_1,blue
P7685,Giulia,Khan,NO,3,LEISURE,1,KIOSK,brunette,black,tone_6,olive+green
P7686,Haruto,Yang,NO,2,LEISURE,1,ONLINE,black,blue,tone_6,red
P7687,Ella,Clarke,YES,7,LEISURE,0,KIOSK,brunette_f,black,tone_1,blue
P7688,Aditya,Collins,NO,2,SOLO,1,ONLINE,black_f,black,tone_1,suit
P7689,Tunde,Reddy,NO,2,LEISURE,1,DESK,black_f,blue,tone_6,suit
P7690,Ren,Bernard,NO,1,LEISURE,1,DESK,blonde,blue,tone_2,red
P7691,Sakura,Singh,NO,1,SOLO,1,ONLINE,brunette,blue,tone_2,blue
P7692,Kabir,Wisniewski,YES,9,FAMILY,1,ONLINE,black,black,tone_1,olive+green
P7693,Muhammad,Yang,YES,8,FAMILY,2,DESK,black,black,tone_2,blue
P7694,Sophia,Hussain,YES,9,SOLO,0,KIOSK,black,black,tone_5,olive+green
P7695,Aaliyah,Yamamoto,YES,10,SOLO,1,ONLINE,brunette,blue,tone_5,blue
P7696,Jelani,Diallo,NO,1,BUSINESS,0,KIOSK,brunette,black,tone_6,red
P7697,Yuna,Bamba,NO,3,FAMILY,2,ONLINE,black_f,blue,tone_6,olive+green
P7698,Samir,Sanchez,NO,1,LEISURE,1,DESK,blonde_f,blue,tone_2,red
P7699,Lily,Grant,NO,2,LEISURE,1,DESK,brunette_f,blue,tone_2,olive+green
P7700,Vihaan,Desai,NO,1,BUSINESS,1,ONLINE,black,black,tone_3,blue
P7701,George,Reddy,NO,1,LEISURE,0,ONLINE,brunette_f,blue,tone_1,red
P7702,Bethany,Patel,YES,8,FAMILY,3,ONLINE,brunette,blue,tone_3,red
P7703,Giulia,Leroy,YES,9,LEISURE,1,KIOSK,blonde_f,black,tone_1,red
P7704,Trang,Nowak,NO,2,LEISURE,0,ONLINE,brunette_f,blue,tone_3,olive+green
P7705,Oliver,Huynh,NO,1,SOLO,1,ONLINE,brunette_f,black,tone_6,red
P7706,Poppy,Owusu,NO,1,BUSINESS,0,ONLINE,brunette_f,blue,tone_6,blue
P7707,Nisha,Howard,YES,6,LEISURE,1,ONLINE,brunette_f,blue,tone_2,red
P7708,Samir,Gupta,NO,2,LEISURE,1,DESK,brunette,black,tone_3,olive+green
P7709,Hannah,Adeyemi,NO,1,LEISURE,1,ONLINE,black,black,tone_4,olive+green
P7710,Aoife,Brar,YES,9,BUSINESS,1,ONLINE,blonde,blue,tone_3,suit
P7711,Diego,Romano,YES,6,LEISURE,1,DESK,brunette_f,blue,tone_1,olive+green
P7712,Ibrahim,Conti,NO,2,LEISURE,1,ONLINE,black_f,black,tone_4,olive+green
P7713,Charlie,Young,NO,1,SOLO,1,DESK,black_f,blue,tone_1,blue
P7714,Nari,Doyle,NO,1,SOLO,1,DESK,black,black,tone_6,red
P7715,Alejandro,Gill,NO,2,LEISURE,1,ONLINE,brunette,blue,tone_3,red
P7716,Aanya,Mensah,YES,10,BUSINESS,0,DESK,blonde_f,black,tone_2,blue
P7717,David,Robinson,NO,3,SOLO,0,ONLINE,blonde_f,black,tone_2,suit
P7718,Nia,Mensah,YES,10,SOLO,2,ONLINE,blonde_f,blue,tone_1,blue
P7719,Samir,Rodriguez,NO,1,LEISURE,0,ONLINE,black,black,tone_6,red
P7720,Aoife,Rahman,NO,1,LEISURE,1,ONLINE,black_f,blue,tone_5,olive+green
P7721,Minji,Le,NO,1,LEISURE,1,DESK,blonde_f,black,tone_4,red
P7722,Avery,Dang,NO,3,SOLO,1,DESK,blonde_f,blue,tone_3,red
P7723,Ahmed,Ahmed,NO,1,FAMILY,3,KIOSK,black_f,blue,tone_6,red
P7724,Jamie,Nair,YES,9,FAMILY,2,ONLINE,brunette_f,blue,tone_2,olive+green
P7725,Rin,Watson,NO,2,FAMILY,3,ONLINE,blonde,blue,tone_5,blue
P7726,Theo,Keita,NO,2,LEISURE,1,DESK,blonde,blue,tone_1,suit
P7727,Ibrahim,Kang,NO,2,LEISURE,0,ONLINE,blonde_f,blue,tone_3,olive+green
P7728,Alex,Wang,NO,3,LEISURE,0,ONLINE,brunette,black,tone_2,olive+green
P7729,Kabir,Wang,NO,2,BUSINESS,1,ONLINE,brunette_f,blue,tone_1,olive+green
P7730,Linh,Khalil,NO,1,BUSINESS,0,ONLINE,black_f,black,tone_6,blue
P7731,Sophia,Sow,NO,1,BUSINESS,0,KIOSK,brunette_f,blue,tone_5,suit
P7732,Vivaan,Schneider,NO,2,LEISURE,1,DESK,black_f,black,tone_6,olive+green
P7733,Emilia,Wu,NO,1,BUSINESS,0,ONLINE,blonde,blue,tone_3,blue
P7734,Declan,Russell,NO,2,FAMILY,3,DESK,blonde,black,tone_5,red
P7735,Victoria,Yoon,NO,3,BUSINESS,1,ONLINE,black_f,blue,tone_1,red
P7736,Ahmed,Fofana,NO,1,FAMILY,2,ONLINE,blonde,blue,tone_4,blue
P7737,Jasleen,Bamba,NO,2,FAMILY,1,DESK,blonde,blue,tone_6,suit
P7738,Lucie,Verma,NO,1,LEISURE,1,DESK,blonde,black,tone_1,suit
P7739,Mariam,Davies,NO,1,LEISURE,2,DESK,black_f,blue,tone_6,suit
P7740,Jack,Akhtar,NO,1,LEISURE,1,ONLINE,brunette,blue,tone_1,olive+green
P7741,Zofia,Foster,NO,2,LEISURE,0,ONLINE,brunette_f,black,tone_1,blue
P7742,Mila,Moreau,NO,1,FAMILY,2,ONLINE,blonde_f,black,tone_2,suit
P7743,Ishaan,Roberts,NO,1,LEISURE,1,ONLINE,blonde_f,black,tone_5,blue
P7744,Sebastian,O'Brien,NO,2,LEISURE,1,ONLINE,black_f,blue,tone_4,blue
P7745,Avery,Verma,NO,1,LEISURE,1,DESK,black_f,blue,tone_4,suit
P7746,Sami,Khalil,NO,2,LEISURE,1,ONLINE,black,blue,tone_1,red
P7747,Chloe,Grant,NO,2,FAMILY,3,KIOSK,black_f,blue,tone_5,blue
P7748,Hugo,Clarke,NO,1,FAMILY,2,ONLINE,black_f,blue,tone_2,red
P7749,Nhi,Garcia,YES,5,SOLO,1,ONLINE,black,black,tone_1,olive+green
P7750,Riley,Patel,NO,1,LEISURE,1,ONLINE,black,black,tone_1,suit
P7751,Jakub,Thomas,YES,10,BUSINESS,0,ONLINE,blonde_f,blue,tone_6,red
P7752,Salma,Grant,YES,8,FAMILY,2,ONLINE,brunette_f,black,tone_4,olive+green
P7753,Sophia,Gray,NO,1,FAMILY,2,KIOSK,black_f,blue,tone_4,suit
P7754,Bilal,Asante,NO,1,FAMILY,3,ONLINE,blonde_f,blue,tone_5,blue
P7755,Hao,Roberts,NO,3,FAMILY,3,DESK,blonde_f,black,tone_3,red
P7756,Manon,Le,YES,6,LEISURE,0,ONLINE,black,black,tone_2,suit
P7757,Aiko,Clarke,NO,1,BUSINESS,0,DESK,brunette,blue,tone_3,blue
P7758,Mateo,Joshi,YES,8,BUSINESS,1,ONLINE,blonde_f,blue,tone_5,suit
P7759,Hamza,Morgan,NO,2,SOLO,0,DESK,black,black,tone_5,blue
P7760,Aiko,Smith,NO,2,BUSINESS,0,KIOSK,black,black,tone_1,blue
P7761,Harpreet,Malik,NO,1,BUSINESS,1,KIOSK,black,black,tone_2,suit
P7762,Kenji,Diallo,NO,1,LEISURE,1,ONLINE,blonde_f,blue,tone_2,suit
P7763,Charlie,Jung,NO,2,BUSINESS,0,KIOSK,black_f,blue,tone_3,blue
P7764,Tariq,Ferrari,NO,1,SOLO,1,DESK,blonde_f,black,tone_2,blue
P7765,Imran,Zielinski,NO,3,LEISURE,1,KIOSK,blonde_f,blue,tone_3,blue
P7766,Jonas,Stewart,NO,2,LEISURE,1,ONLINE,blonde_f,black,tone_4,olive+green
P7767,Aoife,Hall,NO,2,BUSINESS,0,ONLINE,brunette,black,tone_3,olive+green
P7768,Imani,Foster,YES,7,LEISURE,1,DESK,black,black,tone_5,blue
P7769,Bethany,Moreau,YES,9,SOLO,1,KIOSK,black,blue,tone_3,red
P7770,Rin,Fofana,NO,3,LEISURE,1,ONLINE,blonde,blue,tone_5,blue
P7771,Olivia,Wu,NO,1,BUSINESS,1,ONLINE,black,black,tone_2,blue
P7772,Casey,Bennett,YES,7,LEISURE,1,KIOSK,blonde_f,blue,tone_2,olive+green
P7773,Taylor,Parker,NO,1,SOLO,2,ONLINE,black,blue,tone_5,blue
P7774,Johanna,Hussain,NO,1,SOLO,1,DESK,brunette,black,tone_3,blue
P7775,Reyansh,Nasser,NO,1,BUSINESS,1,ONLINE,blonde,blue,tone_6,blue
P7776,Meera,Esposito,NO,3,LEISURE,0,ONLINE,black,blue,tone_4,red
P7777,Jakub,Hoang,NO,2,FAMILY,3,DESK,brunette,black,tone_3,red
P7778,Akira,Collins,NO,1,LEISURE,1,DESK,blonde,blue,tone_1,blue
P7779,Gabriel,Huynh,NO,2,LEISURE,1,DESK,brunette_f,black,tone_6,olive+green
P7780,Faris,Carter,YES,7,FAMILY,1,ONLINE,blonde,blue,tone_5,blue
P7781,Kwame,Yang,NO,3,FAMILY,2,KIOSK,black_f,black,tone_2,blue
P7782,Alejandro,Sharma,NO,1,LEISURE,1,ONLINE,black_f,black,tone_5,olive+green
P7783,Jelani,Camara,NO,2,FAMILY,2,KIOSK,blonde,black,tone_3,olive+green
P7784,Ryan,Cho,NO,1,LEISURE,2,DESK,brunette_f,blue,tone_1,olive+green
P7785,Noor,Malik,NO,1,LEISURE,1,DESK,brunette_f,blue,tone_5,blue
P7786,Kwame,Bose,NO,3,LEISURE,0,DESK,black_f,blue,tone_2,red
P7787,Tariq,Johnson,NO,1,BUSINESS,1,KIOSK,blonde,black,tone_2,blue
P7788,Mei,Zielinski,NO,1,SOLO,0,DESK,black,blue,tone_6,suit
P7789,Minji,Li,NO,1,FAMILY,3,ONLINE,brunette_f,black,tone_6,suit
P7790,Diego,Malik,YES,7,BUSINESS,1,ONLINE,black_f,black,tone_4,blue
P7791,Jordan,Watanabe,NO,1,BUSINESS,1,ONLINE,black,black,tone_4,olive+green
P7792,Abena,Balogun,NO,3,LEISURE,2,ONLINE,black,blue,tone_6,red
P7793,Kwame,Malhotra,NO,2,LEISURE,1,KIOSK,blonde,black,tone_3,olive+green
P7794,Ryan,Patel,NO,1,LEISURE,1,ONLINE,black,black,tone_2,suit
P7795,Jun,Campbell,YES,6,BUSINESS,1,ONLINE,black_f,black,tone_4,olive+green
P7796,Tariq,Doyle,NO,3,LEISURE,1,KIOSK,brunette_f,black,tone_4,suit
P7797,Ade,Chen,YES,5,FAMILY,2,KIOSK,blonde_f,black,tone_6,red
P7798,Lily,Nguyen,NO,2,LEISURE,1,KIOSK,brunette,blue,tone_6,red
P7799,Faris,Thomas,YES,8,LEISURE,0,DESK,black_f,blue,tone_3,blue
P7800,Tariq,Clarke,YES,7,LEISURE,2,ONLINE,brunette_f,black,tone_6,blue
P7801,Phoebe,O'Brien,NO,3,LEISURE,2,ONLINE,brunette_f,blue,tone_3,red
P7802,Niamh,Esposito,NO,3,SOLO,1,DESK,black_f,black,tone_5,suit
P7803,Oisin,Howard,NO,1,LEISURE,1,DESK,blonde,black,tone_6,suit
P7804,Hassan,Wright,NO,1,BUSINESS,0,KIOSK,brunette,blue,tone_6,olive+green
P7805,Johanna,Foster,YES,6,LEISURE,1,KIOSK,brunette_f,black,tone_2,red
P7806,Mei,Taylor,NO,2,FAMILY,3,DESK,black_f,black,tone_1,suit
P7807,Yasmin,Johnson,NO,1,LEISURE,1,DESK,black,black,tone_6,red
P7808,Minji,Lewandowski,NO,3,LEISURE,2,ONLINE,black_f,black,tone_5,suit
P7809,Ava,Rossi,NO,1,LEISURE,2,ONLINE,black,black,tone_3,red
P7810,Jordan,Morgan,NO,3,BUSINESS,0,ONLINE,brunette_f,black,tone_5,olive+green
P7811,Ruby,Hoang,NO,1,LEISURE,1,ONLINE,black,blue,tone_2,red
P7812,Maeve,Collins,NO,2,LEISURE,0,DESK,blonde_f,blue,tone_5,red
P7813,Minh,Thomas,NO,2,LEISURE,1,DESK,blonde,black,tone_6,suit
P7814,Jian,Murphy,NO,1,FAMILY,2,DESK,black_f,black,tone_1,suit
P7815,Charlie,Yoon,NO,1,SOLO,1,ONLINE,black,blue,tone_6,suit
P7816,Salma,Yang,NO,3,BUSINESS,0,ONLINE,brunette,blue,tone_1,suit
P7817,Yuki,Mehta,NO,1,FAMILY,3,DESK,blonde,black,tone_1,blue
P7818,Louis,Brar,NO,3,BUSINESS,1,KIOSK,blonde_f,black,tone_4,olive+green
P7819,Daichi,Nowak,NO,1,LEISURE,0,ONLINE,black_f,blue,tone_3,red
P7820,Adam,Perez,NO,3,BUSINESS,1,ONLINE,brunette,blue,tone_6,suit
P7821,Jamie,Rodriguez,NO,2,SOLO,1,ONLINE,blonde_f,blue,tone_1,red
P7822,Aaliyah,Nair,YES,7,SOLO,1,KIOSK,black_f,black,tone_3,suit
P7823,Lily,Tran,NO,2,FAMILY,1,ONLINE,brunette_f,blue,tone_5,blue
P7824,Benjamin,Okafor,NO,1,SOLO,1,ONLINE,blonde_f,blue,tone_5,red
P7825,Oisin,Ryan,NO,1,LEISURE,1,ONLINE,blonde_f,black,tone_6,olive+green
P7826,Ava,Dubois,NO,1,LEISURE,1,ONLINE,black,blue,tone_2,olive+green
P7827,Jacob,Scott,NO,1,BUSINESS,1,ONLINE,black_f,black,tone_2,olive+green
P7828,Riley,Singh,NO,3,FAMILY,2,DESK,black,black,tone_1,red
P7829,Luca,Ricci,YES,8,BUSINESS,1,DESK,blonde_f,blue,tone_5,blue
P7830,Marco,Smith,NO,3,LEISURE,1,ONLINE,black,black,tone_1,blue
P7831,Charlie,Romano,YES,10,SOLO,0,ONLINE,black,blue,tone_3,olive+green
P7832,Tunde,Roberts,NO,2,FAMILY,1,DESK,black_f,blue,tone_6,olive+green
P7833,Mia,Bianchi,NO,3,FAMILY,2,DESK,brunette_f,black,tone_2,blue
P7834,Hassan,Keita,NO,1,LEISURE,1,DESK,blonde_f,blue,tone_1,olive+green
P7835,Salma,Wu,NO,1,SOLO,1,ONLINE,blonde_f,black,tone_1,olive+green
P7836,Giulia,Cho,YES,9,LEISURE,0,DESK,blonde,black,tone_2,red
P7837,Adwoa,Nwosu,YES,6,LEISURE,1,DESK,black,black,tone_5,suit
P7838,Kofi,Watson,NO,1,LEISURE,1,ONLINE,black_f,black,tone_5,red
P7839,Ella,Zhang,NO,3,BUSINESS,0,DESK,black_f,black,tone_4,blue
P7840,Nari,Adeyemi,NO,1,BUSINESS,0,ONLINE,black_f,blue,tone_4,red
P7841,Khalid,Li,NO,2,LEISURE,1,DESK,black,blue,tone_6,olive+green
P7842,Adwoa,Phan,NO,3,FAMILY,2,DESK,blonde,black,tone_5,olive+green
P7843,Imran,Reddy,NO,1,LEISURE,1,DESK,black,black,tone_5,blue
P7844,Hugo,Kang,NO,1,LEISURE,1,ONLINE,blonde_f,blue,tone_6,olive+green
P7845,Ronan,Gray,NO,2,LEISURE,1,KIOSK,blonde_f,blue,tone_2,red
P7846,Bilal,Mitchell,NO,2,FAMILY,1,DESK,brunette,black,tone_6,red
P7847,Jordan,Camara,NO,1,LEISURE,1,ONLINE,blonde,black,tone_4,blue
P7848,Jelani,Doyle,NO,2,SOLO,0,DESK,brunette_f,black,tone_2,blue
P7849,Ananya,Le,YES,6,FAMILY,2,KIOSK,blonde,black,tone_3,red
P7850,Jian,Yamamoto,NO,1,LEISURE,1,DESK,brunette,black,tone_6,red
P7851,Nisha,Carter,NO,1,LEISURE,1,KIOSK,black_f,blue,tone_5,blue
P7852,Matteo,Gray,NO,2,LEISURE,0,DESK,blonde_f,blue,tone_1,suit
P7853,Tara,Lewandowski,NO,1,LEISURE,1,KIOSK,blonde,black,tone_2,olive+green
P7854,Yuki,Ahmed,NO,2,LEISURE,0,KIOSK,blonde_f,blue,tone_3,blue
P7855,Akira,Wisniewski,NO,3,LEISURE,1,ONLINE,black_f,black,tone_4,olive+green
P7856,Jack,Pham,NO,1,BUSINESS,0,KIOSK,black_f,black,tone_2,olive+green
P7857,Harriet,Reddy,NO,2,SOLO,1,KIOSK,blonde,black,tone_3,suit
P7858,Casey,White,NO,3,FAMILY,3,DESK,black,black,tone_6,suit
P7859,Zain,Lopez,YES,10,FAMILY,2,KIOSK,black,black,tone_4,olive+green
P7860,Jamie,Mitchell,NO,2,BUSINESS,1,ONLINE,brunette_f,black,tone_3,red
P7861,Casey,Rao,NO,1,SOLO,1,KIOSK,black_f,blue,tone_5,blue
P7862,Violet,Balogun,NO,1,FAMILY,1,ONLINE,blonde_f,black,tone_2,suit
P7863,Poppy,Bianchi,NO,1,LEISURE,1,KIOSK,brunette,blue,tone_6,olive+green
P7864,Anh,Wu,NO,2,BUSINESS,1,ONLINE,brunette_f,blue,tone_2,red
P7865,Aiko,Wang,NO,1,BUSINESS,1,ONLINE,black_f,black,tone_1,red
P7866,Grace,Moreau,NO,1,SOLO,1,KIOSK,black_f,blue,tone_6,suit
P7867,Aarav,Durand,NO,2,LEISURE,0,DESK,black_f,blue,tone_5,red
P7868,Bilal,Williams,NO,2,FAMILY,1,DESK,brunette_f,blue,tone_4,blue
P7869,Ali,Taylor,NO,2,SOLO,1,ONLINE,blonde,black,tone_2,olive+green
P7870,Arjun,Joshi,NO,2,FAMILY,3,DESK,brunette_f,black,tone_3,red
P7871,Alfie,Akhtar,NO,1,LEISURE,1,DESK,black_f,blue,tone_6,red
P7872,Malik,Jones,NO,1,LEISURE,2,ONLINE,black,black,tone_4,suit
P7873,Harpreet,Patel,NO,2,LEISURE,2,KIOSK,brunette,black,tone_1,olive+green
P7874,Karim,Bamba,NO,2,LEISURE,1,ONLINE,brunette_f,black,tone_2,blue
P7875,Aiko,Williams,YES,6,LEISURE,2,DESK,black_f,blue,tone_6,olive+green
P7876,Nathan,Watanabe,NO,3,BUSINESS,2,ONLINE,blonde_f,black,tone_2,red
P7877,Niamh,Huang,NO,1,SOLO,1,DESK,black,blue,tone_1,suit
P7878,Jasleen,Siddiqui,NO,3,BUSINESS,0,ONLINE,blonde_f,black,tone_6,suit
P7879,Jules,Ferrari,NO,2,BUSINESS,0,ONLINE,brunette_f,blue,tone_4,red
P7880,Zain,Ferrari,NO,2,BUSINESS,1,KIOSK,blonde,black,tone_6,blue
P7881,Kwame,Kelly,NO,3,LEISURE,2,DESK,brunette_f,blue,tone_2,blue
P7882,Muhammad,Smith,NO,1,BUSINESS,0,ONLINE,brunette_f,blue,tone_5,red
P7883,Charlie,Choi,NO,2,LEISURE,1,DESK,black_f,black,tone_6,blue
P7884,Noor,Sanchez,NO,1,FAMILY,2,KIOSK,black_f,black,tone_6,red
P7885,Yasmin,Pham,NO,2,FAMILY,3,KIOSK,black_f,blue,tone_4,olive+green
P7886,Ruby,Ferrari,NO,2,LEISURE,1,ONLINE,brunette,blue,tone_5,red
P7887,Ming,Saleh,NO,2,SOLO,1,DESK,brunette,blue,tone_3,olive+green
P7888,Ava,Choi,YES,10,FAMILY,2,KIOSK,blonde,black,tone_5,olive+green
P7889,Harry,Leroy,NO,2,FAMILY,2,KIOSK,black,blue,tone_1,suit
P7890,Ahmed,Yang,NO,1,BUSINESS,2,KIOSK,brunette,black,tone_3,red
P7891,Niklas,Camara,NO,1,LEISURE,1,KIOSK,blonde,black,tone_2,suit
P7892,Arthur,Sharma,NO,1,LEISURE,1,KIOSK,blonde,blue,tone_6,suit
P7893,Ama,Kim,NO,1,LEISURE,2,DESK,black,blue,tone_1,olive+green
P7894,Tao,Bui,NO,3,LEISURE,1,ONLINE,black_f,blue,tone_5,blue
P7895,Amina,Muller,NO,1,BUSINESS,1,ONLINE,blonde,blue,tone_4,blue
P7896,Yasmin,Fofana,NO,2,BUSINESS,0,DESK,blonde_f,black,tone_3,suit
P7897,Haruto,Chopra,NO,3,LEISURE,2,KIOSK,brunette_f,blue,tone_6,red
P7898,Ren,Park,NO,2,SOLO,1,KIOSK,black_f,black,tone_5,blue
P7899,Camille,Traore,YES,9,BUSINESS,0,ONLINE,brunette_f,black,tone_2,olive+green
P7900,Arjun,Morgan,NO,1,LEISURE,1,ONLINE,blonde_f,black,tone_5,red
P7901,Rin,Ahmed,NO,2,SOLO,2,KIOSK,black,black,tone_4,blue
P7902,Taylor,Schmidt,YES,7,FAMILY,2,KIOSK,black_f,blue,tone_6,blue
P7903,Jacob,Petit,NO,1,FAMILY,3,DESK,brunette,black,tone_5,suit
P7904,Salma,Nair,YES,9,LEISURE,1,DESK,blonde,black,tone_1,suit
P7905,Gurleen,Hoang,YES,9,BUSINESS,1,ONLINE,brunette,black,tone_3,olive+green
P7906,Anh,Joshi,NO,3,FAMILY,3,KIOSK,blonde,black,tone_4,olive+green
P7907,Sakura,Ahmed,NO,1,LEISURE,1,DESK,blonde,blue,tone_3,red
P7908,Imani,Sharma,NO,2,FAMILY,2,DESK,brunette,black,tone_3,suit
P7909,Riley,Robinson,NO,1,BUSINESS,0,KIOSK,black_f,black,tone_5,olive+green
P7910,Muhammad,Malhotra,NO,2,SOLO,1,KIOSK,black_f,blue,tone_5,blue
P7911,Isabella,Howard,NO,1,BUSINESS,1,KIOSK,black_f,black,tone_6,red
P7912,Ahmed,Jones,NO,2,LEISURE,0,ONLINE,brunette_f,blue,tone_6,red
P7913,Felix,Saleh,NO,2,LEISURE,1,DESK,brunette_f,blue,tone_4,olive+green
P7914,Zain,Nasser,NO,1,LEISURE,2,ONLINE,blonde,blue,tone_6,suit
P7915,Simran,Shah,NO,1,SOLO,1,ONLINE,brunette_f,blue,tone_6,suit
P7916,Diya,Petit,NO,1,SOLO,1,ONLINE,black_f,blue,tone_6,suit
P7917,Obinna,Hussain,NO,3,LEISURE,2,DESK,black_f,blue,tone_6,olive+green
P7918,Minji,Brown,NO,2,LEISURE,1,KIOSK,brunette,black,tone_3,blue
P7919,George,Bailey,YES,6,LEISURE,0,ONLINE,blonde,blue,tone_2,olive+green
P7920,Ali,Eze,NO,1,FAMILY,3,ONLINE,black_f,blue,tone_4,blue
P7921,Sebastian,Choi,NO,1,LEISURE,2,DESK,black_f,blue,tone_3,blue
P7922,Isha,Ferrari,NO,2,LEISURE,1,ONLINE,blonde,black,tone_1,suit
P7923,Zofia,Kim,NO,1,LEISURE,1,ONLINE,brunette,black,tone_5,red
P7924,Obinna,Reddy,NO,2,FAMILY,1,KIOSK,brunette,black,tone_5,olive+green
P7925,Obinna,Perez,YES,9,SOLO,0,ONLINE,brunette_f,blue,tone_5,suit
P7926,Evie,Yoon,NO,2,BUSINESS,0,ONLINE,brunette_f,black,tone_1,suit
P7927,Eoin,Mitchell,NO,1,FAMILY,2,DESK,black,blue,tone_1,suit
P7928,Isla,Haddad,NO,2,LEISURE,0,DESK,brunette,black,tone_5,olive+green
P7929,Yasmin,Lewandowski,NO,2,LEISURE,1,ONLINE,brunette_f,black,tone_2,red
P7930,Molly,Khalil,NO,3,LEISURE,1,ONLINE,blonde_f,blue,tone_2,red
P7931,Marek,Gray,NO,2,LEISURE,1,ONLINE,brunette_f,blue,tone_4,red
P7932,Ananya,Joshi,NO,2,LEISURE,1,DESK,blonde_f,blue,tone_6,olive+green
P7933,Aiko,Fofana,NO,1,BUSINESS,0,KIOSK,black_f,blue,tone_2,red
P7934,Niklas,Taylor,NO,1,SOLO,1,ONLINE,blonde_f,blue,tone_3,olive+green
P7935,Ayaan,Garcia,YES,9,FAMILY,2,ONLINE,black_f,black,tone_5,suit
P7936,Casey,Huynh,NO,2,BUSINESS,1,ONLINE,brunette_f,blue,tone_4,red
P7937,Nhi,Kim,YES,10,BUSINESS,0,ONLINE,brunette_f,blue,tone_3,blue
P7938,Dhruv,Khan,NO,1,SOLO,1,ONLINE,brunette,black,tone_4,suit
P7939,Rin,Dhillon,NO,3,SOLO,1,ONLINE,blonde_f,blue,tone_5,suit
P7940,Imran,Patel,NO,2,LEISURE,1,ONLINE,blonde,black,tone_6,suit
P7941,Alfie,Fischer,NO,1,LEISURE,1,ONLINE,blonde_f,blue,tone_4,olive+green
P7942,Samar,Bailey,NO,3,LEISURE,1,DESK,black_f,blue,tone_4,red
P7943,Oscar,Sidhu,YES,6,SOLO,1,ONLINE,blonde_f,blue,tone_4,blue
P7944,Yuki,White,YES,7,SOLO,0,ONLINE,blonde_f,black,tone_1,suit
P7945,Noah,Kapoor,YES,5,BUSINESS,1,ONLINE,black,blue,tone_1,red
P7946,Lily,Reddy,YES,10,LEISURE,1,ONLINE,blonde,blue,tone_1,blue
P7947,Hannah,Brown,NO,1,LEISURE,2,DESK,brunette,blue,tone_5,red
P7948,Mila,Takahashi,NO,1,LEISURE,0,ONLINE,blonde_f,blue,tone_1,blue
P7949,Samir,Fofana,NO,2,LEISURE,1,DESK,blonde,blue,tone_6,olive+green
P7950,Cian,Conti,NO,3,FAMILY,2,ONLINE,black,black,tone_1,red
P7951,Maeve,Camara,NO,2,LEISURE,1,ONLINE,blonde_f,blue,tone_6,suit
P7952,Ali,Robinson,NO,1,SOLO,1,ONLINE,brunette_f,black,tone_2,suit
P7953,Ade,Petit,NO,1,LEISURE,1,ONLINE,brunette_f,black,tone_5,suit
P7954,Manon,Boateng,YES,7,SOLO,1,ONLINE,blonde,black,tone_2,blue
P7955,Gabriel,Saleh,NO,2,SOLO,1,KIOSK,black_f,blue,tone_4,blue
P7956,Ama,Kumar,NO,2,LEISURE,1,DESK,blonde,black,tone_6,olive+green
P7957,Arnav,Bui,NO,1,FAMILY,3,DESK,blonde,blue,tone_4,olive+green
P7958,Vihaan,Owusu,NO,1,BUSINESS,1,KIOSK,black_f,black,tone_6,red
P7959,Rahul,Durand,NO,3,LEISURE,1,ONLINE,brunette,black,tone_4,olive+green
P7960,Daichi,Akhtar,NO,2,SOLO,1,ONLINE,black_f,black,tone_6,olive+green
P7961,Thomas,Verma,NO,1,LEISURE,1,KIOSK,black,black,tone_2,blue
P7962,Bethany,Li,NO,2,BUSINESS,1,ONLINE,brunette,blue,tone_3,blue
P7963,Hannah,Toure,NO,2,BUSINESS,1,KIOSK,brunette,black,tone_1,red
P7964,Chidi,Chopra,NO,2,FAMILY,2,DESK,brunette_f,blue,tone_5,suit
P7965,Amina,Stewart,NO,2,LEISURE,0,DESK,blonde,blue,tone_6,olive+green
P7966,Priya,Eze,NO,2,LEISURE,0,DESK,blonde_f,blue,tone_5,suit
P7967,Kojo,Watanabe,NO,1,LEISURE,1,KIOSK,black_f,blue,tone_4,suit
P7968,Nia,Evans,NO,1,LEISURE,1,KIOSK,blonde_f,black,tone_1,suit
P7969,Navdeep,Joshi,NO,1,LEISURE,0,DESK,brunette,black,tone_6,olive+green
P7970,Reyansh,Siddiqui,NO,3,FAMILY,2,ONLINE,brunette,black,tone_1,olive+green
P7971,Yasmin,Ricci,NO,3,BUSINESS,1,DESK,brunette_f,black,tone_2,red
P7972,Arnav,Young,YES,8,LEISURE,1,KIOSK,black_f,blue,tone_1,olive+green
P7973,Ngozi,Vu,NO,1,SOLO,0,DESK,brunette,black,tone_6,blue
P7974,Benjamin,Kowalski,NO,2,FAMILY,3,DESK,blonde,blue,tone_1,olive+green
P7975,Riya,Khan,YES,8,LEISURE,0,ONLINE,blonde,blue,tone_4,suit
P7976,Daichi,Young,NO,2,BUSINESS,0,ONLINE,blonde_f,black,tone_2,olive+green
P7977,Cian,Kone,NO,1,LEISURE,1,ONLINE,blonde,blue,tone_1,suit
P7978,Neil,Bennett,NO,3,FAMILY,1,ONLINE,black_f,black,tone_2,suit
P7979,Aoife,Taylor,NO,2,LEISURE,1,ONLINE,blonde_f,blue,tone_1,olive+green
P7980,Maeve,Iqbal,YES,8,BUSINESS,0,ONLINE,blonde_f,blue,tone_4,suit
P7981,Aoife,Kaminski,YES,6,FAMILY,3,KIOSK,black,black,tone_4,blue
P7982,Thao,Perez,NO,1,SOLO,1,ONLINE,blonde,blue,tone_5,red
P7983,Olivia,Baker,NO,1,FAMILY,1,DESK,black_f,black,tone_1,suit
P7984,Avery,Foster,NO,1,LEISURE,2,KIOSK,brunette,blue,tone_1,blue
P7985,Giulia,Garcia,YES,7,SOLO,1,ONLINE,brunette_f,blue,tone_5,blue
P7986,Leon,Verma,NO,2,LEISURE,1,DESK,brunette,black,tone_5,suit
P7987,Orla,Owusu,NO,1,LEISURE,1,DESK,blonde,blue,tone_1,olive+green
P7988,Chidi,Moreau,NO,1,FAMILY,2,DESK,blonde_f,black,tone_1,olive+green
P7989,Sami,Bose,NO,1,SOLO,1,KIOSK,brunette,black,tone_1,olive+green
P7990,Isabella,Adams,NO,2,LEISURE,0,ONLINE,blonde,blue,tone_2,suit
P7991,Hamza,Gill,NO,1,FAMILY,3,DESK,brunette,blue,tone_3,olive+green
P7992,Lena,Park,NO,2,LEISURE,1,DESK,blonde,blue,tone_4,blue
P7993,Simran,Bamba,NO,1,BUSINESS,1,ONLINE,blonde_f,blue,tone_5,suit
P7994,Hao,Khalil,YES,8,BUSINESS,1,KIOSK,black_f,black,tone_2,olive+green
P7995,Samar,Doyle,YES,7,LEISURE,1,DESK,brunette_f,black,tone_6,suit
P7996,Violet,Malik,NO,3,LEISURE,2,ONLINE,brunette,black,tone_1,red
P7997,Muhammad,White,NO,1,BUSINESS,1,KIOSK,blonde,black,tone_6,red
P7998,Ella,Wang,NO,3,SOLO,1,KIOSK,black_f,black,tone_4,red
P7999,Isha,Hall,NO,1,LEISURE,1,KIOSK,blonde,blue,tone_3,olive+green
P8000,Chidi,Bamba,NO,2,LEISURE,1,ONLINE,black_f,black,tone_5,red
P8001,Alejandro,Okafor,NO,1,LEISURE,0,DESK,blonde,black,tone_2,blue
P8002,Kenji,Schneider,NO,1,FAMILY,1,ONLINE,blonde,blue,tone_3,red
P8003,Kiet,Thomas,NO,2,BUSINESS,0,ONLINE,black_f,black,tone_2,red
P8004,Aoife,Ruiz,NO,3,LEISURE,1,ONLINE,brunette,black,tone_5,olive+green
P8005,Samar,Ricci,NO,1,SOLO,1,ONLINE,black_f,blue,tone_2,olive+green
P8006,William,Kang,NO,1,FAMILY,2,ONLINE,blonde,blue,tone_5,red
P8007,Riya,Huang,YES,6,BUSINESS,1,DESK,blonde,black,tone_1,suit
P8008,Ananya,Diallo,NO,2,SOLO,2,ONLINE,black_f,blue,tone_2,olive+green
P8009,Hana,Mansour,NO,1,BUSINESS,0,ONLINE,brunette_f,blue,tone_6,blue
P8010,Maeve,Watson,YES,6,FAMILY,2,DESK,brunette_f,blue,tone_5,red
P8011,Marek,Nwosu,NO,1,LEISURE,1,KIOSK,blonde,black,tone_2,blue
P8012,Mia,Zhang,NO,1,SOLO,0,ONLINE,brunette_f,blue,tone_2,red
P8013,Reyansh,Ferrari,NO,2,LEISURE,1,ONLINE,black_f,blue,tone_6,olive+green
P8014,Tariq,Schneider,NO,1,LEISURE,2,ONLINE,blonde,black,tone_2,olive+green
P8015,Abena,Huang,NO,1,FAMILY,3,KIOSK,black_f,blue,tone_4,red
P8016,Ama,Mehta,NO,2,FAMILY,2,DESK,brunette,blue,tone_5,blue
P8017,Ananya,Brar,NO,3,LEISURE,0,DESK,black_f,black,tone_1,olive+green
P8018,Emilia,Francis,NO,2,BUSINESS,1,ONLINE,brunette,black,tone_2,red
P8019,Ayana,Zielinski,YES,8,SOLO,1,DESK,blonde,blue,tone_1,blue
P8020,Dev,Russell,NO,1,LEISURE,1,ONLINE,black_f,black,tone_2,suit
P8021,Aiko,Young,NO,1,BUSINESS,0,ONLINE,black_f,blue,tone_1,olive+green
P8022,Chiara,Thompson,NO,2,SOLO,2,DESK,black,blue,tone_5,suit
P8023,Priya,Yang,NO,1,FAMILY,3,DESK,black,black,tone_3,olive+green
P8024,Imran,Sandhu,YES,6,SOLO,1,ONLINE,black_f,blue,tone_5,suit
P8025,Veer,Gomez,NO,1,LEISURE,0,ONLINE,blonde,blue,tone_1,suit
P8026,Faris,Boateng,NO,2,BUSINESS,0,ONLINE,black_f,black,tone_1,blue
P8027,Akira,Kapoor,NO,2,SOLO,1,KIOSK,blonde,blue,tone_2,suit
P8028,Hao,Walker,NO,1,LEISURE,1,ONLINE,brunette_f,blue,tone_4,suit
P8029,Kenji,Conti,NO,1,BUSINESS,1,ONLINE,brunette_f,black,tone_6,red
P8030,Meera,Wilson,NO,1,SOLO,2,ONLINE,blonde,blue,tone_1,olive+green
P8031,Kofi,Jackson,NO,1,BUSINESS,1,ONLINE,brunette_f,blue,tone_2,blue
P8032,Thao,Collins,YES,5,BUSINESS,0,ONLINE,brunette,blue,tone_2,blue
P8033,Ming,Takahashi,NO,1,SOLO,1,ONLINE,brunette_f,black,tone_1,olive+green
P8034,Lily,Malik,NO,1,LEISURE,1,ONLINE,blonde,blue,tone_4,blue
P8035,Niamh,Patel,YES,10,LEISURE,1,ONLINE,brunette_f,blue,tone_2,red
P8036,Hugo,Sidhu,YES,10,LEISURE,1,KIOSK,black,black,tone_3,suit
P8037,Bethany,Nguyen,NO,1,FAMILY,2,DESK,brunette,black,tone_3,olive+green
P8038,Ella,Sharma,NO,3,FAMILY,3,DESK,blonde,blue,tone_4,olive+green
P8039,Matteo,Liu,NO,1,LEISURE,1,KIOSK,blonde_f,black,tone_1,blue
P8040,Quang,Martinez,NO,1,LEISURE,2,KIOSK,black,blue,tone_3,blue
P8041,Johanna,Tran,NO,1,FAMILY,2,KIOSK,brunette,blue,tone_3,blue
P8042,Tao,Fofana,NO,1,LEISURE,1,DESK,blonde_f,blue,tone_3,blue
P8043,Charlotte,Kaur,NO,1,BUSINESS,0,ONLINE,black,blue,tone_6,red
P8044,Zofia,Dhillon,NO,1,FAMILY,1,DESK,blonde_f,blue,tone_2,olive+green
P8045,Tunde,Leroy,NO,1,SOLO,1,KIOSK,brunette_f,blue,tone_2,suit
P8046,Mandeep,Brar,NO,1,LEISURE,2,ONLINE,blonde,black,tone_2,red
P8047,Anja,Zhou,NO,2,FAMILY,2,DESK,brunette_f,blue,tone_6,suit
P8048,William,Garcia,NO,2,FAMILY,2,DESK,brunette_f,blue,tone_4,red
P8049,Charlotte,Nasser,NO,1,SOLO,1,DESK,blonde_f,blue,tone_3,blue
P8050,Dev,Grant,NO,1,LEISURE,1,DESK,black,blue,tone_3,red
P8051,Oisin,Joshi,YES,10,SOLO,1,ONLINE,blonde_f,black,tone_1,olive+green
P8052,Sebastian,Sidhu,NO,1,LEISURE,1,DESK,black,blue,tone_2,red
P8053,Tariq,Akhtar,NO,2,LEISURE,0,DESK,blonde_f,black,tone_5,olive+green
P8054,Nari,Toure,NO,1,LEISURE,1,DESK,brunette,blue,tone_4,blue
P8055,Emilia,Liu,NO,3,LEISURE,2,KIOSK,black_f,blue,tone_6,red
P8056,Jack,Chopra,NO,1,FAMILY,2,KIOSK,brunette,black,tone_4,blue
P8057,Riya,Garcia,NO,2,SOLO,1,ONLINE,black_f,blue,tone_4,blue
P8058,Nari,Yoon,YES,9,LEISURE,0,ONLINE,black,black,tone_2,olive+green
P8059,Layla,Perez,NO,1,LEISURE,1,ONLINE,brunette,black,tone_2,blue
P8060,Nhi,Hoang,NO,2,LEISURE,0,KIOSK,blonde,blue,tone_6,suit
P8061,Lucie,Brar,NO,2,LEISURE,1,DESK,black,blue,tone_2,blue
P8062,Ananya,Akhtar,YES,9,LEISURE,1,KIOSK,blonde,black,tone_6,olive+green
P8063,Benjamin,Nwosu,YES,10,SOLO,1,KIOSK,blonde,black,tone_4,suit
P8064,Manon,Russell,YES,7,LEISURE,2,DESK,brunette_f,blue,tone_5,red
P8065,Alfie,Saleh,YES,6,BUSINESS,0,ONLINE,black,black,tone_6,red
P8066,Noor,Gray,NO,2,FAMILY,1,KIOSK,brunette_f,blue,tone_6,olive+green
P8067,Leon,Moretti,NO,1,BUSINESS,0,ONLINE,brunette_f,blue,tone_2,suit
P8068,Georgia,Khan,YES,5,LEISURE,1,ONLINE,black,blue,tone_2,suit
P8069,Georgia,Ricci,NO,1,SOLO,1,DESK,brunette_f,black,tone_3,red
P8070,Tomasz,Nair,YES,6,LEISURE,0,KIOSK,blonde_f,blue,tone_5,blue
P8071,Luca,Rao,NO,1,FAMILY,2,DESK,brunette_f,black,tone_1,suit
P8072,Oisin,Leroy,NO,1,LEISURE,1,KIOSK,blonde,blue,tone_6,blue
P8073,Anh,Kim,NO,2,LEISURE,1,ONLINE,black,black,tone_3,blue
P8074,Phoebe,Ferrari,YES,5,FAMILY,1,DESK,brunette,blue,tone_3,red
P8075,Krish,Hussain,NO,2,LEISURE,1,ONLINE,black,black,tone_4,red
P8076,Molly,Sanchez,NO,2,FAMILY,2,KIOSK,brunette,blue,tone_2,red
P8077,Olivia,Mensah,NO,1,BUSINESS,1,ONLINE,blonde,blue,tone_5,olive+green
P8078,Jack,Walker,YES,7,FAMILY,2,DESK,blonde_f,blue,tone_4,suit
P8079,Oisin,Durand,NO,1,LEISURE,0,DESK,brunette_f,black,tone_4,blue
P8080,Nia,Leroy,NO,1,SOLO,1,ONLINE,brunette_f,black,tone_6,olive+green
P8081,Harpreet,Zielinski,NO,2,BUSINESS,1,ONLINE,brunette,black,tone_5,blue
P8082,Kwame,Rodriguez,NO,1,SOLO,0,DESK,blonde_f,black,tone_2,red
P8083,Oscar,Khan,YES,5,LEISURE,1,DESK,black_f,blue,tone_3,suit
P8084,Harry,Kapoor,NO,1,LEISURE,2,KIOSK,black_f,black,tone_4,red
P8085,Alex,Thompson,NO,1,LEISURE,1,DESK,blonde_f,black,tone_5,blue
P8086,Alfie,Bamba,NO,3,BUSINESS,0,KIOSK,black_f,black,tone_2,suit
P8087,Riya,Kim,NO,1,SOLO,1,ONLINE,brunette_f,black,tone_3,red
P8088,Sophia,Kumar,YES,8,SOLO,1,DESK,blonde_f,black,tone_2,olive+green
P8089,Marco,Kapoor,NO,2,LEISURE,0,DESK,brunette,blue,tone_3,suit
P8090,Louis,Richards,NO,1,FAMILY,1,DESK,black,blue,tone_6,olive+green
P8091,Layla,Schmidt,YES,7,BUSINESS,0,ONLINE,brunette,blue,tone_1,olive+green
P8092,Emeka,Toure,NO,2,LEISURE,1,ONLINE,brunette_f,blue,tone_5,olive+green
P8093,Nathan,Gallagher,YES,5,LEISURE,0,DESK,black,blue,tone_3,blue
P8094,Noah,Iyer,NO,1,LEISURE,1,DESK,black,black,tone_1,blue
P8095,Akira,Schneider,NO,1,FAMILY,3,KIOSK,black_f,black,tone_2,blue
P8096,Zain,Diallo,NO,2,SOLO,1,DESK,brunette_f,blue,tone_3,olive+green
P8097,Camila,Takahashi,NO,3,FAMILY,2,KIOSK,blonde,blue,tone_2,olive+green
P8098,Olivia,Hoang,NO,2,LEISURE,1,KIOSK,black_f,black,tone_6,blue
P8099,Ishaan,Joshi,NO,1,LEISURE,1,ONLINE,blonde,black,tone_6,olive+green
P8100,Imani,Thompson,NO,1,BUSINESS,1,ONLINE,brunette,blue,tone_5,red
P8101,Cameron,Kelly,NO,2,LEISURE,1,DESK,brunette_f,blue,tone_5,suit
P8102,Ruby,Wang,NO,1,FAMILY,3,DESK,brunette,blue,tone_6,red
P8103,Giulia,Schmidt,NO,2,LEISURE,1,ONLINE,black_f,black,tone_2,suit
P8104,Imani,Ricci,NO,2,SOLO,0,KIOSK,blonde,black,tone_5,olive+green
P8105,Yuna,Robinson,NO,2,LEISURE,0,DESK,blonde_f,blue,tone_3,red
P8106,Ngozi,Bailey,NO,1,LEISURE,1,ONLINE,black,blue,tone_2,suit
P8107,Declan,Williams,NO,1,LEISURE,1,DESK,brunette_f,black,tone_3,blue
P8108,Riley,Saleh,NO,2,LEISURE,1,ONLINE,black_f,black,tone_3,red
P8109,Ngozi,Nair,NO,1,LEISURE,1,KIOSK,brunette,black,tone_1,olive+green
P8110,Emily,Murphy,NO,1,LEISURE,1,KIOSK,blonde_f,blue,tone_4,suit
P8111,Orla,Ricci,NO,2,BUSINESS,0,ONLINE,black,black,tone_5,blue
P8112,Yasmin,Zielinski,NO,2,LEISURE,0,ONLINE,brunette,blue,tone_4,red
P8113,Cian,Pham,NO,2,FAMILY,2,DESK,blonde_f,blue,tone_2,olive+green
P8114,Ronan,Chopra,NO,1,LEISURE,2,ONLINE,brunette_f,black,tone_3,blue
P8115,Jian,Sidhu,NO,1,LEISURE,1,ONLINE,brunette,blue,tone_3,suit
P8116,Ella,Lopez,NO,3,LEISURE,0,ONLINE,black_f,blue,tone_4,suit
P8117,Jules,Tanaka,YES,8,LEISURE,2,ONLINE,brunette,blue,tone_4,blue
P8118,Veer,Chen,NO,2,FAMILY,2,KIOSK,black_f,black,tone_2,suit
P8119,Morgan,Wu,YES,10,LEISURE,2,DESK,brunette_f,black,tone_1,suit
P8120,Jian,Le,NO,2,FAMILY,3,KIOSK,brunette,blue,tone_2,blue
P8121,Amelia,Jones,YES,10,LEISURE,1,DESK,brunette,blue,tone_6,red
P8122,Camila,Patel,NO,3,LEISURE,1,KIOSK,blonde,blue,tone_2,olive+green
P8123,Oscar,Diallo,NO,3,BUSINESS,0,ONLINE,black_f,black,tone_5,suit
P8124,Aryan,Rossi,NO,1,SOLO,2,DESK,blonde,black,tone_3,suit
P8125,Yasmin,Haddad,YES,8,LEISURE,1,ONLINE,blonde_f,blue,tone_1,suit
P8126,Oscar,Kim,NO,1,LEISURE,0,DESK,brunette_f,black,tone_3,blue
P8127,Noah,Bennett,NO,1,SOLO,2,ONLINE,blonde,black,tone_6,olive+green
P8128,Jules,Dang,YES,9,LEISURE,0,ONLINE,blonde,black,tone_2,suit
P8129,Aditya,Mensah,NO,2,BUSINESS,1,KIOSK,blonde_f,black,tone_4,blue
P8130,Minji,Rossi,NO,1,LEISURE,1,DESK,blonde_f,blue,tone_3,suit
P8131,Aditya,Thomas,YES,6,SOLO,0,ONLINE,blonde_f,blue,tone_6,olive+green
P8132,Adwoa,Nowak,NO,1,LEISURE,2,DESK,black_f,blue,tone_1,red
P8133,Faris,Yang,NO,2,SOLO,2,ONLINE,brunette,blue,tone_5,blue
P8134,Felix,Bamba,NO,2,LEISURE,2,ONLINE,blonde_f,black,tone_3,blue
P8135,Soyeon,Anderson,NO,1,FAMILY,1,DESK,black_f,blue,tone_3,red
P8136,Kwame,Kaminski,YES,8,SOLO,2,ONLINE,black_f,black,tone_3,suit
P8137,Abena,Nguyen,NO,1,SOLO,1,KIOSK,black_f,black,tone_6,suit
P8138,Greta,Mensah,YES,9,LEISURE,2,DESK,brunette,blue,tone_1,suit
P8139,Maeve,Sidhu,NO,2,FAMILY,2,ONLINE,blonde,black,tone_1,red
P8140,Orla,Davies,YES,7,BUSINESS,2,ONLINE,brunette,black,tone_4,red
P8141,Riya,Wright,YES,8,BUSINESS,0,DESK,black_f,black,tone_3,olive+green
P8142,Aryan,Mahmood,NO,2,LEISURE,2,ONLINE,brunette,black,tone_3,red
P8143,Diya,Iqbal,NO,1,BUSINESS,0,ONLINE,brunette_f,black,tone_4,suit
P8144,Obinna,Leroy,NO,1,LEISURE,1,DESK,black,blue,tone_1,olive+green
P8145,Imani,Moretti,NO,1,LEISURE,0,ONLINE,brunette,blue,tone_1,red
P8146,Sam,Nair,NO,1,LEISURE,1,DESK,black_f,blue,tone_6,blue
P8147,Femi,Rao,NO,3,LEISURE,1,DESK,brunette_f,black,tone_4,olive+green
P8148,Simran,Bennett,NO,2,LEISURE,1,ONLINE,black,blue,tone_1,suit
P8149,Sophie,Nguyen,NO,2,LEISURE,1,DESK,blonde_f,black,tone_3,olive+green
P8150,David,Howard,NO,1,FAMILY,3,DESK,brunette_f,black,tone_5,suit
P8151,George,Liu,NO,1,LEISURE,1,ONLINE,blonde,black,tone_4,red
P8152,Ruby,Asante,NO,1,FAMILY,2,KIOSK,blonde,blue,tone_4,red
P8153,Yuki,Sow,YES,8,LEISURE,2,KIOSK,black_f,black,tone_1,blue
P8154,Nhi,Pham,YES,8,SOLO,2,ONLINE,blonde,blue,tone_6,suit
P8155,Veer,Wright,NO,2,BUSINESS,0,ONLINE,black,black,tone_1,suit
P8156,Ren,Asante,NO,1,FAMILY,3,DESK,brunette,blue,tone_3,red
P8157,Simran,Ferrari,NO,1,LEISURE,2,ONLINE,blonde_f,black,tone_4,blue
P8158,Lily,Nowak,NO,2,BUSINESS,0,ONLINE,brunette_f,blue,tone_5,blue
P8159,Faris,Malik,NO,1,LEISURE,1,DESK,black_f,blue,tone_6,suit
P8160,Louis,Li,NO,1,BUSINESS,1,ONLINE,brunette,black,tone_3,suit
P8161,Henry,Richards,NO,1,SOLO,2,ONLINE,brunette,blue,tone_3,olive+green
P8162,Ibrahim,Reddy,NO,3,SOLO,1,ONLINE,blonde,blue,tone_3,blue
P8163,Felix,Young,NO,1,SOLO,1,KIOSK,brunette,black,tone_6,suit
P8164,Minho,Iqbal,NO,2,LEISURE,1,KIOSK,black,black,tone_1,blue
P8165,Giulia,Bianchi,NO,1,SOLO,1,ONLINE,blonde_f,black,tone_3,olive+green
P8166,Diya,Lopez,NO,1,LEISURE,1,DESK,blonde_f,black,tone_1,blue
P8167,Navdeep,Watanabe,NO,3,LEISURE,1,ONLINE,black,black,tone_6,suit
P8168,Riya,Yoon,NO,1,LEISURE,1,KIOSK,blonde,black,tone_6,red
P8169,Tariq,Roberts,NO,1,LEISURE,1,KIOSK,blonde,blue,tone_5,red
P8170,Evie,Zielinski,YES,9,BUSINESS,1,KIOSK,black,blue,tone_5,olive+green
P8171,Aryan,Liu,NO,2,FAMILY,3,KIOSK,blonde_f,blue,tone_3,blue
P8172,Ibrahim,Evans,NO,1,SOLO,0,ONLINE,blonde,blue,tone_2,blue
P8173,Leon,Sanchez,NO,2,LEISURE,0,KIOSK,brunette_f,black,tone_6,red
P8174,Jamie,Zhou,NO,1,BUSINESS,1,KIOSK,black,blue,tone_1,blue
P8175,Kabir,Yang,NO,1,LEISURE,1,ONLINE,black,blue,tone_4,red
P8176,Minji,Campbell,NO,3,BUSINESS,0,DESK,brunette,black,tone_2,blue
P8177,Nathan,Boateng,YES,8,BUSINESS,1,ONLINE,blonde_f,black,tone_3,olive+green
P8178,Gurleen,Ruiz,YES,9,LEISURE,0,KIOSK,brunette_f,blue,tone_3,blue
P8179,Kiet,Parker,NO,2,LEISURE,1,KIOSK,blonde,blue,tone_1,blue
P8180,Aryan,Evans,NO,1,FAMILY,3,DESK,brunette,blue,tone_2,olive+green
P8181,Amrit,Ryan,NO,3,BUSINESS,0,DESK,brunette_f,black,tone_2,suit
P8182,Femi,Khan,NO,1,LEISURE,0,KIOSK,black_f,black,tone_2,suit
P8183,Oisin,Murphy,NO,1,SOLO,2,ONLINE,blonde,black,tone_1,red
P8184,Zuri,Ferrari,NO,1,LEISURE,1,ONLINE,black_f,black,tone_2,suit
P8185,Grace,Kumar,NO,2,BUSINESS,0,ONLINE,blonde_f,black,tone_4,suit
P8186,Mila,Sharma,NO,3,LEISURE,1,DESK,blonde,blue,tone_5,suit
P8187,Amara,Takahashi,YES,10,BUSINESS,2,ONLINE,brunette_f,blue,tone_1,blue
P8188,Chloe,Young,NO,2,LEISURE,1,DESK,blonde,black,tone_5,suit
P8189,Marco,Jimenez,NO,1,BUSINESS,1,ONLINE,blonde_f,black,tone_5,red
P8190,Jacob,Siddiqui,NO,1,BUSINESS,2,ONLINE,brunette_f,blue,tone_6,red
P8191,Manpreet,Agyeman,NO,3,BUSINESS,1,ONLINE,blonde,black,tone_2,red
P8192,Jasleen,Johnson,YES,10,LEISURE,0,ONLINE,black,black,tone_2,blue
P8193,Jordan,Murphy,YES,9,BUSINESS,0,ONLINE,brunette_f,black,tone_4,olive+green
P8194,Bethany,Okafor,NO,2,BUSINESS,1,ONLINE,brunette,black,tone_1,olive+green
P8195,Olivia,Bamba,YES,7,FAMILY,1,DESK,brunette,black,tone_4,olive+green
P8196,Oisin,Yoon,NO,1,SOLO,1,DESK,blonde_f,black,tone_3,suit
P8197,Thao,Balogun,NO,3,FAMILY,2,DESK,black,black,tone_4,blue
P8198,Matteo,Lee,NO,3,FAMILY,2,DESK,blonde_f,blue,tone_5,blue
P8199,Kojo,Zhou,NO,1,LEISURE,1,ONLINE,brunette,blue,tone_2,red
P8200,Ahmed,O'Brien,NO,2,FAMILY,2,ONLINE,brunette,black,tone_2,suit
P8201,Ananya,Rao,NO,2,LEISURE,1,ONLINE,blonde_f,blue,tone_3,olive+green
P8202,Samar,Sanchez,YES,6,FAMILY,2,ONLINE,blonde_f,blue,tone_2,red
P8203,Daichi,Sandhu,NO,2,SOLO,1,ONLINE,blonde,black,tone_1,suit
P8204,Johanna,Romano,NO,1,LEISURE,1,DESK,blonde,black,tone_6,red
P8205,Dhruv,Pham,NO,3,BUSINESS,1,ONLINE,black,blue,tone_3,suit
P8206,Kiet,Anderson,YES,10,LEISURE,0,ONLINE,black,blue,tone_6,blue
P8207,Lily,Wilson,NO,2,SOLO,1,ONLINE,brunette_f,black,tone_4,red
P8208,Jack,Diallo,NO,2,LEISURE,1,KIOSK,black,black,tone_5,red
P8209,Ibrahim,Anderson,NO,1,FAMILY,3,KIOSK,black,black,tone_1,blue
P8210,Jordan,Roberts,NO,3,LEISURE,2,KIOSK,blonde_f,blue,tone_6,red
P8211,Hamza,Nasser,NO,3,FAMILY,2,KIOSK,blonde,black,tone_1,red
P8212,Luca,Grant,NO,2,SOLO,0,DESK,blonde,blue,tone_3,red
P8213,Omar,Kone,NO,2,LEISURE,0,DESK,blonde,blue,tone_1,blue
P8214,Mai,Akhtar,NO,1,LEISURE,1,DESK,black_f,black,tone_6,red
P8215,Tao,Brown,NO,1,FAMILY,3,KIOSK,black,black,tone_5,blue
P8216,Ryan,Johnson,NO,2,BUSINESS,0,ONLINE,black,black,tone_1,olive+green
P8217,Anh,Huang,YES,5,LEISURE,1,KIOSK,blonde_f,blue,tone_5,suit
P8218,Chidi,Collins,NO,1,FAMILY,3,KIOSK,black_f,blue,tone_2,olive+green
P8219,Ama,Nasser,YES,9,LEISURE,1,KIOSK,black,black,tone_1,red
P8220,Samir,Kelly,YES,7,FAMILY,1,DESK,blonde_f,blue,tone_5,suit
P8221,Poppy,Thompson,NO,3,LEISURE,1,ONLINE,black_f,black,tone_4,suit
P8222,Marek,Mehta,NO,2,LEISURE,1,KIOSK,blonde,blue,tone_5,red
P8223,Mariam,Anderson,NO,2,FAMILY,3,DESK,black,blue,tone_3,blue
P8224,Ananya,Schneider,NO,1,LEISURE,0,ONLINE,black_f,blue,tone_5,suit
P8225,Hugo,Fofana,NO,1,FAMILY,1,KIOSK,blonde_f,blue,tone_5,blue
P8226,Yuna,Fofana,NO,1,LEISURE,1,ONLINE,black_f,blue,tone_4,red
P8227,Faris,Scott,NO,3,LEISURE,1,KIOSK,blonde,black,tone_4,olive+green
P8228,Reyansh,Vu,NO,2,LEISURE,1,ONLINE,brunette,blue,tone_1,olive+green
P8229,Maeve,Murphy,NO,1,LEISURE,1,ONLINE,blonde,black,tone_3,blue
P8230,Nadia,Carter,NO,3,LEISURE,0,DESK,brunette_f,blue,tone_5,suit
P8231,Ming,Bose,NO,2,BUSINESS,1,KIOSK,brunette,black,tone_4,blue
P8232,Wei,Yang,NO,2,LEISURE,1,ONLINE,blonde,blue,tone_4,olive+green
P8233,Rahul,Tran,YES,5,LEISURE,1,DESK,black_f,black,tone_6,blue
P8234,Benjamin,Zhang,NO,1,LEISURE,2,ONLINE,brunette_f,blue,tone_2,olive+green
P8235,Arnav,Chen,NO,1,BUSINESS,1,DESK,black_f,black,tone_6,suit
P8236,Emily,Tran,NO,1,SOLO,1,KIOSK,blonde,black,tone_6,red
P8237,Ronan,Kang,NO,2,LEISURE,0,ONLINE,black_f,black,tone_5,olive+green
P8238,Hugo,Lewandowski,NO,2,LEISURE,1,ONLINE,blonde,blue,tone_6,blue
P8239,Minho,Evans,NO,2,SOLO,1,DESK,blonde,black,tone_6,blue
P8240,Emily,Kowalski,NO,2,LEISURE,0,ONLINE,brunette,blue,tone_1,suit
P8241,Alejandro,Ruiz,NO,2,BUSINESS,1,ONLINE,blonde_f,blue,tone_1,suit
P8242,Dhruv,Lee,YES,5,LEISURE,0,DESK,blonde,blue,tone_4,suit
P8243,Tara,Malhotra,NO,1,BUSINESS,1,ONLINE,brunette_f,blue,tone_5,suit
P8244,Nhi,Huynh,NO,1,LEISURE,1,ONLINE,black_f,blue,tone_1,olive+green
P8245,Yusuf,Thomas,NO,1,BUSINESS,1,KIOSK,black_f,black,tone_4,suit
P8246,Jasleen,Grant,NO,2,FAMILY,2,DESK,black_f,black,tone_1,olive+green
P8247,Oscar,Lopez,NO,2,SOLO,2,ONLINE,black_f,black,tone_2,blue
P8248,Kenji,Rossi,NO,2,LEISURE,1,KIOSK,black_f,blue,tone_1,suit
P8249,Jaspreet,Vu,NO,1,LEISURE,1,ONLINE,black,blue,tone_2,blue
P8250,Hugo,Adams,NO,1,LEISURE,1,ONLINE,brunette,black,tone_6,suit
P8251,Jacob,Doyle,NO,1,SOLO,2,ONLINE,blonde_f,blue,tone_4,blue
P8252,Nari,Conti,NO,3,FAMILY,2,KIOSK,brunette_f,black,tone_2,red
P8253,Hyejin,Nguyen,NO,1,LEISURE,1,DESK,brunette,blue,tone_2,olive+green
P8254,Felix,Mitchell,NO,1,LEISURE,0,KIOSK,blonde,blue,tone_5,red
P8255,Riley,Akhtar,NO,1,BUSINESS,1,ONLINE,black_f,blue,tone_4,blue
P8256,Jelani,Chopra,NO,1,BUSINESS,1,ONLINE,brunette_f,blue,tone_5,red
P8257,Amelia,Hall,NO,1,FAMILY,2,DESK,blonde,black,tone_1,red
P8258,Hassan,Richards,NO,1,LEISURE,1,DESK,brunette_f,black,tone_6,red
P8259,Ren,Hoang,NO,3,LEISURE,1,KIOSK,black,blue,tone_4,blue
P8260,Samir,Bennett,YES,10,SOLO,1,KIOSK,blonde_f,black,tone_4,olive+green
P8261,Alessia,Thomas,NO,3,LEISURE,0,ONLINE,brunette_f,blue,tone_4,olive+green
P8262,David,Durand,NO,1,LEISURE,1,ONLINE,brunette_f,blue,tone_2,blue
P8263,Ibrahim,Singh,YES,10,LEISURE,1,ONLINE,black,blue,tone_3,blue
P8264,Sami,Fischer,YES,10,LEISURE,1,ONLINE,brunette_f,black,tone_6,suit
P8265,Kacper,Clarke,YES,7,LEISURE,2,ONLINE,black,blue,tone_4,olive+green
P8266,Aoife,Wright,NO,1,LEISURE,0,DESK,black_f,black,tone_6,suit
P8267,Kenji,Richards,NO,1,LEISURE,2,KIOSK,blonde_f,black,tone_2,olive+green
P8268,Michael,Schmidt,NO,1,LEISURE,0,KIOSK,brunette_f,black,tone_5,suit
P8269,Camille,Kaminski,NO,2,BUSINESS,0,KIOSK,black_f,black,tone_3,red
P8270,Kojo,Rodriguez,NO,1,SOLO,2,KIOSK,black_f,blue,tone_5,suit
P8271,Isla,Adeyemi,NO,1,LEISURE,1,DESK,blonde_f,blue,tone_1,red
P8272,Jack,Parker,NO,1,LEISURE,1,ONLINE,brunette_f,black,tone_4,red
P8273,Sakura,Haddad,NO,3,LEISURE,1,KIOSK,black,blue,tone_3,suit
P8274,Hassan,Saleh,YES,10,SOLO,1,KIOSK,black_f,blue,tone_5,blue
P8275,Bethany,Perez,NO,3,LEISURE,2,DESK,brunette,blue,tone_6,blue
P8276,Arthur,Brown,NO,1,LEISURE,1,KIOSK,black,blue,tone_1,olive+green
P8277,Diego,Muller,NO,2,LEISURE,1,ONLINE,blonde,black,tone_5,suit
P8278,Ade,Dang,NO,1,FAMILY,1,DESK,blonde,blue,tone_4,suit
P8279,Karan,Robinson,NO,1,LEISURE,1,ONLINE,brunette_f,black,tone_3,suit
P8280,Matteo,Joshi,NO,1,SOLO,1,ONLINE,black_f,black,tone_5,suit
P8281,Alejandro,Durand,NO,1,BUSINESS,1,KIOSK,black_f,black,tone_5,red
P8282,Amara,Jones,NO,3,FAMILY,2,DESK,black,black,tone_6,blue
P8283,Michael,Martinez,NO,2,LEISURE,1,DESK,brunette_f,blue,tone_6,olive+green
P8284,Nathan,Romano,NO,1,BUSINESS,1,ONLINE,brunette_f,blue,tone_2,suit
P8285,Morgan,Nguyen,NO,1,SOLO,1,ONLINE,blonde_f,black,tone_3,blue
P8286,Zain,Balogun,YES,7,FAMILY,3,DESK,blonde,blue,tone_1,suit
P8287,Mia,White,NO,2,FAMILY,3,ONLINE,brunette_f,black,tone_6,suit
P8288,Manpreet,Wisniewski,YES,9,LEISURE,1,DESK,black,blue,tone_4,blue
P8289,Isabella,Vu,NO,1,LEISURE,1,KIOSK,blonde,black,tone_2,suit
P8290,Cian,Bianchi,NO,1,LEISURE,1,DESK,black,black,tone_3,olive+green
P8291,Zuri,Green,NO,2,LEISURE,2,ONLINE,brunette,black,tone_6,suit
P8292,Eoin,Green,NO,2,SOLO,1,ONLINE,black_f,blue,tone_1,suit
P8293,Ama,Thompson,NO,2,LEISURE,0,ONLINE,blonde_f,blue,tone_1,suit
P8294,Cameron,Taylor,NO,1,LEISURE,2,DESK,brunette_f,black,tone_5,suit
P8295,Alejandro,Rodriguez,YES,9,SOLO,2,DESK,brunette_f,black,tone_1,suit
P8296,Tara,Keita,YES,7,BUSINESS,1,ONLINE,black,black,tone_6,blue
P8297,Luca,Perez,YES,5,FAMILY,2,DESK,brunette_f,black,tone_2,blue
P8298,David,Mitchell,NO,2,BUSINESS,1,KIOSK,blonde_f,black,tone_1,olive+green
P8299,Zofia,Collins,NO,1,LEISURE,1,DESK,blonde,black,tone_2,olive+green
P8300,Eoin,Hussain,NO,2,FAMILY,2,DESK,blonde_f,blue,tone_4,red
P8301,Tao,Conti,NO,3,SOLO,0,DESK,black,blue,tone_1,blue
P8302,Tunde,Akhtar,NO,1,BUSINESS,0,DESK,black_f,black,tone_4,suit
P8303,Ayana,Patel,NO,3,LEISURE,1,ONLINE,blonde_f,black,tone_6,blue
P8304,Vivaan,Rossi,NO,1,LEISURE,1,ONLINE,brunette_f,blue,tone_6,blue
P8305,Yusuf,Baker,NO,2,LEISURE,1,ONLINE,black_f,black,tone_5,red
P8306,Camila,Lopez,NO,1,LEISURE,1,ONLINE,black_f,black,tone_6,blue
P8307,Ishaan,Russell,NO,3,FAMILY,2,DESK,blonde,black,tone_4,red
P8308,Minho,Chen,NO,3,BUSINESS,0,ONLINE,black_f,black,tone_1,olive+green
P8309,Mia,Dubois,NO,2,LEISURE,0,ONLINE,black_f,blue,tone_1,blue
P8310,Oisin,Iqbal,NO,2,LEISURE,1,DESK,black,black,tone_2,blue
P8311,Nia,Watanabe,NO,2,FAMILY,3,KIOSK,blonde,black,tone_4,red
P8312,Mia,Smith,NO,1,LEISURE,1,ONLINE,blonde_f,blue,tone_1,blue
P8313,Tao,Adeyemi,NO,1,LEISURE,1,DESK,blonde_f,blue,tone_2,red
P8314,Camille,Nguyen,YES,5,FAMILY,2,ONLINE,black_f,blue,tone_3,olive+green
P8315,Mila,Ferrari,NO,1,LEISURE,1,KIOSK,brunette,black,tone_1,suit
P8316,Tomasz,Stewart,NO,3,LEISURE,1,ONLINE,black_f,blue,tone_1,red
P8317,Ronan,Yamamoto,NO,1,LEISURE,1,ONLINE,black_f,blue,tone_1,red
P8318,Bethany,Nasser,NO,1,BUSINESS,0,ONLINE,brunette,black,tone_5,red
P8319,Priya,Robinson,NO,3,LEISURE,1,DESK,blonde,blue,tone_4,red
P8320,Emeka,Gill,NO,1,BUSINESS,1,KIOSK,blonde,black,tone_2,olive+green
P8321,Luke,Bamba,YES,10,FAMILY,2,KIOSK,black,blue,tone_2,blue
P8322,Mai,Ferrari,YES,5,SOLO,1,ONLINE,black_f,blue,tone_6,red
P8323,Aarav,Cho,NO,3,SOLO,1,ONLINE,blonde,black,tone_4,blue
P8324,Nathan,Okafor,NO,2,BUSINESS,1,ONLINE,brunette,black,tone_6,olive+green
P8325,Arnav,Collins,NO,1,LEISURE,1,ONLINE,black_f,blue,tone_4,blue
P8326,Greta,Mehta,NO,2,LEISURE,1,KIOSK,brunette,black,tone_1,suit
P8327,Wei,Mensah,NO,1,BUSINESS,0,ONLINE,blonde_f,black,tone_6,suit
P8328,Ronan,Mensah,NO,2,LEISURE,1,DESK,black,blue,tone_6,red
P8329,Arthur,Kapoor,NO,2,SOLO,0,DESK,blonde_f,blue,tone_2,red
P8330,Zuri,Huynh,NO,1,LEISURE,1,KIOSK,brunette,black,tone_4,suit
P8331,Molly,Garcia,NO,1,LEISURE,1,KIOSK,blonde,blue,tone_6,red
P8332,Ahmed,Nasser,NO,2,FAMILY,2,DESK,black,black,tone_6,blue
P8333,Henry,Baker,NO,1,BUSINESS,1,ONLINE,black_f,blue,tone_2,red
P8334,Manpreet,Sharma,NO,1,BUSINESS,0,DESK,black_f,blue,tone_4,olive+green
P8335,Kofi,Traore,YES,5,LEISURE,1,DESK,blonde,blue,tone_4,red
P8336,Oisin,Sharma,YES,10,FAMILY,2,DESK,blonde,black,tone_3,suit
P8337,Grace,Thompson,YES,6,FAMILY,3,DESK,blonde_f,blue,tone_2,suit
P8338,James,Thomas,YES,10,LEISURE,2,ONLINE,brunette,black,tone_3,suit
P8339,Kabir,Keita,NO,1,FAMILY,2,DESK,brunette_f,black,tone_2,blue
P8340,Sebastian,Huynh,NO,1,BUSINESS,1,ONLINE,black_f,black,tone_6,red
P8341,Nari,Boateng,YES,5,BUSINESS,1,DESK,black_f,black,tone_5,olive+green
P8342,Simran,Nowak,NO,3,BUSINESS,0,ONLINE,black,blue,tone_2,suit
P8343,Samir,Vu,YES,10,LEISURE,1,ONLINE,blonde,black,tone_4,olive+green
P8344,Amrit,Asante,NO,1,LEISURE,0,KIOSK,black_f,black,tone_4,suit
P8345,Kwame,Hussain,NO,3,FAMILY,2,DESK,black_f,black,tone_5,blue
P8346,David,Li,YES,7,SOLO,2,ONLINE,blonde_f,black,tone_1,suit
P8347,Kojo,Singh,NO,2,FAMILY,3,DESK,black_f,blue,tone_1,red
P8348,Phoebe,Zhou,NO,1,BUSINESS,0,KIOSK,blonde,black,tone_4,red
P8349,Chloe,Lewandowski,NO,1,LEISURE,1,ONLINE,brunette_f,blue,tone_2,suit
P8350,Kabir,Cho,NO,1,SOLO,1,ONLINE,brunette_f,black,tone_2,olive+green
P8351,Jaspreet,Xu,NO,1,LEISURE,2,ONLINE,blonde,black,tone_3,blue
P8352,Luke,Pham,NO,3,FAMILY,2,KIOSK,black_f,black,tone_5,suit
P8353,Rin,Joshi,NO,3,LEISURE,1,DESK,black_f,black,tone_3,suit
P8354,Alessia,Adeyemi,NO,2,LEISURE,1,KIOSK,brunette_f,blue,tone_3,blue
P8355,Kabir,Martinez,YES,7,LEISURE,2,ONLINE,brunette,black,tone_5,olive+green
P8356,Nhi,Vu,NO,1,LEISURE,0,ONLINE,black,black,tone_1,olive+green
P8357,Declan,Liu,NO,2,LEISURE,0,ONLINE,black_f,blue,tone_1,olive+green
P8358,Mia,Bennett,NO,3,FAMILY,3,ONLINE,blonde_f,blue,tone_6,olive+green
P8359,Daichi,Ruiz,NO,2,LEISURE,1,DESK,brunette_f,black,tone_5,blue
P8360,Nia,Walker,NO,3,FAMILY,2,ONLINE,brunette_f,black,tone_1,blue
P8361,Ananya,Sandhu,YES,8,LEISURE,1,KIOSK,black,blue,tone_1,blue
P8362,Priya,Gallagher,NO,1,SOLO,1,DESK,blonde,blue,tone_4,suit
P8363,Aiko,O'Brien,NO,1,BUSINESS,1,ONLINE,blonde,blue,tone_3,red
P8364,Minho,Campbell,NO,1,LEISURE,2,ONLINE,blonde,black,tone_5,blue
P8365,Sam,Boateng,NO,1,LEISURE,0,DESK,black,black,tone_2,red
P8366,Hana,Kowalski,NO,3,BUSINESS,1,ONLINE,blonde_f,blue,tone_6,olive+green
P8367,Aanya,Agyeman,NO,3,BUSINESS,1,ONLINE,brunette_f,blue,tone_4,blue
P8368,Lily,Kim,NO,2,LEISURE,1,KIOSK,brunette_f,blue,tone_6,suit
P8369,Victoria,Xu,NO,2,FAMILY,1,KIOSK,brunette_f,black,tone_1,olive+green
P8370,Jonas,Adams,NO,1,LEISURE,1,ONLINE,blonde_f,blue,tone_5,red
P8371,Soyeon,Schneider,NO,1,BUSINESS,1,KIOSK,brunette,blue,tone_4,suit
P8372,Alessia,Takahashi,YES,8,BUSINESS,1,ONLINE,blonde_f,black,tone_3,suit
P8373,Faris,Keita,NO,2,LEISURE,1,ONLINE,brunette_f,black,tone_5,olive+green
P8374,Jian,Jung,NO,2,LEISURE,0,ONLINE,black_f,blue,tone_2,olive+green
P8375,Lena,Toure,NO,1,SOLO,1,KIOSK,blonde,blue,tone_3,olive+green
P8376,Akira,Mensah,NO,1,BUSINESS,0,ONLINE,black,blue,tone_2,red
P8377,Evie,Adeyemi,NO,1,LEISURE,1,ONLINE,black,black,tone_3,blue
P8378,Sophie,Haddad,YES,5,SOLO,1,KIOSK,black,black,tone_5,blue
P8379,Ming,Adams,NO,3,LEISURE,1,ONLINE,blonde_f,blue,tone_6,blue
P8380,Mandeep,Anderson,NO,1,LEISURE,1,DESK,brunette,blue,tone_6,red
P8381,Faris,Moreau,YES,10,BUSINESS,1,ONLINE,blonde,black,tone_2,red
P8382,Zain,Jones,NO,2,FAMILY,3,DESK,black_f,blue,tone_4,suit
P8383,Adwoa,Bailey,NO,3,FAMILY,2,DESK,blonde_f,black,tone_1,suit
P8384,Georgia,Watanabe,YES,9,BUSINESS,0,ONLINE,blonde,blue,tone_3,suit
P8385,Ananya,Shah,NO,1,SOLO,0,ONLINE,brunette,black,tone_4,suit
P8386,Camila,Gill,NO,1,BUSINESS,1,ONLINE,blonde_f,black,tone_6,olive+green
P8387,Camille,Bernard,NO,1,SOLO,1,DESK,blonde_f,blue,tone_2,suit
P8388,Tara,Reed,YES,8,SOLO,1,ONLINE,blonde_f,blue,tone_4,suit
P8389,Samar,Park,NO,2,LEISURE,1,DESK,brunette,blue,tone_3,blue
P8390,Sam,Nasser,NO,1,BUSINESS,0,ONLINE,brunette,blue,tone_2,suit
P8391,Isha,Park,NO,2,LEISURE,1,KIOSK,brunette,black,tone_6,blue
P8392,Ava,Yamamoto,YES,9,LEISURE,1,DESK,black_f,blue,tone_2,red
P8393,Femi,Sow,YES,7,LEISURE,1,DESK,black_f,blue,tone_4,red
P8394,Haruto,Keita,NO,1,LEISURE,1,DESK,blonde_f,black,tone_6,red
P8395,Hannah,Richards,NO,2,LEISURE,1,KIOSK,black_f,blue,tone_1,blue
P8396,Simran,Davies,NO,1,FAMILY,2,DESK,black_f,black,tone_4,blue
P8397,Arthur,Morgan,NO,1,SOLO,2,ONLINE,blonde_f,black,tone_1,olive+green
P8398,Neil,Wright,NO,1,LEISURE,0,ONLINE,brunette,blue,tone_2,suit
P8399,Aryan,Traore,NO,1,FAMILY,1,KIOSK,black_f,black,tone_2,blue
P8400,Evie,Ali,YES,10,FAMILY,3,DESK,blonde_f,blue,tone_1,red
P8401,Aryan,Thompson,NO,3,LEISURE,1,KIOSK,brunette_f,blue,tone_5,olive+green
P8402,Lucie,Weber,NO,3,LEISURE,2,ONLINE,black,blue,tone_5,red
P8403,Jamie,Davies,NO,1,LEISURE,1,ONLINE,brunette,blue,tone_3,red
P8404,Alessia,Tran,NO,1,FAMILY,1,ONLINE,black,black,tone_3,blue
P8405,Sophia,Mitchell,NO,2,LEISURE,0,ONLINE,black_f,blue,tone_6,suit
P8406,Niklas,Takahashi,NO,1,SOLO,1,KIOSK,brunette_f,blue,tone_1,suit
P8407,Alex,Jung,NO,1,SOLO,1,ONLINE,brunette_f,blue,tone_2,red
P8408,Zuri,Kowalski,NO,2,SOLO,1,ONLINE,black,black,tone_1,blue
P8409,Louis,Evans,NO,1,BUSINESS,1,ONLINE,black,blue,tone_1,suit
P8410,Nari,Kone,NO,3,FAMILY,1,DESK,blonde,blue,tone_2,suit
P8411,Kwame,Ferrari,NO,1,LEISURE,1,KIOSK,blonde,black,tone_3,olive+green
P8412,Jamie,Chen,YES,7,LEISURE,1,ONLINE,blonde_f,black,tone_4,olive+green
P8413,Kacper,Stewart,NO,3,LEISURE,1,ONLINE,blonde,black,tone_2,olive+green
P8414,Chidi,Jung,NO,1,LEISURE,0,ONLINE,black,blue,tone_3,blue
P8415,Aaliyah,Ryan,NO,3,FAMILY,3,DESK,brunette_f,blue,tone_1,suit
P8416,Ishaan,Adeyemi,YES,9,LEISURE,1,DESK,black,black,tone_2,suit
P8417,Jack,Grant,NO,3,FAMILY,2,ONLINE,brunette,blue,tone_3,blue
P8418,Minho,Sandhu,NO,1,SOLO,1,KIOSK,brunette,blue,tone_5,suit
P8419,Faris,Zielinski,NO,3,BUSINESS,1,ONLINE,black_f,black,tone_3,olive+green
P8420,Bao,Camara,YES,8,SOLO,0,ONLINE,black,blue,tone_1,blue
P8421,Lucie,Grant,NO,1,SOLO,0,KIOSK,black_f,blue,tone_1,olive+green
P8422,Haruto,Rahman,NO,2,SOLO,1,DESK,black,black,tone_4,red
P8423,Navdeep,Schmidt,NO,3,LEISURE,2,DESK,black_f,blue,tone_4,suit
P8424,Hyejin,Roberts,NO,1,LEISURE,2,DESK,brunette,blue,tone_3,red
P8425,Emeka,Williams,NO,1,BUSINESS,1,ONLINE,black,black,tone_5,suit
P8426,Harriet,Rahman,NO,2,FAMILY,3,ONLINE,blonde,blue,tone_2,blue
P8427,Ella,Davies,NO,1,BUSINESS,1,ONLINE,brunette_f,blue,tone_6,blue
P8428,Arjun,Johnson,NO,1,LEISURE,1,ONLINE,black,black,tone_1,red
P8429,Chiara,Phan,NO,1,LEISURE,1,DESK,black,black,tone_5,red
P8430,Nari,Jones,NO,2,BUSINESS,0,ONLINE,blonde,blue,tone_5,suit
P8431,Amara,Wu,NO,2,LEISURE,2,DESK,black_f,black,tone_3,olive+green
P8432,Priya,Jackson,NO,1,FAMILY,2,DESK,brunette_f,black,tone_6,olive+green
P8433,Alejandro,Gallagher,YES,9,LEISURE,1,DESK,black,black,tone_4,blue
P8434,Alex,Gupta,NO,1,FAMILY,2,DESK,blonde_f,black,tone_1,olive+green
P8435,Omar,Ferrari,NO,2,FAMILY,3,ONLINE,brunette_f,blue,tone_6,suit
P8436,Chiara,Sidhu,NO,3,FAMILY,3,DESK,brunette,black,tone_2,olive+green
P8437,Emeka,Ferrari,NO,1,LEISURE,1,ONLINE,brunette_f,black,tone_5,red
P8438,Linh,Li,NO,1,LEISURE,1,KIOSK,blonde_f,blue,tone_6,olive+green
P8439,Rin,Yoon,NO,1,LEISURE,1,KIOSK,blonde,blue,tone_4,red
P8440,Nathan,Sidhu,YES,6,BUSINESS,0,ONLINE,black_f,blue,tone_4,red
P8441,Akira,Verma,NO,1,LEISURE,0,DESK,blonde_f,blue,tone_5,olive+green
P8442,Ahmed,Ryan,NO,2,LEISURE,1,DESK,black_f,blue,tone_4,olive+green
P8443,Bilal,Bennett,NO,1,SOLO,2,DESK,black,blue,tone_3,blue
P8444,Jordan,Fischer,NO,3,BUSINESS,1,ONLINE,brunette_f,blue,tone_4,blue
P8445,Yuna,Nguyen,NO,2,FAMILY,2,DESK,black,black,tone_5,suit
P8446,Minji,Okafor,NO,2,LEISURE,1,ONLINE,black_f,blue,tone_3,blue
P8447,Jun,Moreau,NO,1,FAMILY,2,ONLINE,black_f,black,tone_5,olive+green
P8448,Hana,Toure,NO,2,LEISURE,0,ONLINE,black,black,tone_6,blue
P8449,Oliver,Camara,YES,6,BUSINESS,2,ONLINE,brunette_f,black,tone_3,blue
P8450,Kabir,Saleh,NO,1,BUSINESS,0,KIOSK,brunette,blue,tone_1,red
P8451,Greta,Siddiqui,NO,1,SOLO,0,DESK,brunette,blue,tone_3,olive+green
P8452,Ishaan,Thompson,YES,10,LEISURE,2,ONLINE,blonde,blue,tone_1,red
P8453,Manon,Suzuki,NO,1,LEISURE,0,KIOSK,brunette_f,black,tone_5,red
P8454,Wei,Wright,NO,2,LEISURE,2,KIOSK,brunette,blue,tone_2,suit
P8455,Aarav,Zhang,YES,8,BUSINESS,1,ONLINE,blonde,black,tone_2,suit
P8456,Sophie,Gray,YES,9,LEISURE,2,DESK,brunette_f,blue,tone_6,blue
P8457,Navdeep,Howard,YES,5,LEISURE,1,ONLINE,brunette,black,tone_3,olive+green
P8458,Vivaan,Kaminski,NO,2,LEISURE,0,KIOSK,black,blue,tone_1,suit
P8459,Malik,Li,NO,2,BUSINESS,1,ONLINE,brunette,blue,tone_6,suit
P8460,Aditya,Rao,NO,3,FAMILY,3,ONLINE,black,black,tone_6,olive+green
P8461,Soyeon,Sow,NO,1,FAMILY,3,KIOSK,brunette,black,tone_3,suit
P8462,Amara,Ahmed,NO,1,BUSINESS,0,ONLINE,blonde,blue,tone_6,blue
P8463,Rohan,Gallagher,NO,3,SOLO,1,KIOSK,black_f,blue,tone_5,suit
P8464,James,Watson,NO,2,BUSINESS,0,ONLINE,blonde,black,tone_2,blue
P8465,Oscar,Anderson,NO,1,LEISURE,2,KIOSK,blonde,black,tone_6,blue
P8466,Amara,Wisniewski,NO,1,SOLO,0,ONLINE,blonde_f,black,tone_2,red
P8467,Vihaan,Richards,YES,10,LEISURE,1,ONLINE,black_f,black,tone_2,blue
P8468,Simran,Eze,NO,3,FAMILY,1,DESK,brunette_f,blue,tone_2,suit
P8469,Minh,Romano,NO,2,LEISURE,0,DESK,black,blue,tone_3,olive+green
P8470,Alex,Yamamoto,NO,2,FAMILY,2,DESK,brunette,black,tone_2,blue
P8471,Felix,Mensah,NO,2,BUSINESS,1,DESK,brunette,black,tone_4,blue
P8472,Dev,Wisniewski,NO,1,LEISURE,2,DESK,blonde_f,blue,tone_1,blue
P8473,Benjamin,Scott,NO,1,BUSINESS,1,DESK,black_f,blue,tone_2,blue
P8474,Diya,Jung,NO,1,FAMILY,2,DESK,blonde_f,blue,tone_6,blue
P8475,Neil,Leroy,NO,1,BUSINESS,0,DESK,brunette_f,blue,tone_1,blue
P8476,Salma,Eze,NO,1,BUSINESS,1,ONLINE,black_f,black,tone_6,blue
P8477,Camila,Hussain,NO,2,BUSINESS,0,ONLINE,blonde,blue,tone_4,blue
P8478,Benjamin,Mahmood,NO,3,BUSINESS,0,ONLINE,blonde_f,black,tone_5,olive+green
P8479,Diya,Wang,NO,1,LEISURE,2,ONLINE,black_f,blue,tone_4,blue
P8480,Karim,Mahmood,NO,2,LEISURE,1,ONLINE,brunette,black,tone_1,olive+green
P8481,Amelia,Kowalski,NO,3,LEISURE,1,DESK,brunette,black,tone_4,blue
P8482,Faris,Kone,NO,1,SOLO,1,DESK,brunette_f,black,tone_3,red
P8483,Tariq,Davies,YES,7,LEISURE,1,KIOSK,black,blue,tone_5,suit
P8484,Rahul,Martinez,NO,2,LEISURE,0,ONLINE,brunette_f,blue,tone_6,suit
P8485,Minh,Walker,YES,8,BUSINESS,1,ONLINE,blonde,black,tone_1,red
P8486,Jelani,Hoang,NO,3,LEISURE,2,ONLINE,blonde_f,blue,tone_5,blue
P8487,Aanya,Eze,YES,7,LEISURE,1,DESK,blonde,black,tone_2,suit
P8488,Noah,Dhillon,NO,2,LEISURE,1,DESK,brunette,blue,tone_6,red
P8489,Nia,Mitchell,NO,1,LEISURE,2,ONLINE,brunette_f,blue,tone_3,suit
P8490,Zofia,Bennett,NO,1,FAMILY,3,DESK,black_f,black,tone_2,suit
P8491,Jisoo,Boateng,NO,2,FAMILY,2,DESK,black_f,blue,tone_1,blue
P8492,Jelani,Howard,YES,8,FAMILY,2,DESK,blonde_f,blue,tone_2,olive+green
P8493,Violet,Thomas,NO,2,SOLO,2,DESK,black_f,blue,tone_5,blue
P8494,Jacob,Watson,NO,1,FAMILY,2,DESK,blonde,blue,tone_6,suit
P8495,Cian,Takahashi,NO,1,BUSINESS,1,ONLINE,black_f,blue,tone_5,suit
P8496,Yuna,Nowak,NO,1,LEISURE,1,ONLINE,blonde,black,tone_6,olive+green
P8497,Molly,Grant,NO,1,SOLO,1,ONLINE,brunette_f,black,tone_3,olive+green
P8498,George,Rao,NO,1,FAMILY,3,DESK,black,blue,tone_6,blue
P8499,Manpreet,Huynh,NO,1,LEISURE,1,ONLINE,blonde,black,tone_2,blue
P8500,Mateo,Eze,YES,7,BUSINESS,1,ONLINE,brunette,blue,tone_2,olive+green
P8501,Manpreet,Fischer,NO,1,SOLO,0,KIOSK,brunette,black,tone_4,olive+green
P8502,Emily,Brar,NO,2,SOLO,1,ONLINE,blonde,blue,tone_5,olive+green
P8503,Akira,Adeyemi,NO,3,FAMILY,2,KIOSK,blonde,blue,tone_6,suit
P8504,Vihaan,Nasser,NO,2,FAMILY,2,KIOSK,brunette,black,tone_4,suit
P8505,Oisin,Taylor,NO,1,LEISURE,2,DESK,brunette,black,tone_6,olive+green
P8506,Ali,Rahman,NO,1,LEISURE,2,DESK,black,black,tone_2,suit
P8507,Ruby,Perez,NO,3,BUSINESS,1,ONLINE,blonde,black,tone_6,red
P8508,Amara,Chopra,NO,1,SOLO,1,KIOSK,blonde_f,black,tone_6,suit
P8509,Alex,Mensah,NO,1,LEISURE,2,ONLINE,brunette,black,tone_5,red
P8510,Oisin,Khalil,YES,7,BUSINESS,0,ONLINE,brunette,black,tone_3,olive+green
P8511,Harriet,Murphy,NO,2,BUSINESS,0,ONLINE,black,black,tone_2,olive+green
P8512,Giulia,Owusu,NO,2,SOLO,1,DESK,blonde_f,blue,tone_2,blue
P8513,Mia,Zhou,NO,1,BUSINESS,1,KIOSK,black_f,blue,tone_1,red
P8514,Aanya,Wright,NO,1,BUSINESS,0,KIOSK,blonde,black,tone_5,olive+green
P8515,Isha,Kim,NO,1,LEISURE,1,DESK,brunette_f,black,tone_5,blue
P8516,Camille,Ricci,YES,9,BUSINESS,1,ONLINE,blonde_f,black,tone_2,olive+green
P8517,Nathan,Moretti,NO,3,BUSINESS,0,ONLINE,brunette,blue,tone_6,blue
P8518,Kacper,Mehta,YES,7,LEISURE,1,ONLINE,blonde,blue,tone_3,olive+green
P8519,Sami,Conti,NO,1,LEISURE,1,ONLINE,black,blue,tone_6,olive+green
P8520,Morgan,Sow,NO,2,LEISURE,2,DESK,brunette_f,blue,tone_2,red
P8521,Alessia,Young,YES,6,SOLO,1,KIOSK,brunette,black,tone_6,olive+green
P8522,Emilia,Suzuki,NO,2,LEISURE,0,KIOSK,blonde,blue,tone_5,blue
P8523,Oscar,Dubois,NO,1,BUSINESS,1,DESK,black_f,black,tone_6,olive+green
P8524,Bao,Schneider,NO,2,SOLO,1,DESK,black_f,blue,tone_5,suit
P8525,Alex,Okafor,NO,3,LEISURE,1,DESK,blonde_f,black,tone_6,suit
P8526,Avery,Gill,YES,8,LEISURE,0,ONLINE,brunette_f,black,tone_1,suit
P8527,Benjamin,Martinez,NO,1,BUSINESS,0,ONLINE,brunette_f,blue,tone_2,olive+green
P8528,Avery,Lopez,NO,2,FAMILY,3,DESK,brunette,black,tone_2,olive+green
P8529,Thomas,Phan,NO,1,LEISURE,1,DESK,blonde_f,black,tone_4,red
P8530,Niklas,Kaminski,NO,2,FAMILY,1,DESK,black,black,tone_2,suit
P8531,Soyeon,Nasser,NO,2,LEISURE,2,KIOSK,brunette_f,blue,tone_5,red
P8532,Akira,Bailey,NO,2,BUSINESS,1,DESK,blonde_f,black,tone_4,blue
P8533,Amelia,Anderson,NO,1,FAMILY,3,DESK,blonde_f,blue,tone_6,blue
P8534,Morgan,Wright,NO,2,FAMILY,3,DESK,black_f,blue,tone_2,red
P8535,Molly,Agyeman,NO,1,FAMILY,2,ONLINE,brunette_f,black,tone_2,blue
P8536,Riley,Anderson,YES,5,SOLO,1,ONLINE,blonde_f,blue,tone_6,red
P8537,Minho,Carter,NO,2,LEISURE,0,DESK,brunette,blue,tone_1,red
P8538,Jaspreet,Wilson,NO,1,FAMILY,2,DESK,black_f,black,tone_2,blue
P8539,Jasleen,Dhillon,YES,7,LEISURE,1,DESK,brunette_f,blue,tone_3,suit
P8540,Kenji,Bianchi,NO,1,LEISURE,1,KIOSK,blonde_f,black,tone_6,suit
P8541,Chiara,Camara,NO,1,LEISURE,0,ONLINE,brunette_f,blue,tone_6,red
P8542,George,Thomas,NO,2,LEISURE,1,ONLINE,blonde,black,tone_3,blue
P8543,Olivia,Watanabe,NO,3,LEISURE,1,ONLINE,brunette,black,tone_2,blue
P8544,Charlie,Nwosu,YES,7,SOLO,1,ONLINE,brunette,blue,tone_4,blue
P8545,Ishaan,Garcia,NO,1,LEISURE,1,DESK,black_f,black,tone_5,blue
P8546,Gurleen,Agyeman,YES,5,LEISURE,1,DESK,black_f,black,tone_4,blue
P8547,Krish,Gomez,NO,1,FAMILY,3,KIOSK,blonde,blue,tone_6,red
P8548,Taylor,Liu,NO,1,BUSINESS,0,ONLINE,blonde,black,tone_6,red
P8549,Valentina,Brar,NO,1,LEISURE,0,ONLINE,black_f,black,tone_5,red
P8550,Linh,Choi,NO,1,SOLO,1,KIOSK,brunette,blue,tone_2,suit
P8551,Yusuf,Wisniewski,YES,9,SOLO,0,DESK,black,black,tone_3,red
P8552,Aryan,Robinson,NO,3,FAMILY,2,DESK,black,black,tone_2,suit
P8553,Jamie,Foster,NO,1,LEISURE,1,ONLINE,blonde_f,blue,tone_3,suit
P8554,Salma,Kapoor,NO,1,FAMILY,1,DESK,blonde_f,black,tone_3,red
P8555,Oscar,Young,NO,1,LEISURE,1,KIOSK,blonde_f,black,tone_1,suit
P8556,Oliver,Foster,NO,2,LEISURE,2,DESK,blonde,blue,tone_5,olive+green
P8557,Vivaan,Pham,NO,1,SOLO,1,ONLINE,blonde_f,blue,tone_1,red
P8558,Felix,Francis,NO,1,LEISURE,1,DESK,blonde_f,blue,tone_2,suit
P8559,Oliver,Watanabe,NO,2,LEISURE,1,KIOSK,black,black,tone_1,olive+green
P8560,Greta,Patel,NO,1,LEISURE,2,DESK,blonde,black,tone_4,olive+green
P8561,Avery,Jones,NO,2,LEISURE,2,DESK,blonde_f,black,tone_4,olive+green
P8562,Thomas,Romano,NO,1,LEISURE,0,ONLINE,blonde_f,blue,tone_6,suit
P8563,Orla,Chen,NO,1,LEISURE,1,ONLINE,brunette_f,blue,tone_3,suit
P8564,Ryan,Roberts,NO,2,BUSINESS,0,ONLINE,blonde_f,black,tone_1,red
P8565,Aarav,O'Brien,NO,1,BUSINESS,1,ONLINE,blonde,black,tone_2,suit
P8566,Karim,Garcia,NO,2,FAMILY,2,ONLINE,brunette_f,blue,tone_4,suit
P8567,Minho,Clarke,YES,7,LEISURE,1,DESK,blonde_f,blue,tone_1,suit
P8568,Morgan,Ahmed,NO,3,SOLO,1,ONLINE,blonde,blue,tone_1,suit
P8569,Mei,Williams,YES,8,SOLO,1,KIOSK,black,black,tone_5,olive+green
P8570,Samir,Davies,NO,1,FAMILY,2,KIOSK,black,blue,tone_2,olive+green
P8571,Dev,Yamamoto,NO,2,BUSINESS,0,ONLINE,brunette_f,black,tone_3,blue
P8572,Declan,Mitchell,NO,1,FAMILY,1,DESK,blonde,blue,tone_4,red
P8573,Rin,Thompson,NO,3,LEISURE,0,ONLINE,black,black,tone_6,red
P8574,Harpreet,Rossi,NO,1,BUSINESS,0,ONLINE,blonde_f,black,tone_3,blue
P8575,Mariam,Walker,NO,1,LEISURE,0,ONLINE,brunette_f,blue,tone_4,olive+green
P8576,Olivia,Hussain,NO,2,FAMILY,3,KIOSK,brunette_f,black,tone_2,olive+green
P8577,Yuki,Malik,NO,1,BUSINESS,0,ONLINE,black,black,tone_1,blue
P8578,Mandeep,Lewandowski,NO,1,SOLO,1,DESK,brunette_f,black,tone_2,olive+green
P8579,Greta,Khan,YES,7,LEISURE,1,KIOSK,brunette,blue,tone_2,blue
P8580,Kojo,Cho,YES,7,SOLO,0,ONLINE,black_f,black,tone_2,blue
P8581,Akira,Gomez,NO,2,BUSINESS,0,ONLINE,brunette_f,blue,tone_2,red
P8582,Aryan,Carter,NO,3,LEISURE,1,KIOSK,black_f,blue,tone_2,blue
P8583,Jasleen,Suzuki,NO,1,LEISURE,1,KIOSK,blonde_f,black,tone_1,red
P8584,Grace,Phan,YES,7,LEISURE,2,DESK,black_f,blue,tone_6,red
P8585,Hannah,Nguyen,YES,10,LEISURE,1,KIOSK,black_f,blue,tone_4,suit
P8586,Mariam,Reddy,YES,7,LEISURE,0,DESK,black,black,tone_1,suit
P8587,Kenji,Bose,NO,2,LEISURE,2,KIOSK,black,black,tone_3,olive+green
P8588,Meera,Jung,NO,1,SOLO,2,KIOSK,blonde,blue,tone_6,suit
P8589,Sota,Toure,NO,3,BUSINESS,1,ONLINE,blonde_f,blue,tone_4,blue
P8590,Joon,Gupta,NO,3,BUSINESS,0,DESK,brunette_f,blue,tone_1,suit
P8591,Marek,Watanabe,NO,2,SOLO,1,KIOSK,black,blue,tone_4,blue
P8592,Arjun,Romano,NO,1,LEISURE,1,ONLINE,brunette_f,blue,tone_5,blue
P8593,Matteo,Schneider,NO,3,LEISURE,2,ONLINE,black,black,tone_4,blue
P8594,Diego,Bose,NO,3,LEISURE,1,ONLINE,brunette,blue,tone_1,red
P8595,Niklas,Garcia,NO,2,LEISURE,1,DESK,black,blue,tone_2,blue
P8596,Cian,Rao,NO,2,SOLO,1,KIOSK,brunette_f,black,tone_6,suit
P8597,Rohan,Eze,YES,6,SOLO,1,DESK,brunette,blue,tone_3,blue
P8598,Diego,Roberts,NO,1,BUSINESS,1,ONLINE,brunette_f,black,tone_2,blue
P8599,Imani,Joshi,YES,5,BUSINESS,1,DESK,black_f,blue,tone_1,suit
P8600,Arthur,Yang,NO,3,LEISURE,1,ONLINE,brunette_f,blue,tone_6,suit
P8601,Riya,Martinez,NO,1,SOLO,0,ONLINE,black,blue,tone_6,olive+green
P8602,Femi,Rossi,NO,2,LEISURE,1,KIOSK,blonde,blue,tone_2,suit
P8603,Hannah,Keita,NO,1,SOLO,1,DESK,black_f,black,tone_1,red
P8604,Femi,Keita,NO,2,FAMILY,2,ONLINE,brunette_f,blue,tone_6,red
P8605,Violet,Schmidt,NO,1,FAMILY,2,ONLINE,blonde_f,blue,tone_5,suit
P8606,Minho,Khan,NO,1,SOLO,1,ONLINE,blonde_f,black,tone_3,red
P8607,Neil,Adeyemi,NO,2,LEISURE,1,KIOSK,blonde_f,black,tone_5,blue
P8608,Arnav,Asante,YES,8,LEISURE,1,KIOSK,brunette,black,tone_4,red
P8609,Priya,Garcia,NO,1,BUSINESS,1,ONLINE,brunette_f,blue,tone_5,suit
P8610,Aanya,Muller,NO,3,SOLO,0,KIOSK,black,black,tone_4,blue
P8611,Luca,Vu,YES,9,FAMILY,2,ONLINE,brunette_f,black,tone_6,blue
P8612,Oisin,Baker,NO,2,BUSINESS,0,KIOSK,blonde,blue,tone_3,olive+green
P8613,Camila,Moretti,YES,8,BUSINESS,1,ONLINE,brunette,blue,tone_2,blue
P8614,Mariam,Verma,NO,3,FAMILY,2,KIOSK,black_f,black,tone_4,suit
P8615,Sam,Campbell,YES,10,FAMILY,3,DESK,blonde_f,black,tone_5,suit
P8616,Eoin,Wu,NO,2,LEISURE,2,DESK,brunette_f,black,tone_3,olive+green
P8617,Ella,Wu,NO,1,LEISURE,1,DESK,brunette,black,tone_2,olive+green
P8618,Hao,Camara,YES,10,LEISURE,2,ONLINE,brunette,black,tone_5,olive+green
P8619,Ming,Watson,NO,2,SOLO,0,ONLINE,brunette,blue,tone_5,red
P8620,Ngozi,Bennett,NO,2,LEISURE,1,ONLINE,blonde_f,black,tone_5,blue
P8621,Neil,Thomas,NO,1,FAMILY,2,DESK,brunette,black,tone_1,red
P8622,Trang,Shah,NO,1,SOLO,2,KIOSK,brunette_f,blue,tone_4,red
P8623,Amara,Evans,NO,1,BUSINESS,1,ONLINE,blonde_f,blue,tone_4,red
P8624,Ayana,Walsh,YES,9,SOLO,1,ONLINE,black,blue,tone_1,blue
P8625,Mai,Ruiz,YES,5,LEISURE,2,DESK,brunette_f,blue,tone_2,suit
P8626,Abena,Ruiz,NO,3,FAMILY,2,ONLINE,blonde_f,black,tone_4,olive+green
P8627,Mariam,Walsh,NO,1,LEISURE,1,KIOSK,black_f,blue,tone_4,blue
P8628,Rohan,Sandhu,NO,2,LEISURE,1,KIOSK,blonde,black,tone_2,red
P8629,Nathan,Desai,NO,1,LEISURE,1,ONLINE,black,blue,tone_5,suit
P8630,Niamh,Hussain,NO,3,LEISURE,1,ONLINE,black_f,black,tone_2,suit
P8631,Grace,Chen,NO,2,LEISURE,1,ONLINE,blonde,black,tone_4,olive+green
P8632,Meera,Perez,NO,3,LEISURE,1,ONLINE,brunette_f,black,tone_3,red
P8633,Marek,Esposito,NO,2,LEISURE,1,ONLINE,brunette,black,tone_4,red
P8634,Felix,Bose,NO,2,BUSINESS,0,ONLINE,brunette_f,blue,tone_1,olive+green
P8635,Neil,Rao,NO,1,LEISURE,1,ONLINE,black,blue,tone_3,suit
P8636,Tariq,Nwosu,NO,3,BUSINESS,0,ONLINE,blonde,blue,tone_5,suit
P8637,Zuri,Campbell,NO,2,LEISURE,1,DESK,blonde_f,black,tone_4,red
P8638,Luke,Khan,NO,1,FAMILY,2,KIOSK,brunette,black,tone_4,red
P8639,Kenji,Kowalski,NO,2,FAMILY,3,ONLINE,black,blue,tone_2,red
P8640,Tunde,Le,NO,1,SOLO,1,DESK,blonde_f,black,tone_3,red
P8641,Luca,Mehta,NO,1,BUSINESS,0,KIOSK,brunette_f,black,tone_4,blue
P8642,Hana,Vu,NO,3,SOLO,1,DESK,blonde,blue,tone_4,suit
P8643,Harriet,Jones,NO,1,LEISURE,0,KIOSK,black_f,black,tone_1,red
P8644,Tao,Moretti,YES,7,BUSINESS,0,ONLINE,brunette,black,tone_2,suit
P8645,Amara,Doyle,NO,1,LEISURE,0,DESK,brunette,black,tone_6,blue
P8646,Veer,Mensah,YES,7,BUSINESS,0,ONLINE,blonde_f,black,tone_5,red
P8647,Molly,Takahashi,NO,1,SOLO,1,ONLINE,blonde,blue,tone_1,red
P8648,Michael,Moreau,NO,2,LEISURE,1,ONLINE,black,black,tone_2,blue
P8649,Arnav,Toure,NO,2,SOLO,2,ONLINE,blonde_f,blue,tone_3,olive+green
P8650,Orla,Fischer,NO,2,LEISURE,1,ONLINE,blonde,black,tone_2,suit
P8651,Oisin,Akhtar,NO,1,LEISURE,1,KIOSK,black_f,black,tone_6,olive+green
P8652,David,Byrne,NO,2,FAMILY,2,DESK,black_f,blue,tone_6,olive+green
P8653,Ananya,Schmidt,NO,1,LEISURE,0,ONLINE,brunette,blue,tone_4,red
P8654,Nia,Morgan,NO,1,LEISURE,1,KIOSK,blonde_f,black,tone_6,blue
P8655,Sota,Ruiz,NO,1,SOLO,1,ONLINE,brunette_f,black,tone_5,blue
P8656,Noor,Yamamoto,NO,1,BUSINESS,1,ONLINE,brunette,blue,tone_5,blue
P8657,Mei,Bernard,NO,1,LEISURE,0,DESK,black_f,black,tone_2,blue
P8658,Noor,Cho,NO,1,BUSINESS,1,ONLINE,blonde_f,blue,tone_3,red
P8659,Kiet,Bose,NO,1,LEISURE,1,ONLINE,blonde_f,blue,tone_1,red
P8660,Mei,Boateng,NO,1,SOLO,1,KIOSK,brunette,blue,tone_4,olive+green
P8661,Soyeon,Muller,NO,2,LEISURE,1,ONLINE,black_f,blue,tone_3,blue
P8662,Johanna,Siddiqui,YES,7,LEISURE,1,DESK,blonde,blue,tone_6,suit
P8663,Lily,Scott,NO,1,LEISURE,1,KIOSK,blonde_f,blue,tone_6,olive+green
P8664,Taylor,Phan,YES,9,BUSINESS,2,ONLINE,blonde,black,tone_4,olive+green
P8665,Daichi,Johnson,YES,6,LEISURE,1,KIOSK,black,black,tone_3,suit
P8666,Diya,Wilson,NO,1,LEISURE,0,DESK,brunette_f,black,tone_6,olive+green
P8667,Meera,Gill,NO,1,LEISURE,2,KIOSK,black,blue,tone_4,suit
P8668,Lucie,Davies,YES,6,BUSINESS,1,KIOSK,black,blue,tone_5,suit
P8669,Femi,Owusu,NO,2,FAMILY,2,DESK,blonde_f,blue,tone_1,red
P8670,Violet,Martinez,NO,2,SOLO,2,ONLINE,brunette,blue,tone_4,suit
P8671,Taylor,Zielinski,NO,1,LEISURE,0,KIOSK,black,black,tone_5,suit
P8672,Morgan,Hoang,NO,2,LEISURE,1,ONLINE,blonde,blue,tone_1,olive+green
P8673,Luke,Balogun,NO,1,SOLO,1,DESK,brunette,blue,tone_1,olive+green
P8674,Tomasz,Mehta,NO,3,LEISURE,2,DESK,black_f,black,tone_5,suit
P8675,Daichi,O'Brien,NO,3,SOLO,0,ONLINE,blonde_f,black,tone_5,red
P8676,Riya,Ruiz,NO,1,SOLO,0,ONLINE,blonde,blue,tone_4,blue
P8677,Emeka,Li,NO,2,LEISURE,1,KIOSK,brunette_f,blue,tone_1,blue
P8678,Kavya,Roberts,YES,8,LEISURE,1,ONLINE,blonde,black,tone_6,olive+green
P8679,Alfie,Jung,YES,5,BUSINESS,0,DESK,black,black,tone_5,olive+green
P8680,Trang,Mansour,NO,3,LEISURE,1,ONLINE,blonde,blue,tone_1,suit
P8681,Sota,Kaur,NO,1,LEISURE,0,DESK,blonde_f,black,tone_6,suit
P8682,Jonas,Thompson,NO,2,FAMILY,2,DESK,blonde,blue,tone_6,suit
P8683,Ananya,Dang,NO,1,SOLO,2,ONLINE,blonde_f,blue,tone_1,suit
P8684,Adam,Mansour,NO,1,LEISURE,1,ONLINE,black,blue,tone_2,suit
P8685,Zuri,Romano,NO,1,LEISURE,1,KIOSK,black,black,tone_4,blue
P8686,Trang,Le,NO,2,LEISURE,0,DESK,blonde,blue,tone_6,red
P8687,Abena,Hall,NO,1,LEISURE,2,DESK,blonde,blue,tone_4,red
P8688,Diego,Kone,NO,1,LEISURE,0,KIOSK,brunette_f,black,tone_1,olive+green
P8689,Veer,Anderson,YES,7,LEISURE,0,ONLINE,blonde_f,black,tone_2,red
P8690,Ming,Yang,NO,2,LEISURE,1,DESK,brunette_f,blue,tone_6,blue
P8691,Anh,Johnson,NO,2,LEISURE,1,ONLINE,blonde,blue,tone_2,suit
P8692,Molly,Jackson,NO,1,FAMILY,2,DESK,blonde_f,black,tone_6,red
P8693,Eoin,Walsh,NO,1,FAMILY,2,ONLINE,blonde_f,blue,tone_5,red
P8694,Camille,Gomez,NO,1,LEISURE,1,KIOSK,black,black,tone_5,olive+green
P8695,Hugo,Hoang,NO,1,FAMILY,3,KIOSK,black_f,black,tone_6,olive+green
P8696,Wei,Watanabe,NO,3,LEISURE,1,KIOSK,brunette_f,black,tone_2,olive+green
P8697,Noor,Wang,NO,1,FAMILY,2,KIOSK,brunette,blue,tone_6,blue
P8698,Ava,Davies,NO,3,LEISURE,0,DESK,black_f,blue,tone_3,red
P8699,Georgia,Moretti,NO,1,LEISURE,2,DESK,brunette,black,tone_2,red
P8700,Hamza,Roberts,NO,1,SOLO,1,DESK,brunette_f,blue,tone_1,suit
P8701,Rohan,Brar,YES,7,LEISURE,0,KIOSK,brunette,blue,tone_6,olive+green
P8702,Ishaan,Cho,NO,3,FAMILY,3,KIOSK,blonde_f,blue,tone_2,blue
P8703,Hamza,Hoang,NO,1,SOLO,0,ONLINE,blonde_f,blue,tone_1,olive+green
P8704,Kenji,Keita,NO,1,SOLO,1,DESK,brunette,blue,tone_6,blue
P8705,Jaspreet,Scott,YES,6,LEISURE,0,KIOSK,black_f,black,tone_5,red
P8706,Riya,Toure,YES,5,LEISURE,1,ONLINE,blonde,blue,tone_4,suit
P8707,Jamie,Suzuki,NO,1,SOLO,1,ONLINE,black_f,blue,tone_4,suit
P8708,Felix,Nguyen,NO,1,LEISURE,1,DESK,blonde_f,black,tone_6,suit
P8709,Lena,Jackson,NO,3,LEISURE,0,KIOSK,blonde,black,tone_4,red
P8710,Phoebe,Collins,YES,9,SOLO,0,ONLINE,brunette,blue,tone_1,olive+green
P8711,Benjamin,Keita,YES,5,LEISURE,1,KIOSK,black,black,tone_6,suit
P8712,Jamie,Mensah,NO,2,FAMILY,2,DESK,blonde_f,blue,tone_4,olive+green
P8713,Felix,Walker,YES,8,FAMILY,2,DESK,blonde,black,tone_6,red
P8714,Neil,Rahman,NO,1,SOLO,1,DESK,blonde,black,tone_1,olive+green
P8715,Aarav,Tanaka,YES,10,BUSINESS,0,ONLINE,blonde_f,black,tone_3,blue
P8716,Ella,Patel,NO,3,LEISURE,2,KIOSK,brunette_f,black,tone_3,suit
P8717,Ruby,Gallagher,YES,7,LEISURE,1,ONLINE,brunette,blue,tone_1,olive+green
P8718,Joon,Camara,NO,2,FAMILY,2,KIOSK,black_f,blue,tone_2,suit
P8719,Neil,Evans,NO,1,FAMILY,2,ONLINE,black,black,tone_6,olive+green
P8720,Luca,Kapoor,YES,10,BUSINESS,1,DESK,blonde,blue,tone_5,blue
P8721,Gurleen,Watanabe,NO,1,LEISURE,0,KIOSK,blonde_f,black,tone_3,blue
P8722,Michael,Huang,NO,1,BUSINESS,0,ONLINE,blonde_f,blue,tone_2,red
P8723,Dhruv,Sandhu,NO,1,LEISURE,1,KIOSK,blonde,blue,tone_4,blue
P8724,Imani,Martinez,NO,1,SOLO,1,KIOSK,black,blue,tone_6,suit
P8725,Harry,Hussain,NO,2,LEISURE,1,DESK,blonde_f,black,tone_4,blue
P8726,Karim,Phan,NO,1,FAMILY,2,DESK,brunette_f,black,tone_3,olive+green
P8727,Linh,Desai,NO,1,LEISURE,0,KIOSK,blonde,black,tone_3,red
P8728,Krish,Bernard,NO,1,BUSINESS,1,ONLINE,blonde_f,blue,tone_1,blue
P8729,Malik,Schneider,YES,8,FAMILY,1,DESK,blonde,blue,tone_5,red
P8730,Molly,Lee,YES,6,SOLO,0,DESK,blonde,blue,tone_2,blue
P8731,Samar,Bernard,NO,1,BUSINESS,0,ONLINE,blonde,blue,tone_2,suit
P8732,Harry,Asante,NO,2,LEISURE,1,DESK,brunette,black,tone_1,blue
P8733,William,Jimenez,NO,1,SOLO,0,DESK,blonde,blue,tone_2,olive+green
P8734,Evie,Chopra,NO,1,FAMILY,2,DESK,blonde_f,blue,tone_6,blue
P8735,Hyejin,Shah,YES,7,BUSINESS,1,ONLINE,black,blue,tone_5,red
P8736,Charlotte,Garcia,NO,2,BUSINESS,1,ONLINE,brunette_f,black,tone_2,blue
P8737,Kojo,Walsh,YES,5,LEISURE,1,KIOSK,black_f,black,tone_5,red
P8738,Ryan,Kumar,NO,1,LEISURE,2,KIOSK,black,blue,tone_3,olive+green
P8739,Mia,Martinez,YES,5,SOLO,1,DESK,black,blue,tone_1,red
P8740,Haruto,Vu,NO,2,BUSINESS,0,ONLINE,blonde,black,tone_2,red
P8741,Yasmin,Sanchez,NO,1,LEISURE,2,ONLINE,black,black,tone_4,suit
P8742,Karim,Kapoor,YES,7,LEISURE,2,DESK,brunette_f,black,tone_3,blue
P8743,Zofia,Khalil,NO,3,FAMILY,2,KIOSK,brunette,blue,tone_3,blue
P8744,Ayana,Watson,NO,2,LEISURE,1,ONLINE,blonde,black,tone_3,blue
P8745,Karan,Francis,YES,7,SOLO,0,ONLINE,brunette,blue,tone_3,blue
P8746,Sophia,Liu,NO,2,LEISURE,2,KIOSK,blonde_f,blue,tone_6,red
P8747,Zofia,O'Brien,NO,1,LEISURE,0,DESK,blonde_f,blue,tone_1,red
P8748,Kavya,Parker,NO,2,LEISURE,0,ONLINE,black_f,blue,tone_3,olive+green
P8749,Reyansh,Desai,NO,1,BUSINESS,1,ONLINE,blonde_f,blue,tone_5,red
P8750,Marek,Foster,NO,2,SOLO,1,ONLINE,blonde_f,blue,tone_3,olive+green
P8751,Ayaan,Watson,NO,2,LEISURE,1,ONLINE,black,black,tone_5,blue
P8752,Rahul,Fischer,NO,2,LEISURE,1,KIOSK,brunette_f,blue,tone_6,olive+green
P8753,Lucie,Ito,YES,10,LEISURE,1,ONLINE,black_f,black,tone_4,red
P8754,Tunde,Parker,NO,2,FAMILY,3,DESK,black_f,blue,tone_5,suit
P8755,Ayana,Rahman,NO,2,SOLO,1,ONLINE,brunette_f,black,tone_4,olive+green
P8756,Marek,Zielinski,NO,1,FAMILY,2,KIOSK,black_f,black,tone_5,olive+green
P8757,Grace,Stewart,NO,1,SOLO,0,ONLINE,blonde_f,black,tone_2,blue
P8758,Hana,Taylor,NO,1,SOLO,0,DESK,black_f,blue,tone_1,suit
P8759,Amelia,Vu,NO,2,LEISURE,2,KIOSK,blonde,black,tone_3,red
P8760,Priya,Esposito,YES,6,LEISURE,1,DESK,black,black,tone_5,blue
P8761,Arjun,Agyeman,NO,1,FAMILY,3,DESK,black_f,blue,tone_2,red
P8762,Jack,Lewandowski,YES,9,FAMILY,1,DESK,brunette,blue,tone_6,suit
P8763,Tara,Jimenez,NO,1,BUSINESS,0,ONLINE,blonde,black,tone_6,blue
P8764,Harry,Saleh,NO,1,BUSINESS,0,ONLINE,blonde,blue,tone_2,blue
P8765,Cian,Jackson,NO,1,BUSINESS,1,ONLINE,brunette,black,tone_2,blue
P8766,Emily,Jackson,YES,6,LEISURE,1,DESK,blonde_f,blue,tone_2,olive+green
P8767,Sam,Rahman,NO,1,SOLO,1,DESK,brunette,blue,tone_4,red
P8768,Ella,Thomas,NO,1,SOLO,1,ONLINE,blonde,black,tone_2,blue
P8769,Mai,Haddad,NO,1,FAMILY,3,ONLINE,brunette_f,blue,tone_4,blue
P8770,Mila,Suzuki,NO,2,LEISURE,1,ONLINE,blonde,blue,tone_1,olive+green
P8771,Nia,Saleh,YES,9,LEISURE,1,ONLINE,blonde,black,tone_6,olive+green
P8772,Lucie,Francis,YES,10,BUSINESS,1,KIOSK,black,black,tone_5,red
P8773,Obinna,Zhou,NO,2,LEISURE,1,KIOSK,blonde,black,tone_4,olive+green
P8774,Rahul,Morgan,NO,1,BUSINESS,0,ONLINE,blonde_f,black,tone_6,suit
P8775,Michael,Camara,NO,1,LEISURE,1,KIOSK,black_f,black,tone_1,blue
P8776,Giulia,Mitchell,NO,2,FAMILY,2,DESK,brunette,black,tone_2,olive+green
P8777,Ibrahim,Brar,NO,1,LEISURE,0,ONLINE,blonde,black,tone_2,olive+green
P8778,Lena,Anderson,NO,3,BUSINESS,1,ONLINE,black_f,black,tone_2,olive+green
P8779,Akira,Moreau,NO,2,LEISURE,1,ONLINE,black,black,tone_6,suit
P8780,Phoebe,Kang,NO,1,LEISURE,1,KIOSK,brunette_f,blue,tone_4,olive+green
P8781,Dhruv,Brar,NO,3,SOLO,0,ONLINE,blonde_f,black,tone_6,blue
P8782,Chiara,Adams,NO,3,LEISURE,1,DESK,brunette,blue,tone_6,blue
P8783,Karan,Xu,NO,1,LEISURE,2,ONLINE,brunette,blue,tone_2,olive+green
P8784,Ade,Williams,NO,1,LEISURE,1,ONLINE,black_f,blue,tone_5,olive+green
P8785,Muhammad,Mansour,NO,2,LEISURE,1,ONLINE,brunette,blue,tone_3,red
P8786,Mariam,Ito,NO,1,LEISURE,1,KIOSK,black_f,black,tone_1,red
P8787,Anja,Lopez,NO,1,SOLO,2,ONLINE,brunette,blue,tone_2,blue
P8788,Camila,Reddy,NO,3,LEISURE,1,DESK,brunette_f,blue,tone_5,olive+green
P8789,Henry,Parker,YES,6,FAMILY,2,DESK,black_f,blue,tone_2,blue
P8790,Ella,Chen,NO,1,FAMILY,2,DESK,black_f,blue,tone_6,olive+green
P8791,Eoin,Brar,NO,2,BUSINESS,1,ONLINE,brunette,blue,tone_4,suit
P8792,Victoria,Leroy,NO,2,FAMILY,2,DESK,brunette,black,tone_4,suit
P8793,Molly,Robinson,NO,1,FAMILY,2,DESK,black_f,black,tone_6,olive+green
P8794,Diya,Nowak,YES,9,BUSINESS,1,ONLINE,blonde,black,tone_1,red
P8795,Eoin,Malhotra,YES,6,BUSINESS,1,ONLINE,brunette,black,tone_3,suit
P8796,Avery,Ruiz,NO,1,BUSINESS,1,ONLINE,blonde,black,tone_2,olive+green
P8797,Karim,Vu,YES,10,LEISURE,2,ONLINE,brunette,black,tone_2,blue
P8798,Joon,Kapoor,NO,3,LEISURE,0,ONLINE,black_f,black,tone_2,suit
P8799,Tao,Sow,NO,1,LEISURE,1,ONLINE,brunette_f,black,tone_4,olive+green
P8800,Aaliyah,Adams,NO,2,LEISURE,1,ONLINE,blonde,black,tone_2,olive+green
P8801,Victoria,Lopez,NO,3,FAMILY,2,DESK,black,black,tone_2,olive+green
P8802,Jasleen,Bailey,NO,1,FAMILY,2,KIOSK,black,black,tone_5,suit
P8803,Luke,Robinson,YES,9,LEISURE,1,ONLINE,blonde_f,black,tone_5,olive+green
P8804,Daichi,Reed,NO,1,LEISURE,1,ONLINE,blonde,blue,tone_1,olive+green
P8805,Anja,Sow,NO,2,LEISURE,1,ONLINE,brunette_f,black,tone_2,suit
P8806,Ruby,Moreau,YES,7,LEISURE,1,DESK,brunette_f,black,tone_5,suit
P8807,David,Wisniewski,NO,1,LEISURE,0,KIOSK,blonde_f,black,tone_2,suit
P8808,Aditya,Sandhu,NO,2,FAMILY,1,DESK,brunette_f,black,tone_6,blue
P8809,Faris,Brar,NO,1,SOLO,0,KIOSK,blonde,blue,tone_6,suit
P8810,Isla,Yoon,NO,1,SOLO,2,DESK,brunette,blue,tone_3,olive+green
P8811,Ming,Jones,NO,2,SOLO,1,KIOSK,brunette_f,black,tone_6,olive+green
P8812,Dev,Fischer,NO,2,FAMILY,3,DESK,black,black,tone_1,olive+green
P8813,Chidi,Perez,NO,2,LEISURE,2,KIOSK,black_f,black,tone_3,olive+green
P8814,Nia,Brar,NO,3,LEISURE,1,ONLINE,brunette_f,black,tone_4,olive+green
P8815,Giulia,Takahashi,NO,3,BUSINESS,1,ONLINE,brunette_f,blue,tone_1,red
P8816,Chidi,Wisniewski,NO,2,LEISURE,1,DESK,blonde_f,black,tone_5,red
P8817,Oliver,Choi,YES,9,FAMILY,2,DESK,brunette_f,blue,tone_6,blue
P8818,Ronan,Vu,NO,1,FAMILY,2,DESK,blonde,blue,tone_1,red
P8819,Eoin,Leroy,NO,2,FAMILY,3,ONLINE,brunette,blue,tone_5,blue
P8820,Jacob,Adeyemi,NO,1,SOLO,1,KIOSK,black,blue,tone_2,red
P8821,Greta,White,NO,2,LEISURE,1,ONLINE,black_f,blue,tone_3,red
P8822,Leon,Agyeman,NO,2,LEISURE,1,KIOSK,brunette,black,tone_1,blue
P8823,Arthur,Kang,YES,10,BUSINESS,0,ONLINE,brunette,blue,tone_4,red
P8824,Evie,Young,NO,1,LEISURE,1,ONLINE,brunette_f,black,tone_6,suit
P8825,Adwoa,Mensah,NO,1,SOLO,2,KIOSK,black_f,blue,tone_4,blue
P8826,Kacper,Camara,NO,2,BUSINESS,1,KIOSK,black,black,tone_5,olive+green
P8827,Nari,Huynh,NO,1,FAMILY,3,DESK,blonde,black,tone_5,suit
P8828,Leon,Kang,NO,1,LEISURE,1,DESK,brunette,black,tone_3,olive+green
P8829,Hamza,Jones,YES,7,LEISURE,1,KIOSK,brunette,black,tone_4,olive+green
P8830,Chiara,Brar,NO,2,BUSINESS,1,ONLINE,black_f,black,tone_1,suit
P8831,Vivaan,Lopez,NO,2,LEISURE,1,DESK,blonde_f,blue,tone_5,blue
P8832,Giulia,Nair,NO,2,LEISURE,1,DESK,brunette_f,black,tone_4,olive+green
P8833,Alex,Byrne,NO,2,BUSINESS,0,ONLINE,brunette,black,tone_3,olive+green
P8834,Anh,Sow,NO,1,LEISURE,1,ONLINE,blonde,blue,tone_1,red
P8835,Casey,Mehta,NO,1,SOLO,2,ONLINE,brunette,black,tone_6,blue
P8836,Neil,Doyle,NO,2,LEISURE,1,KIOSK,brunette_f,blue,tone_4,blue
P8837,Jisoo,Kumar,NO,1,LEISURE,1,ONLINE,blonde,blue,tone_4,olive+green
P8838,Alessia,Fofana,NO,1,FAMILY,2,ONLINE,brunette,black,tone_4,olive+green
P8839,Jules,Ito,NO,3,SOLO,0,ONLINE,black,blue,tone_1,red
P8840,Hassan,Akhtar,NO,1,BUSINESS,1,ONLINE,brunette,blue,tone_1,suit
P8841,Violet,Ito,NO,1,LEISURE,1,KIOSK,brunette,blue,tone_5,red
P8842,James,Mehta,YES,10,BUSINESS,0,ONLINE,blonde_f,black,tone_4,olive+green
P8843,Yuki,Smith,NO,2,LEISURE,1,DESK,blonde_f,blue,tone_3,olive+green
P8844,Sakura,Ferrari,NO,2,FAMILY,2,DESK,black_f,black,tone_2,olive+green
P8845,Jacob,Huang,NO,3,BUSINESS,0,ONLINE,blonde,blue,tone_1,blue
P8846,Jelani,Park,NO,1,BUSINESS,1,ONLINE,black,blue,tone_2,suit
P8847,Samar,Fofana,NO,2,SOLO,2,ONLINE,brunette_f,black,tone_3,red
P8848,Nia,Scott,NO,2,BUSINESS,0,ONLINE,blonde_f,black,tone_3,red
P8849,Theo,Ferrari,NO,2,FAMILY,2,DESK,blonde,black,tone_1,suit
P8850,Jakub,Moreau,NO,3,FAMILY,2,DESK,brunette_f,black,tone_5,olive+green
P8851,Ngozi,Smith,YES,6,SOLO,2,ONLINE,brunette,blue,tone_3,blue
P8852,Nathan,Khalil,NO,1,LEISURE,0,ONLINE,black,black,tone_4,blue
P8853,Haruto,Francis,NO,2,LEISURE,1,KIOSK,black_f,blue,tone_2,red
P8854,Daichi,Vu,NO,2,BUSINESS,1,DESK,blonde,black,tone_1,blue
P8855,Amina,Young,NO,1,BUSINESS,1,ONLINE,black_f,black,tone_1,red
P8856,Hassan,Huynh,NO,1,BUSINESS,1,KIOSK,blonde_f,blue,tone_6,red
P8857,Charlie,Martinez,NO,3,LEISURE,1,DESK,black,blue,tone_6,olive+green
P8858,Navdeep,Bui,NO,3,LEISURE,1,KIOSK,brunette_f,blue,tone_4,suit
P8859,Imani,Lee,NO,2,SOLO,1,ONLINE,brunette,black,tone_3,suit
P8860,Ibrahim,Campbell,NO,3,BUSINESS,0,ONLINE,black,blue,tone_4,suit
P8861,Ishaan,Iyer,NO,1,SOLO,1,DESK,black,black,tone_4,olive+green
P8862,Kiet,Le,YES,8,BUSINESS,1,ONLINE,black,blue,tone_2,blue
P8863,Ella,Leroy,NO,1,FAMILY,3,DESK,brunette_f,blue,tone_1,blue
P8864,Orla,White,NO,3,LEISURE,1,ONLINE,blonde_f,black,tone_6,olive+green
P8865,Theo,Taylor,NO,2,BUSINESS,0,DESK,brunette,black,tone_4,red
P8866,Diya,Adeyemi,NO,1,LEISURE,1,ONLINE,blonde,black,tone_2,olive+green
P8867,Jonas,Baker,NO,3,BUSINESS,0,ONLINE,brunette_f,blue,tone_2,olive+green
P8868,Navdeep,Diallo,NO,2,SOLO,1,ONLINE,blonde,black,tone_6,olive+green
P8869,Hao,Sanchez,NO,1,LEISURE,1,DESK,black_f,black,tone_1,olive+green
P8870,Karan,Mitchell,NO,2,LEISURE,2,KIOSK,blonde_f,black,tone_3,red
P8871,Bao,Reddy,NO,1,SOLO,1,KIOSK,blonde_f,black,tone_5,suit
P8872,Ava,Park,NO,1,LEISURE,0,KIOSK,blonde,blue,tone_6,red
P8873,Layla,Robinson,NO,1,BUSINESS,0,ONLINE,brunette,black,tone_1,red
P8874,Molly,Huynh,YES,9,LEISURE,0,KIOSK,brunette,black,tone_2,olive+green
P8875,William,Davies,NO,3,LEISURE,0,KIOSK,brunette,black,tone_1,suit
P8876,Charlie,Dhillon,NO,1,LEISURE,1,KIOSK,brunette,blue,tone_1,suit
P8877,Kiet,Hussain,NO,1,BUSINESS,1,ONLINE,black,blue,tone_6,suit
P8878,Lily,Esposito,NO,1,FAMILY,2,DESK,black,blue,tone_4,suit
P8879,Noor,Brar,YES,8,LEISURE,0,ONLINE,blonde,black,tone_1,blue
P8880,Kofi,Gomez,NO,3,LEISURE,1,KIOSK,blonde_f,blue,tone_2,olive+green
P8881,Molly,Watson,NO,1,BUSINESS,1,KIOSK,black,blue,tone_2,suit
P8882,Jakub,Ahmed,YES,6,FAMILY,2,KIOSK,brunette_f,blue,tone_4,olive+green
P8883,Hannah,Robinson,NO,1,LEISURE,1,ONLINE,black,blue,tone_5,olive+green
P8884,Sophie,Chopra,NO,1,FAMILY,2,ONLINE,brunette,blue,tone_5,blue
P8885,Jamie,Nwosu,NO,3,LEISURE,1,ONLINE,brunette_f,black,tone_6,red
P8886,Navdeep,Collins,NO,1,LEISURE,1,DESK,blonde_f,blue,tone_5,olive+green
P8887,Abena,Agyeman,YES,10,FAMILY,1,DESK,blonde_f,black,tone_6,blue
P8888,Jasleen,Sandhu,YES,10,FAMILY,2,DESK,black,black,tone_2,olive+green
P8889,Benjamin,O'Brien,NO,2,FAMILY,2,DESK,black,black,tone_6,olive+green
P8890,Mandeep,Young,NO,1,SOLO,1,ONLINE,brunette_f,black,tone_3,suit
P8891,Aryan,Choi,NO,1,LEISURE,1,DESK,blonde,blue,tone_3,olive+green
P8892,Lucie,Owusu,NO,3,FAMILY,2,ONLINE,blonde_f,black,tone_1,olive+green
P8893,Amelia,Asante,YES,8,BUSINESS,1,ONLINE,black_f,black,tone_2,blue
P8894,Amara,Watson,YES,9,LEISURE,1,DESK,blonde,blue,tone_5,olive+green
P8895,Kenji,Balogun,NO,1,LEISURE,1,KIOSK,blonde_f,blue,tone_1,suit
P8896,Jonas,Wang,NO,1,LEISURE,1,DESK,black,blue,tone_3,blue
P8897,Daichi,Kaur,NO,1,LEISURE,1,ONLINE,brunette_f,black,tone_4,blue
P8898,Rahul,Chen,NO,1,LEISURE,2,ONLINE,black,black,tone_5,blue
P8899,Michael,Lopez,NO,2,FAMILY,1,KIOSK,brunette,blue,tone_2,olive+green
P8900,William,Bernard,NO,2,SOLO,1,ONLINE,brunette_f,blue,tone_4,suit
P8901,Alex,Malhotra,NO,1,FAMILY,3,KIOSK,black_f,blue,tone_1,blue
P8902,Rin,Choi,NO,2,LEISURE,0,ONLINE,blonde,blue,tone_2,suit
P8903,Greta,Ali,NO,3,LEISURE,0,DESK,black_f,black,tone_1,red
P8904,Aoife,Ferrari,NO,2,LEISURE,1,ONLINE,black,blue,tone_1,suit
P8905,Bethany,Jackson,NO,3,LEISURE,1,KIOSK,blonde_f,blue,tone_2,red
P8906,Imani,Chopra,NO,1,LEISURE,1,ONLINE,blonde,blue,tone_2,suit
P8907,Samar,Grant,NO,1,BUSINESS,0,ONLINE,blonde_f,black,tone_1,olive+green
P8908,Yuki,Brar,NO,1,LEISURE,1,ONLINE,brunette_f,black,tone_6,red
P8909,Minho,Takahashi,NO,3,LEISURE,1,DESK,black_f,black,tone_4,suit
P8910,Nisha,Iqbal,NO,1,LEISURE,1,ONLINE,black_f,black,tone_4,olive+green
P8911,Zofia,Fischer,NO,1,FAMILY,2,DESK,black_f,blue,tone_6,olive+green
P8912,George,Ricci,NO,1,LEISURE,1,KIOSK,black,black,tone_2,olive+green
P8913,Nathan,Le,NO,1,LEISURE,1,DESK,blonde,blue,tone_6,red
P8914,Ngozi,Chen,NO,1,FAMILY,3,ONLINE,black_f,blue,tone_5,suit
P8915,Riley,Murphy,NO,1,LEISURE,1,ONLINE,brunette_f,blue,tone_3,red
P8916,Camille,Ferrari,NO,2,BUSINESS,1,ONLINE,black_f,blue,tone_6,red
P8917,Leo,Mitchell,NO,1,LEISURE,1,KIOSK,blonde,black,tone_3,olive+green
P8918,Sophie,Huang,NO,1,FAMILY,1,DESK,black,blue,tone_5,red
P8919,Vivaan,Hussain,NO,1,LEISURE,0,ONLINE,blonde,black,tone_2,red
P8920,Layla,Foster,NO,1,LEISURE,1,DESK,blonde_f,black,tone_4,red
P8921,Ayana,Sidhu,NO,1,LEISURE,1,KIOSK,black,black,tone_5,suit
P8922,Amina,Moretti,NO,1,BUSINESS,0,DESK,brunette,black,tone_4,red
P8923,Minji,Sidhu,NO,1,FAMILY,2,DESK,blonde_f,black,tone_6,blue
P8924,Mariam,Durand,NO,1,LEISURE,0,DESK,black_f,black,tone_3,olive+green
P8925,Cameron,Patel,YES,5,SOLO,2,ONLINE,brunette,blue,tone_1,suit
P8926,Eoin,Sidhu,NO,1,FAMILY,3,KIOSK,brunette,blue,tone_3,olive+green
P8927,Zuri,Huang,NO,1,FAMILY,2,ONLINE,blonde,blue,tone_4,red
P8928,Aiko,Keita,NO,2,LEISURE,0,ONLINE,blonde_f,blue,tone_6,suit
P8929,Arjun,Boateng,YES,6,FAMILY,2,DESK,brunette_f,blue,tone_2,red
P8930,Taylor,Gray,YES,7,FAMILY,3,DESK,brunette_f,blue,tone_4,red
P8931,Manpreet,Lee,YES,9,LEISURE,0,DESK,blonde,black,tone_5,blue
P8932,Gurpreet,Verma,NO,3,LEISURE,2,ONLINE,blonde_f,black,tone_4,red
P8933,Priya,Mansour,NO,3,FAMILY,2,DESK,blonde,blue,tone_4,red
P8934,George,Moreau,YES,7,FAMILY,2,ONLINE,blonde,black,tone_6,red
P8935,Linh,Weber,NO,1,SOLO,1,KIOSK,black,black,tone_4,olive+green
P8936,Grace,Zielinski,NO,2,BUSINESS,1,ONLINE,black_f,blue,tone_6,suit
P8937,Rahul,Phan,NO,1,LEISURE,2,DESK,brunette,blue,tone_3,red
P8938,Aaliyah,Johnson,NO,1,BUSINESS,0,ONLINE,brunette_f,blue,tone_2,olive+green
P8939,Noah,Nowak,NO,1,FAMILY,3,DESK,blonde_f,black,tone_3,olive+green
P8940,Matteo,Esposito,NO,2,SOLO,1,ONLINE,brunette_f,black,tone_3,suit
P8941,Neil,Hussain,NO,1,SOLO,1,ONLINE,blonde,blue,tone_6,blue
P8942,Mariam,Tran,NO,2,LEISURE,1,ONLINE,black,blue,tone_6,blue
P8943,Molly,Muller,NO,1,LEISURE,1,ONLINE,brunette,black,tone_2,red
P8944,Sebastian,Martinez,NO,1,FAMILY,3,KIOSK,black,black,tone_2,red
P8945,Ama,Fischer,NO,2,LEISURE,1,DESK,black_f,black,tone_5,blue
P8946,Ngozi,Huang,NO,1,LEISURE,1,KIOSK,brunette,black,tone_6,blue
P8947,Jacob,Walsh,NO,3,FAMILY,3,DESK,blonde_f,black,tone_2,blue
P8948,Ali,Murphy,NO,2,BUSINESS,1,KIOSK,black_f,black,tone_1,suit
P8949,Jacob,Bianchi,NO,1,LEISURE,1,ONLINE,brunette,black,tone_1,olive+green
P8950,Rin,Toure,NO,1,LEISURE,1,KIOSK,brunette_f,black,tone_5,olive+green
P8951,Imran,Khalil,NO,1,LEISURE,1,ONLINE,blonde,blue,tone_1,suit
P8952,Adwoa,Diallo,NO,1,LEISURE,1,ONLINE,brunette,blue,tone_4,red
P8953,Faris,Schmidt,NO,3,LEISURE,1,DESK,black_f,blue,tone_6,olive+green
P8954,Veer,Kelly,NO,1,FAMILY,2,KIOSK,blonde,blue,tone_5,red
P8955,Karan,Gray,NO,1,SOLO,0,KIOSK,black_f,blue,tone_2,red
P8956,Ibrahim,Durand,YES,7,LEISURE,1,ONLINE,blonde,blue,tone_5,suit
P8957,Gurpreet,Traore,NO,1,FAMILY,2,DESK,brunette,blue,tone_1,blue
P8958,Ava,Petit,NO,3,SOLO,1,KIOSK,brunette_f,black,tone_2,red
P8959,Ahmed,Murphy,NO,2,FAMILY,3,KIOSK,brunette_f,black,tone_6,suit
P8960,Mila,Akhtar,NO,3,SOLO,1,ONLINE,brunette,black,tone_3,suit
P8961,Ali,Nair,YES,10,FAMILY,2,KIOSK,blonde,blue,tone_3,olive+green
P8962,Ren,Bianchi,YES,7,LEISURE,1,ONLINE,black,black,tone_5,red
P8963,Jakub,Sharma,NO,1,FAMILY,2,DESK,brunette_f,blue,tone_5,suit
P8964,Oisin,Haddad,YES,5,SOLO,1,ONLINE,black,black,tone_6,blue
P8965,Gurpreet,Yamamoto,NO,2,FAMILY,3,ONLINE,brunette,black,tone_3,red
P8966,Harry,Taylor,NO,2,SOLO,1,KIOSK,brunette,blue,tone_3,red
P8967,Charlie,Camara,NO,1,BUSINESS,0,ONLINE,blonde_f,black,tone_2,suit
P8968,James,Dhillon,NO,1,BUSINESS,0,ONLINE,blonde,black,tone_1,olive+green
P8969,Alfie,Baker,YES,7,BUSINESS,0,DESK,black_f,black,tone_2,red
P8970,Noah,Jimenez,NO,1,SOLO,2,ONLINE,brunette_f,blue,tone_1,blue
P8971,Oisin,Malhotra,NO,3,BUSINESS,1,ONLINE,brunette_f,black,tone_3,olive+green
P8972,Tunde,Patel,NO,2,LEISURE,1,ONLINE,brunette,black,tone_2,blue
P8973,Casey,Joshi,NO,3,BUSINESS,1,KIOSK,brunette_f,black,tone_3,suit
P8974,Karim,Sow,YES,9,FAMILY,2,DESK,blonde_f,black,tone_3,blue
P8975,Mateo,Clarke,NO,1,BUSINESS,0,ONLINE,blonde_f,blue,tone_2,suit
P8976,Hassan,Green,NO,2,LEISURE,1,ONLINE,black,black,tone_4,suit
P8977,Arjun,Kaur,NO,3,BUSINESS,1,KIOSK,black_f,blue,tone_1,blue
P8978,Maeve,Zhang,NO,1,BUSINESS,1,ONLINE,brunette_f,blue,tone_3,suit
P8979,Alfie,Kaur,NO,1,LEISURE,2,ONLINE,black,black,tone_5,olive+green
P8980,William,Yoon,YES,7,LEISURE,1,ONLINE,blonde,black,tone_2,suit
P8981,Ananya,Zhang,NO,2,LEISURE,0,KIOSK,black,black,tone_1,red
P8982,Vivaan,Sandhu,NO,1,SOLO,1,DESK,black,blue,tone_3,red
P8983,Obinna,Yang,NO,1,BUSINESS,0,ONLINE,blonde_f,black,tone_6,blue
P8984,Mei,Diallo,NO,1,LEISURE,1,KIOSK,blonde,black,tone_6,suit
P8985,Karim,Adeyemi,NO,1,LEISURE,2,ONLINE,black_f,black,tone_4,blue
P8986,Kacper,Thompson,NO,2,BUSINESS,0,DESK,brunette_f,blue,tone_6,blue
P8987,Aaliyah,Young,YES,10,LEISURE,1,ONLINE,brunette,blue,tone_4,olive+green
P8988,Emily,White,NO,1,BUSINESS,0,ONLINE,brunette,black,tone_3,red
P8989,Valentina,Kone,NO,2,LEISURE,1,ONLINE,blonde,black,tone_2,olive+green
P8990,Eoin,Yamamoto,NO,3,FAMILY,1,KIOSK,brunette,blue,tone_4,olive+green
P8991,Noor,Watanabe,NO,2,LEISURE,0,DESK,brunette_f,black,tone_5,blue
P8992,Wei,Akhtar,NO,1,BUSINESS,0,DESK,brunette,black,tone_5,blue
P8993,Nhi,Williams,NO,3,LEISURE,1,DESK,blonde,blue,tone_5,blue
P8994,Isla,Chopra,NO,3,BUSINESS,1,ONLINE,brunette_f,blue,tone_5,suit
P8995,Ayana,Esposito,NO,2,FAMILY,2,KIOSK,brunette,black,tone_3,suit
P8996,Manon,Park,NO,1,SOLO,1,DESK,black_f,blue,tone_6,suit
P8997,Leo,Taylor,YES,5,FAMILY,3,KIOSK,brunette_f,black,tone_2,blue
P8998,Oisin,Bailey,NO,1,FAMILY,1,DESK,blonde,black,tone_2,red
P8999,Amrit,Francis,NO,3,LEISURE,1,KIOSK,blonde_f,blue,tone_5,blue
P9000,Mateo,Ricci,NO,1,FAMILY,2,ONLINE,black,black,tone_6,blue
P9001,Ahmed,Adams,NO,1,FAMILY,2,DESK,brunette_f,black,tone_2,olive+green
P9002,Zain,Roberts,NO,1,LEISURE,1,KIOSK,blonde,black,tone_4,red
P9003,Eoin,Nwosu,NO,2,FAMILY,2,ONLINE,brunette,blue,tone_2,blue
P9004,Jonas,Phan,NO,1,LEISURE,1,KIOSK,black_f,blue,tone_2,suit
P9005,Ming,O'Brien,NO,2,BUSINESS,1,ONLINE,black_f,black,tone_1,suit
P9006,Luke,Bui,NO,2,LEISURE,0,ONLINE,brunette,black,tone_5,red
P9007,Aanya,Dang,YES,8,LEISURE,1,DESK,blonde,black,tone_1,blue
P9008,Michael,Gill,NO,3,BUSINESS,2,ONLINE,black_f,black,tone_1,red
P9009,Aoife,Lewandowski,NO,1,LEISURE,1,ONLINE,brunette_f,blue,tone_2,olive+green
P9010,Ryan,Mitchell,NO,1,BUSINESS,0,ONLINE,blonde_f,blue,tone_1,red
P9011,Omar,Thompson,NO,2,LEISURE,0,KIOSK,blonde,black,tone_1,suit
P9012,Camille,Hoang,NO,2,LEISURE,1,DESK,blonde,black,tone_2,olive+green
P9013,Linh,Davies,NO,1,SOLO,1,ONLINE,brunette_f,black,tone_6,blue
P9014,Anh,Malhotra,NO,3,LEISURE,1,KIOSK,black,blue,tone_1,olive+green
P9015,Grace,Verma,NO,1,LEISURE,1,KIOSK,blonde_f,black,tone_1,blue
P9016,Faris,Parker,NO,3,LEISURE,1,ONLINE,blonde,black,tone_4,suit
P9017,Avery,Rahman,NO,2,BUSINESS,0,ONLINE,black_f,blue,tone_3,blue
P9018,Jack,Bennett,NO,3,LEISURE,1,KIOSK,brunette_f,black,tone_2,red
P9019,Karan,Takahashi,NO,2,LEISURE,2,DESK,blonde_f,blue,tone_3,blue
P9020,Declan,Ryan,YES,8,FAMILY,2,DESK,black,blue,tone_3,blue
P9021,Leo,Haddad,YES,7,LEISURE,0,DESK,brunette_f,blue,tone_3,suit
P9022,Mariam,White,NO,1,SOLO,2,DESK,black,black,tone_6,red
P9023,Kwame,Iyer,NO,2,LEISURE,0,KIOSK,blonde_f,black,tone_3,red
P9024,Amrit,Ito,YES,8,SOLO,1,ONLINE,black_f,black,tone_1,blue
P9025,Jisoo,Taylor,NO,1,BUSINESS,0,ONLINE,blonde_f,black,tone_6,red
P9026,Lily,Suzuki,NO,1,LEISURE,1,DESK,black_f,black,tone_2,olive+green
P9027,Ruby,Owusu,YES,9,LEISURE,1,DESK,blonde,black,tone_6,red
P9028,Eoin,Cho,NO,1,LEISURE,1,ONLINE,brunette,black,tone_1,red
P9029,Soyeon,Kapoor,NO,2,FAMILY,2,DESK,brunette_f,black,tone_4,blue
P9030,Johanna,Jimenez,YES,8,SOLO,1,DESK,blonde_f,blue,tone_6,olive+green
P9031,Harry,Wang,NO,1,LEISURE,0,DESK,brunette,black,tone_2,blue
P9032,Wei,Stewart,YES,5,FAMILY,3,KIOSK,brunette,black,tone_4,red
P9033,Jacob,Khan,NO,1,LEISURE,1,KIOSK,blonde_f,blue,tone_1,blue
P9034,Declan,Suzuki,NO,2,SOLO,1,KIOSK,black_f,black,tone_1,suit
P9035,Arjun,Gray,NO,2,SOLO,1,KIOSK,brunette_f,black,tone_4,red
P9036,Orla,Lee,NO,3,FAMILY,2,DESK,blonde,black,tone_3,suit
P9037,Ming,Yoon,NO,2,LEISURE,2,KIOSK,black,black,tone_4,suit
P9038,Ahmed,Byrne,NO,2,BUSINESS,1,ONLINE,blonde,blue,tone_5,blue
P9039,Imani,Gallagher,YES,5,BUSINESS,0,DESK,brunette_f,black,tone_3,red
P9040,Felix,Hussain,NO,1,FAMILY,2,DESK,brunette,blue,tone_2,blue
P9041,Haruto,Dang,NO,3,SOLO,1,KIOSK,blonde,blue,tone_6,suit
P9042,Kofi,Bamba,NO,1,LEISURE,1,KIOSK,blonde,black,tone_6,blue
P9043,Sami,Hussain,NO,2,BUSINESS,1,KIOSK,black_f,black,tone_2,blue
P9044,Chidi,Wright,NO,1,BUSINESS,0,ONLINE,blonde,blue,tone_5,olive+green
P9045,Jaspreet,Sandhu,NO,2,LEISURE,1,ONLINE,blonde,black,tone_4,suit
P9046,Jakub,Okafor,NO,2,LEISURE,1,ONLINE,blonde,black,tone_6,olive+green
P9047,Valentina,Sharma,NO,1,LEISURE,1,ONLINE,brunette,black,tone_6,suit
P9048,Jamie,Moreau,NO,1,LEISURE,1,DESK,black_f,black,tone_1,olive+green
P9049,Kacper,Chen,NO,1,FAMILY,3,KIOSK,blonde_f,blue,tone_4,blue
P9050,Arjun,Sharma,NO,1,BUSINESS,0,ONLINE,black_f,blue,tone_3,red
P9051,Luke,Malik,NO,2,LEISURE,1,ONLINE,blonde_f,blue,tone_2,olive+green
P9052,Tomasz,Sandhu,NO,3,LEISURE,1,DESK,black,black,tone_2,olive+green
P9053,Reyansh,Campbell,NO,1,LEISURE,1,KIOSK,black,black,tone_1,olive+green
P9054,Tunde,White,YES,10,FAMILY,1,DESK,black_f,black,tone_3,olive+green
P9055,Johanna,Chopra,NO,1,LEISURE,1,ONLINE,blonde,black,tone_6,blue
P9056,Amelia,Ali,NO,1,FAMILY,1,DESK,brunette,black,tone_2,olive+green
P9057,Linh,Mitchell,NO,2,SOLO,1,ONLINE,blonde,blue,tone_3,red
P9058,Matteo,Boateng,NO,1,FAMILY,2,KIOSK,brunette_f,blue,tone_2,red
P9059,Jian,Hoang,NO,1,FAMILY,2,ONLINE,brunette,blue,tone_2,blue
P9060,Ngozi,Kone,NO,1,LEISURE,0,ONLINE,brunette_f,black,tone_4,red
P9061,Dhruv,Boateng,NO,3,LEISURE,1,ONLINE,black,blue,tone_4,blue
P9062,Isla,Roberts,NO,2,BUSINESS,0,DESK,black,blue,tone_5,olive+green
P9063,Dev,Tanaka,YES,7,SOLO,2,DESK,black,black,tone_1,blue
P9064,Akira,Dhillon,YES,10,BUSINESS,0,ONLINE,blonde,blue,tone_3,red
P9065,Manpreet,Chen,NO,2,LEISURE,2,ONLINE,blonde,black,tone_6,blue
P9066,Hana,Cho,NO,1,LEISURE,1,KIOSK,blonde_f,blue,tone_6,olive+green
P9067,Victoria,Morgan,NO,1,FAMILY,3,KIOSK,blonde,blue,tone_6,olive+green
P9068,Lucie,Park,YES,7,FAMILY,2,DESK,black,blue,tone_5,blue
P9069,Chiara,Zhou,NO,1,FAMILY,2,DESK,brunette,black,tone_3,suit
P9070,Jack,Jackson,NO,2,LEISURE,1,DESK,black,blue,tone_4,suit
P9071,Jelani,Shah,NO,1,LEISURE,0,DESK,black_f,black,tone_6,olive+green
P9072,Nadia,Reed,NO,2,LEISURE,0,ONLINE,black,blue,tone_5,suit
P9073,Mei,Martinez,NO,1,FAMILY,3,DESK,black_f,blue,tone_3,red
P9074,Ren,Bose,NO,2,BUSINESS,0,ONLINE,black,blue,tone_3,suit
P9075,Rahul,Brown,NO,2,SOLO,1,ONLINE,black_f,blue,tone_2,suit
P9076,Yasmin,Durand,YES,6,FAMILY,2,ONLINE,blonde,black,tone_2,suit
P9077,Ayana,Morgan,YES,8,SOLO,1,KIOSK,brunette_f,black,tone_3,suit
P9078,Salma,Bianchi,YES,7,FAMILY,2,DESK,blonde,blue,tone_6,blue
P9079,Sakura,Watson,YES,9,LEISURE,1,KIOSK,blonde,black,tone_1,suit
P9080,Trang,Lopez,NO,3,FAMILY,2,DESK,black_f,black,tone_3,red
P9081,Noor,Ito,NO,1,SOLO,1,DESK,brunette_f,blue,tone_1,suit
P9082,Luke,Williams,NO,2,FAMILY,1,KIOSK,brunette_f,blue,tone_5,red
P9083,Minh,Pham,NO,2,LEISURE,1,DESK,black,blue,tone_2,suit
P9084,Aaliyah,Sow,NO,2,FAMILY,3,ONLINE,blonde_f,blue,tone_2,red
P9085,Kwame,Ricci,NO,1,LEISURE,0,DESK,blonde,black,tone_3,red
P9086,Priya,Thompson,NO,2,BUSINESS,0,ONLINE,brunette_f,blue,tone_1,olive+green
P9087,Charlotte,Anderson,NO,2,LEISURE,1,ONLINE,blonde_f,black,tone_5,red
P9088,Adam,Dubois,NO,2,FAMILY,2,KIOSK,brunette_f,black,tone_5,blue
P9089,Olivia,Walker,NO,1,SOLO,1,ONLINE,brunette_f,blue,tone_2,red
P9090,Ngozi,Kumar,NO,2,SOLO,0,KIOSK,black_f,black,tone_4,red
P9091,Kiet,Esposito,NO,2,LEISURE,1,ONLINE,blonde,black,tone_6,red
P9092,Ali,Shah,NO,3,LEISURE,1,ONLINE,black,black,tone_4,blue
P9093,Jelani,Patel,NO,1,LEISURE,1,DESK,brunette,black,tone_4,suit
P9094,Rahul,Kelly,YES,7,FAMILY,3,KIOSK,black,blue,tone_4,suit
P9095,Chidi,White,NO,2,FAMILY,3,ONLINE,blonde,black,tone_1,olive+green
P9096,Sakura,Walsh,NO,2,LEISURE,1,ONLINE,blonde_f,blue,tone_5,olive+green
P9097,Jun,Singh,NO,1,LEISURE,1,ONLINE,black,black,tone_4,blue
P9098,Samar,Mansour,YES,9,LEISURE,1,DESK,black,black,tone_5,red
P9099,Jelani,Wang,NO,1,LEISURE,1,ONLINE,blonde,blue,tone_1,suit
P9100,Hugo,Byrne,NO,1,BUSINESS,1,KIOSK,blonde_f,black,tone_3,red
P9101,Greta,Baker,NO,1,BUSINESS,1,DESK,blonde,black,tone_3,blue
P9102,Hassan,Russell,YES,7,LEISURE,1,KIOSK,black_f,blue,tone_6,suit
P9103,Ngozi,Campbell,YES,5,LEISURE,1,ONLINE,black_f,blue,tone_1,red
P9104,Alejandro,Eze,NO,2,FAMILY,2,ONLINE,black,blue,tone_3,olive+green
P9105,Kofi,Kumar,NO,2,FAMILY,1,DESK,blonde_f,black,tone_5,red
P9106,Manpreet,O'Brien,NO,2,LEISURE,1,ONLINE,blonde,black,tone_1,blue
P9107,Lily,Roberts,NO,3,SOLO,2,ONLINE,brunette_f,blue,tone_4,olive+green
P9108,James,Ali,NO,2,FAMILY,2,DESK,black_f,blue,tone_3,red
P9109,Sakura,Foster,NO,1,LEISURE,1,KIOSK,brunette,blue,tone_6,olive+green
P9110,Sakura,Tanaka,YES,7,BUSINESS,0,ONLINE,black_f,blue,tone_6,blue
P9111,Oscar,Mahmood,NO,1,BUSINESS,0,KIOSK,brunette,blue,tone_1,blue
P9112,Karan,Phan,NO,1,LEISURE,1,KIOSK,black,black,tone_3,blue
P9113,Faris,Howard,NO,1,LEISURE,2,ONLINE,black_f,black,tone_4,blue
P9114,Victoria,Rao,NO,1,BUSINESS,1,KIOSK,blonde_f,blue,tone_6,blue
P9115,Oliver,Taylor,NO,1,BUSINESS,1,KIOSK,blonde_f,black,tone_2,blue
P9116,Navdeep,Camara,YES,7,LEISURE,2,ONLINE,blonde,blue,tone_2,olive+green
P9117,Johanna,Bernard,NO,1,BUSINESS,1,KIOSK,black_f,black,tone_2,olive+green
P9118,Krish,Asante,YES,8,BUSINESS,1,KIOSK,black,black,tone_5,red
P9119,Mila,Gallagher,NO,2,LEISURE,1,KIOSK,brunette,blue,tone_3,olive+green
P9120,Lucie,Green,NO,1,LEISURE,1,ONLINE,brunette_f,blue,tone_5,suit
P9121,Aarav,Park,NO,3,LEISURE,1,DESK,brunette_f,blue,tone_3,blue
P9122,Zofia,Reed,YES,7,SOLO,1,ONLINE,brunette,black,tone_6,suit
P9123,Navdeep,Mitchell,YES,5,SOLO,1,KIOSK,black_f,black,tone_3,red
P9124,Manpreet,Sanchez,YES,7,BUSINESS,1,ONLINE,blonde_f,blue,tone_6,suit
P9125,Vivaan,Anderson,NO,1,LEISURE,1,ONLINE,blonde,blue,tone_5,blue
P9126,Arthur,Richards,NO,1,FAMILY,3,DESK,blonde,blue,tone_4,blue
P9127,Ayaan,Davies,NO,1,FAMILY,2,KIOSK,black_f,black,tone_4,red
P9128,Jules,Sidhu,NO,3,BUSINESS,0,ONLINE,brunette_f,blue,tone_5,olive+green
P9129,Marco,Fischer,NO,2,FAMILY,2,DESK,black,blue,tone_2,olive+green
P9130,Emeka,Huynh,NO,1,BUSINESS,1,KIOSK,blonde,blue,tone_6,red
P9131,Isla,Li,YES,8,SOLO,0,ONLINE,brunette_f,blue,tone_6,red
P9132,Charlotte,Singh,YES,6,FAMILY,2,ONLINE,blonde_f,blue,tone_4,blue
P9133,Sami,Robinson,NO,1,LEISURE,2,KIOSK,brunette,blue,tone_5,red
P9134,Adam,Ali,NO,2,LEISURE,0,KIOSK,brunette,black,tone_3,blue
P9135,Ronan,Joshi,NO,2,LEISURE,1,KIOSK,black,black,tone_4,suit
P9136,Avery,Anderson,NO,1,LEISURE,1,DESK,brunette_f,blue,tone_2,suit
P9137,Jules,Shah,NO,2,BUSINESS,0,ONLINE,brunette_f,blue,tone_1,olive+green
P9138,Simran,Esposito,YES,10,LEISURE,1,DESK,brunette,black,tone_1,suit
P9139,Camila,Brar,NO,2,FAMILY,2,DESK,black,black,tone_2,red
P9140,Camila,Suzuki,NO,1,LEISURE,1,DESK,black_f,blue,tone_3,red
P9141,Aryan,Bianchi,NO,2,BUSINESS,1,ONLINE,black,black,tone_6,suit
P9142,Wei,Tanaka,YES,5,LEISURE,1,ONLINE,blonde,blue,tone_5,olive+green
P9143,Lena,Choi,NO,2,SOLO,0,DESK,black,blue,tone_1,suit
P9144,Sebastian,Sow,NO,3,SOLO,0,DESK,blonde,blue,tone_5,olive+green
P9145,Ibrahim,Perez,NO,2,LEISURE,1,DESK,blonde_f,black,tone_1,red
P9146,Ali,Fofana,YES,5,SOLO,1,ONLINE,blonde_f,black,tone_4,olive+green
P9147,Isabella,Hussain,NO,1,SOLO,1,ONLINE,black_f,black,tone_2,olive+green
P9148,Hannah,Bose,NO,1,LEISURE,1,ONLINE,brunette_f,blue,tone_1,olive+green
P9149,Wei,Thompson,YES,6,FAMILY,2,ONLINE,blonde,blue,tone_6,suit
P9150,Ibrahim,Jackson,NO,2,LEISURE,1,DESK,brunette,blue,tone_3,olive+green
P9151,Simran,Bose,NO,1,LEISURE,0,KIOSK,blonde_f,blue,tone_3,olive+green
P9152,Zuri,Toure,NO,2,SOLO,1,ONLINE,brunette,black,tone_3,blue
P9153,Ayaan,Tran,NO,1,BUSINESS,1,DESK,brunette,blue,tone_3,olive+green
P9154,Poppy,Sow,NO,1,LEISURE,1,ONLINE,blonde,blue,tone_6,olive+green
P9155,Johanna,Mehta,NO,2,FAMILY,2,DESK,brunette_f,blue,tone_3,olive+green
P9156,Marco,Phan,NO,1,FAMILY,3,DESK,black_f,black,tone_3,suit
P9157,Louis,Scott,NO,2,FAMILY,2,KIOSK,brunette,black,tone_5,blue
P9158,Morgan,Wisniewski,NO,3,BUSINESS,1,ONLINE,brunette_f,blue,tone_3,olive+green
P9159,Obinna,Ahmed,NO,2,BUSINESS,0,ONLINE,black_f,blue,tone_3,suit
P9160,Meera,Kaur,NO,1,SOLO,0,ONLINE,blonde,black,tone_6,suit
P9161,Henry,Malik,NO,2,LEISURE,2,ONLINE,blonde,blue,tone_5,suit
P9162,Simran,Clarke,NO,1,LEISURE,0,KIOSK,black_f,black,tone_4,olive+green
P9163,Yuna,Jones,NO,1,BUSINESS,0,ONLINE,brunette,blue,tone_5,red
P9164,Niklas,Bailey,NO,1,LEISURE,1,KIOSK,black,blue,tone_4,blue
P9165,Mia,Chopra,YES,5,BUSINESS,0,ONLINE,brunette,black,tone_2,red
P9166,Dev,Agyeman,NO,2,FAMILY,2,KIOSK,black,black,tone_2,blue
P9167,Sophie,Yoon,YES,8,LEISURE,1,ONLINE,blonde,blue,tone_2,olive+green
P9168,Oliver,Yamamoto,NO,2,LEISURE,0,DESK,black,blue,tone_5,olive+green
P9169,Mia,Kone,NO,3,FAMILY,2,DESK,black_f,black,tone_6,suit
P9170,Alejandro,Schneider,YES,5,FAMILY,2,DESK,blonde,black,tone_3,olive+green
P9171,Valentina,Ricci,YES,8,LEISURE,1,DESK,brunette_f,blue,tone_3,olive+green
P9172,Arnav,Schneider,NO,1,LEISURE,1,ONLINE,black,blue,tone_5,olive+green
P9173,Arthur,Agyeman,NO,2,FAMILY,2,DESK,blonde,blue,tone_1,blue
P9174,Noor,Vu,NO,1,LEISURE,0,KIOSK,brunette_f,blue,tone_4,suit
P9175,Kofi,Howard,NO,1,LEISURE,1,ONLINE,blonde_f,blue,tone_6,suit
P9176,Alfie,Xu,NO,1,LEISURE,1,ONLINE,brunette,black,tone_3,blue
P9177,Harpreet,Liu,NO,1,SOLO,2,KIOSK,brunette_f,blue,tone_3,red
P9178,Nisha,Weber,NO,2,SOLO,1,DESK,black_f,blue,tone_5,blue
P9179,Rohan,Huang,NO,1,BUSINESS,0,ONLINE,brunette,blue,tone_1,red
P9180,Gurpreet,Rahman,YES,10,LEISURE,2,ONLINE,brunette_f,blue,tone_1,suit
P9181,Mia,Adams,NO,1,FAMILY,2,ONLINE,blonde,black,tone_2,olive+green
P9182,Ayaan,Smith,YES,9,FAMILY,2,KIOSK,brunette,blue,tone_1,suit
P9183,Mai,Kaminski,YES,6,SOLO,1,ONLINE,blonde_f,black,tone_3,suit
P9184,Luca,Howard,NO,2,LEISURE,1,ONLINE,blonde_f,black,tone_2,suit
P9185,Yusuf,Kumar,NO,1,FAMILY,3,ONLINE,black_f,blue,tone_6,suit
P9186,Isla,Moreau,NO,1,FAMILY,2,ONLINE,brunette_f,blue,tone_1,red
P9187,Malik,Boateng,NO,1,LEISURE,1,DESK,black,black,tone_6,red
P9188,Hassan,Gomez,NO,1,LEISURE,2,KIOSK,brunette_f,black,tone_4,olive+green
P9189,Malik,Gomez,NO,1,LEISURE,2,DESK,blonde,black,tone_2,blue
P9190,Olivia,Dubois,NO,1,BUSINESS,1,ONLINE,blonde,black,tone_2,olive+green
P9191,Abena,Kapoor,NO,1,BUSINESS,1,ONLINE,blonde,blue,tone_3,red
P9192,Nia,Singh,YES,7,LEISURE,1,ONLINE,blonde_f,blue,tone_2,blue
P9193,Sebastian,Wu,YES,7,LEISURE,1,DESK,blonde,blue,tone_1,suit
P9194,Alex,Nasser,YES,7,BUSINESS,1,ONLINE,black,blue,tone_3,blue
P9195,Cian,Walker,NO,1,LEISURE,2,DESK,black,black,tone_3,blue
P9196,Mateo,Khalil,NO,2,LEISURE,1,KIOSK,brunette,black,tone_2,olive+green
P9197,Kiet,Iqbal,NO,2,LEISURE,1,ONLINE,blonde_f,black,tone_3,suit
P9198,Phoebe,Singh,NO,2,FAMILY,2,ONLINE,blonde_f,black,tone_1,olive+green
P9199,Giulia,Richards,NO,1,BUSINESS,0,ONLINE,blonde_f,blue,tone_1,suit
P9200,Poppy,Kelly,NO,3,FAMILY,2,DESK,black_f,black,tone_2,blue
P9201,Diego,Martinez,NO,2,FAMILY,1,DESK,brunette,black,tone_2,olive+green
P9202,Amelia,Bianchi,NO,3,BUSINESS,0,ONLINE,brunette,black,tone_6,suit
P9203,Arnav,Adams,NO,1,FAMILY,2,DESK,brunette_f,blue,tone_3,red
P9204,Leon,Thompson,NO,2,FAMILY,2,DESK,blonde,black,tone_5,red
P9205,Reyansh,Wisniewski,NO,2,LEISURE,1,DESK,blonde_f,black,tone_4,red
P9206,Amina,Gill,NO,1,FAMILY,2,DESK,brunette_f,blue,tone_5,suit
P9207,Omar,Hoang,NO,1,SOLO,0,ONLINE,brunette_f,blue,tone_5,red
P9208,Nia,Byrne,YES,10,LEISURE,1,ONLINE,brunette_f,blue,tone_2,blue
P9209,Ananya,Nguyen,YES,5,BUSINESS,1,ONLINE,blonde,blue,tone_4,red
P9210,Salma,Verma,NO,1,BUSINESS,0,KIOSK,blonde_f,black,tone_4,olive+green
P9211,Karim,Richards,YES,5,LEISURE,1,ONLINE,blonde_f,black,tone_3,suit
P9212,Amina,Grant,YES,7,BUSINESS,1,ONLINE,brunette,black,tone_6,suit
P9213,Nari,Hussain,NO,1,FAMILY,2,ONLINE,blonde_f,black,tone_1,blue
P9214,Samar,Verma,NO,1,BUSINESS,2,KIOSK,brunette,black,tone_1,red
P9215,Nisha,Kim,YES,10,BUSINESS,0,ONLINE,brunette_f,blue,tone_2,olive+green
P9216,Kavya,Tanaka,NO,1,BUSINESS,1,ONLINE,black_f,blue,tone_5,blue
P9217,Noah,Morgan,NO,1,LEISURE,1,DESK,blonde_f,blue,tone_4,blue
P9218,Salma,Agyeman,NO,3,LEISURE,1,ONLINE,black,blue,tone_2,olive+green
P9219,Yuki,Brown,NO,1,FAMILY,1,DESK,brunette_f,blue,tone_6,suit
P9220,Yasmin,Ali,YES,5,FAMILY,1,KIOSK,blonde_f,blue,tone_4,red
P9221,Santiago,Malik,NO,2,SOLO,1,ONLINE,black_f,black,tone_4,red
P9222,Dev,Pham,NO,1,FAMILY,2,KIOSK,blonde,blue,tone_1,olive+green
P9223,Oscar,Schmidt,NO,3,FAMILY,2,DESK,black,blue,tone_5,suit
P9224,Hassan,Mehta,NO,1,LEISURE,2,KIOSK,brunette,black,tone_6,suit
P9225,Louis,Sanchez,NO,2,SOLO,0,ONLINE,brunette,black,tone_4,olive+green
P9226,Evie,Walker,NO,3,LEISURE,1,ONLINE,brunette_f,black,tone_1,olive+green
P9227,Yuki,Weber,NO,3,BUSINESS,1,DESK,brunette,black,tone_4,suit
P9228,Olivia,Fofana,NO,3,BUSINESS,1,KIOSK,blonde,black,tone_5,blue
P9229,Sebastian,Liu,NO,2,LEISURE,1,DESK,blonde,blue,tone_1,blue
P9230,Sakura,Dubois,NO,2,LEISURE,0,KIOSK,blonde,blue,tone_2,suit
P9231,Kiet,Fischer,NO,1,FAMILY,2,DESK,blonde,blue,tone_2,red
P9232,Amelia,Johnson,YES,6,LEISURE,0,ONLINE,brunette_f,black,tone_2,red
P9233,Krish,Liu,YES,6,LEISURE,0,ONLINE,black,black,tone_4,red
P9234,Minh,Taylor,YES,7,FAMILY,3,ONLINE,brunette_f,black,tone_6,olive+green
P9235,Louis,Ahmed,NO,1,FAMILY,3,DESK,brunette_f,blue,tone_4,olive+green
P9236,Ama,Joshi,NO,2,LEISURE,1,DESK,brunette_f,blue,tone_5,blue
P9237,Amelia,Lewandowski,NO,1,LEISURE,2,KIOSK,black_f,blue,tone_1,suit
P9238,Amrit,Zhang,NO,1,LEISURE,1,ONLINE,blonde,black,tone_6,suit
P9239,Casey,Leroy,NO,3,LEISURE,1,ONLINE,black,black,tone_3,red
P9240,Jasleen,Fofana,NO,2,LEISURE,1,DESK,brunette_f,blue,tone_3,suit
P9241,Amrit,Watanabe,NO,3,BUSINESS,2,ONLINE,brunette_f,black,tone_6,olive+green
P9242,Olivia,Francis,NO,1,FAMILY,3,DESK,blonde_f,blue,tone_5,red
P9243,Diego,Evans,NO,3,SOLO,1,KIOSK,blonde_f,blue,tone_6,blue
P9244,Anja,Kaminski,NO,2,LEISURE,0,KIOSK,black,blue,tone_1,olive+green
P9245,Anja,Phan,NO,2,BUSINESS,1,DESK,brunette_f,blue,tone_5,red
P9246,Kenji,Lopez,NO,1,FAMILY,2,DESK,blonde,black,tone_2,olive+green
P9247,Karim,White,NO,2,LEISURE,1,KIOSK,black_f,blue,tone_5,blue
P9248,Nhi,Johnson,NO,2,LEISURE,2,KIOSK,brunette_f,blue,tone_6,olive+green
P9249,Joon,Toure,NO,1,FAMILY,2,ONLINE,blonde_f,blue,tone_6,red
P9250,Lucie,Bennett,NO,1,SOLO,1,ONLINE,brunette_f,blue,tone_1,suit
P9251,Krish,Weber,NO,1,FAMILY,2,ONLINE,brunette,blue,tone_4,olive+green
P9252,Zuri,Stewart,NO,2,LEISURE,1,DESK,brunette_f,blue,tone_6,red
P9253,Salma,Gray,NO,3,LEISURE,2,ONLINE,blonde_f,black,tone_6,suit
P9254,Emilia,Ali,NO,1,LEISURE,1,KIOSK,blonde_f,black,tone_1,suit
P9255,Sebastian,Williams,NO,2,FAMILY,2,DESK,blonde_f,blue,tone_3,olive+green
P9256,Neil,Scott,NO,1,LEISURE,1,DESK,brunette_f,blue,tone_6,olive+green
P9257,Mateo,White,NO,2,LEISURE,0,ONLINE,blonde,black,tone_2,blue
P9258,Ava,Dang,NO,3,LEISURE,2,ONLINE,blonde,blue,tone_2,olive+green
P9259,Bao,Malik,NO,1,LEISURE,0,ONLINE,black,black,tone_2,suit
P9260,Tunde,Russell,YES,8,FAMILY,1,DESK,black_f,black,tone_2,red
P9261,Aryan,Richards,NO,1,BUSINESS,0,ONLINE,brunette,black,tone_6,blue
P9262,Jamie,Gupta,NO,1,LEISURE,1,DESK,blonde_f,blue,tone_2,suit
P9263,Hassan,Suzuki,NO,2,BUSINESS,1,ONLINE,black,blue,tone_5,olive+green
P9264,Ruby,Agyeman,NO,1,FAMILY,3,DESK,brunette_f,black,tone_1,blue
P9265,Jisoo,Green,NO,3,BUSINESS,0,KIOSK,blonde,black,tone_2,blue
P9266,Ronan,Xu,NO,1,LEISURE,1,ONLINE,blonde,blue,tone_3,suit
P9267,Kojo,Vu,YES,6,LEISURE,1,ONLINE,blonde,black,tone_5,suit
P9268,Eoin,Ryan,YES,5,FAMILY,3,ONLINE,blonde,blue,tone_3,olive+green
P9269,Quang,Huang,YES,6,LEISURE,1,DESK,blonde_f,blue,tone_3,blue
P9270,Emily,Stewart,NO,1,LEISURE,0,ONLINE,brunette,black,tone_4,suit
P9271,Marek,Garcia,NO,1,LEISURE,0,DESK,brunette,blue,tone_5,olive+green
P9272,Poppy,Wilson,NO,1,BUSINESS,0,ONLINE,black_f,blue,tone_6,red
P9273,Morgan,Garcia,NO,1,LEISURE,2,DESK,brunette_f,blue,tone_1,olive+green
P9274,Chidi,Saleh,NO,1,LEISURE,2,KIOSK,blonde_f,blue,tone_5,blue
P9275,Gurpreet,Khan,YES,5,FAMILY,2,DESK,blonde,blue,tone_4,olive+green
P9276,Thomas,Bernard,NO,3,FAMILY,3,ONLINE,brunette_f,blue,tone_2,red
P9277,Alex,Lopez,YES,10,LEISURE,1,ONLINE,black_f,blue,tone_1,suit
P9278,Leon,Williams,YES,7,LEISURE,1,ONLINE,blonde_f,blue,tone_6,red
P9279,Oscar,Baker,NO,3,LEISURE,1,DESK,black_f,blue,tone_2,blue
P9280,Isabella,O'Brien,NO,2,LEISURE,1,KIOSK,blonde_f,blue,tone_4,suit
P9281,Reyansh,Schneider,YES,8,BUSINESS,0,DESK,brunette_f,blue,tone_1,suit
P9282,Evie,Zhang,NO,1,LEISURE,1,ONLINE,blonde_f,black,tone_1,suit
P9283,Ayaan,Sanchez,NO,3,BUSINESS,1,ONLINE,black_f,blue,tone_3,olive+green
P9284,Jamie,Ito,NO,2,FAMILY,2,DESK,brunette_f,black,tone_2,suit
P9285,Haruto,Bailey,NO,1,LEISURE,2,ONLINE,blonde_f,blue,tone_6,suit
P9286,Sophie,Wright,NO,2,LEISURE,1,ONLINE,brunette,black,tone_2,blue
P9287,Michael,Choi,NO,1,SOLO,0,DESK,blonde,blue,tone_6,blue
P9288,Giulia,Thomas,YES,6,LEISURE,1,DESK,blonde,black,tone_4,blue
P9289,Yuki,Roberts,YES,10,LEISURE,1,ONLINE,brunette,blue,tone_6,red
P9290,Jakub,Jung,NO,1,LEISURE,0,DESK,brunette,black,tone_6,red
P9291,Sam,Brar,NO,1,BUSINESS,0,DESK,blonde,black,tone_2,suit
P9292,Louis,Schmidt,NO,1,LEISURE,1,KIOSK,black,blue,tone_4,suit
P9293,Adwoa,Schneider,NO,2,FAMILY,2,DESK,brunette,blue,tone_1,suit
P9294,Ali,Kaur,NO,2,SOLO,0,ONLINE,brunette,black,tone_3,blue
P9295,Anh,White,YES,10,SOLO,1,ONLINE,black,black,tone_6,red
P9296,Karan,Bianchi,YES,7,BUSINESS,0,ONLINE,black_f,black,tone_1,suit
P9297,Leon,Jackson,NO,2,LEISURE,1,DESK,blonde_f,black,tone_1,olive+green
P9298,Wei,Rahman,NO,2,SOLO,2,ONLINE,blonde,blue,tone_3,olive+green
P9299,Kwame,Vu,NO,1,FAMILY,3,KIOSK,blonde,black,tone_5,blue
P9300,Kwame,Walker,NO,2,SOLO,1,DESK,black,blue,tone_6,suit
P9301,Johanna,Phan,NO,3,BUSINESS,0,KIOSK,blonde,black,tone_4,blue
P9302,Jasleen,Pham,NO,1,LEISURE,0,ONLINE,brunette,blue,tone_4,suit
P9303,Jack,Taylor,NO,1,LEISURE,1,ONLINE,brunette,blue,tone_1,blue
P9304,Hamza,Kang,NO,1,LEISURE,1,ONLINE,brunette,blue,tone_4,blue
P9305,Oliver,Yang,YES,8,LEISURE,2,KIOSK,brunette_f,black,tone_5,olive+green
P9306,Jelani,Foster,NO,1,BUSINESS,1,ONLINE,brunette,blue,tone_3,red
P9307,George,Perez,NO,1,BUSINESS,1,KIOSK,black,black,tone_1,red
P9308,Jasleen,Morgan,NO,1,SOLO,2,DESK,blonde_f,black,tone_5,suit
P9309,Amrit,Parker,NO,1,FAMILY,2,ONLINE,black_f,black,tone_3,red
P9310,Aditya,Romano,NO,1,BUSINESS,0,ONLINE,black_f,black,tone_4,blue
P9311,Bao,Cho,NO,1,LEISURE,2,KIOSK,blonde_f,blue,tone_3,blue
P9312,Kenji,Jones,YES,10,FAMILY,3,DESK,brunette_f,black,tone_4,olive+green
P9313,Sam,Siddiqui,YES,9,FAMILY,2,KIOSK,brunette,black,tone_3,olive+green
P9314,Oscar,Siddiqui,NO,3,BUSINESS,1,KIOSK,brunette,black,tone_4,blue
P9315,Mariam,Chen,NO,1,LEISURE,0,ONLINE,black,blue,tone_1,olive+green
P9316,Cameron,Stewart,NO,2,LEISURE,0,DESK,blonde,black,tone_2,blue
P9317,Ama,Malhotra,NO,3,LEISURE,2,DESK,brunette_f,blue,tone_2,blue
P9318,Ming,Byrne,NO,2,LEISURE,1,DESK,brunette_f,black,tone_5,suit
P9319,Obinna,Zhang,NO,2,FAMILY,2,KIOSK,brunette,blue,tone_3,olive+green
P9320,Yusuf,Bennett,NO,2,SOLO,1,ONLINE,blonde_f,blue,tone_2,suit
P9321,Manon,Ferrari,NO,1,LEISURE,2,DESK,blonde,blue,tone_2,suit
P9322,Ryan,Stewart,NO,1,LEISURE,0,KIOSK,black,black,tone_3,olive+green
P9323,Mai,Lewandowski,YES,8,FAMILY,3,KIOSK,black,black,tone_6,blue
P9324,William,Shah,YES,8,BUSINESS,1,KIOSK,black,blue,tone_2,suit
P9325,Aditya,Takahashi,NO,2,SOLO,0,ONLINE,blonde,black,tone_1,olive+green
P9326,Hugo,Watson,NO,1,FAMILY,2,DESK,brunette_f,black,tone_6,olive+green
P9327,Neil,Keita,NO,3,BUSINESS,1,ONLINE,blonde,black,tone_1,suit
P9328,Jordan,Lee,YES,9,SOLO,1,ONLINE,blonde,blue,tone_5,blue
P9329,Dhruv,Esposito,NO,1,LEISURE,1,KIOSK,brunette_f,blue,tone_3,suit
P9330,Noor,Verma,YES,9,LEISURE,2,DESK,brunette,black,tone_5,suit
P9331,Phoebe,Toure,YES,6,LEISURE,1,DESK,blonde,blue,tone_3,olive+green
P9332,Karan,Sidhu,NO,3,BUSINESS,0,ONLINE,brunette,blue,tone_3,blue
P9333,Ruby,Weber,NO,1,FAMILY,2,DESK,black_f,black,tone_6,blue
P9334,Abena,Muller,NO,2,LEISURE,1,ONLINE,black,black,tone_2,olive+green
P9335,Evie,Hussain,NO,1,SOLO,1,DESK,brunette_f,black,tone_5,olive+green
P9336,Nathan,Nowak,NO,2,LEISURE,1,DESK,black_f,black,tone_2,olive+green
P9337,Olivia,Brar,NO,2,FAMILY,3,KIOSK,blonde_f,blue,tone_3,blue
P9338,Haruto,Kowalski,NO,2,BUSINESS,1,ONLINE,brunette,black,tone_2,blue
P9339,Arnav,Pham,NO,1,BUSINESS,2,ONLINE,blonde,black,tone_1,suit
P9340,Yusuf,Dang,NO,1,LEISURE,1,ONLINE,blonde_f,black,tone_1,red
P9341,Veer,Saleh,NO,1,FAMILY,1,DESK,blonde,black,tone_4,blue
P9342,Manon,Jones,NO,3,LEISURE,0,ONLINE,black,blue,tone_5,blue
P9343,Evie,Ryan,NO,2,BUSINESS,0,ONLINE,brunette,blue,tone_1,olive+green
P9344,Jelani,Khan,NO,1,LEISURE,2,ONLINE,black_f,black,tone_2,olive+green
P9345,Manpreet,Gill,NO,1,FAMILY,3,KIOSK,brunette,blue,tone_2,olive+green
P9346,Poppy,Jimenez,NO,1,LEISURE,1,ONLINE,blonde_f,blue,tone_2,blue
P9347,Nari,Vu,NO,1,BUSINESS,0,ONLINE,brunette,blue,tone_2,olive+green
P9348,Jakub,Camara,NO,2,LEISURE,1,DESK,brunette_f,black,tone_3,olive+green
P9349,Greta,Haddad,NO,3,LEISURE,1,ONLINE,black,black,tone_1,suit
P9350,Tunde,Walsh,NO,1,SOLO,1,DESK,blonde_f,blue,tone_1,olive+green
P9351,Minh,Chopra,NO,2,SOLO,1,ONLINE,brunette_f,blue,tone_4,suit
P9352,Simran,Doyle,NO,1,LEISURE,1,KIOSK,brunette,blue,tone_4,olive+green
P9353,Aanya,Hoang,NO,2,FAMILY,2,KIOSK,black,black,tone_3,red
P9354,Amara,Carter,NO,1,SOLO,2,ONLINE,brunette,black,tone_6,red
P9355,Khalid,Smith,NO,2,FAMILY,2,DESK,black,blue,tone_2,red
P9356,Obinna,Gupta,NO,2,BUSINESS,0,ONLINE,brunette,blue,tone_2,red
P9357,Thomas,Williams,NO,1,SOLO,1,ONLINE,brunette_f,blue,tone_6,red
P9358,Ngozi,Russell,NO,1,LEISURE,1,ONLINE,brunette_f,black,tone_3,blue
P9359,Sebastian,Kaur,NO,1,BUSINESS,0,ONLINE,brunette,black,tone_2,red
P9360,Camila,Durand,NO,1,BUSINESS,1,KIOSK,black,black,tone_2,red
P9361,Hana,Sandhu,NO,1,LEISURE,1,DESK,black_f,blue,tone_4,olive+green
P9362,Sakura,Hall,NO,3,BUSINESS,0,ONLINE,black_f,blue,tone_4,red
P9363,Arnav,Ruiz,NO,3,BUSINESS,0,ONLINE,blonde_f,blue,tone_5,red
P9364,Morgan,Sharma,NO,1,LEISURE,1,ONLINE,brunette_f,black,tone_6,blue
P9365,Imani,Jackson,NO,1,LEISURE,1,ONLINE,brunette,blue,tone_3,red
P9366,Theo,Lee,NO,2,LEISURE,0,DESK,black,black,tone_5,red
P9367,Diego,Sidhu,NO,2,BUSINESS,0,DESK,black,blue,tone_2,olive+green
P9368,Luke,Fofana,NO,1,FAMILY,1,ONLINE,brunette,black,tone_1,olive+green
P9369,Sakura,Walker,NO,3,LEISURE,1,KIOSK,brunette,blue,tone_4,suit
P9370,Kofi,Gray,NO,3,BUSINESS,0,ONLINE,blonde,black,tone_6,blue
P9371,Hamza,Gomez,NO,3,LEISURE,1,KIOSK,brunette,black,tone_3,red
P9372,Arnav,Wilson,YES,5,LEISURE,1,DESK,brunette,black,tone_6,red
P9373,Hugo,Gill,YES,8,FAMILY,1,KIOSK,blonde_f,black,tone_3,suit
P9374,Aaliyah,Fofana,NO,2,FAMILY,2,ONLINE,black,blue,tone_3,red
P9375,Karim,Kaur,NO,3,BUSINESS,1,ONLINE,black_f,blue,tone_5,suit
P9376,Alfie,Siddiqui,NO,3,FAMILY,2,DESK,blonde,black,tone_4,blue
P9377,Cameron,Malhotra,NO,1,BUSINESS,0,ONLINE,brunette,blue,tone_3,suit
P9378,Ahmed,Gill,NO,1,SOLO,1,DESK,black,black,tone_1,olive+green
P9379,Olivia,Diallo,NO,2,BUSINESS,0,ONLINE,blonde,blue,tone_5,suit
P9380,Oscar,Lee,NO,1,BUSINESS,0,ONLINE,blonde_f,blue,tone_1,olive+green
P9381,William,Sow,YES,6,LEISURE,1,DESK,brunette,blue,tone_6,olive+green
P9382,Eoin,Watson,NO,2,BUSINESS,0,ONLINE,brunette,black,tone_6,olive+green
P9383,Linh,Taylor,NO,2,SOLO,2,ONLINE,brunette_f,blue,tone_4,suit
P9384,Grace,Sharma,NO,2,LEISURE,1,ONLINE,brunette_f,blue,tone_3,blue
P9385,Aryan,Chopra,NO,2,LEISURE,1,KIOSK,black,black,tone_1,red
P9386,Jakub,Robinson,NO,3,BUSINESS,0,ONLINE,brunette_f,blue,tone_3,blue
P9387,Nadia,Bennett,NO,1,LEISURE,1,ONLINE,blonde,black,tone_2,olive+green
P9388,Henry,Ali,NO,2,FAMILY,2,KIOSK,blonde_f,black,tone_3,olive+green
P9389,Gurleen,Camara,NO,1,LEISURE,0,ONLINE,blonde_f,black,tone_3,red
P9390,Phoebe,Okafor,NO,1,SOLO,0,DESK,blonde_f,blue,tone_4,olive+green
P9391,Yasmin,Rahman,NO,1,BUSINESS,0,ONLINE,brunette_f,blue,tone_3,olive+green
P9392,Violet,Gupta,NO,2,SOLO,1,DESK,brunette_f,black,tone_4,olive+green
P9393,Priya,Reddy,YES,5,BUSINESS,0,ONLINE,brunette,black,tone_6,olive+green
P9394,Arjun,Tran,NO,1,LEISURE,0,KIOSK,black,blue,tone_2,olive+green
P9395,Kabir,Khan,NO,1,BUSINESS,1,ONLINE,brunette,blue,tone_6,suit
P9396,Faris,Ali,YES,6,FAMILY,2,DESK,blonde_f,blue,tone_6,olive+green
P9397,Rin,Cho,NO,1,BUSINESS,0,DESK,black_f,blue,tone_4,blue
P9398,Mia,Moreau,YES,8,LEISURE,2,KIOSK,blonde_f,blue,tone_4,suit
P9399,Niamh,Zielinski,NO,3,BUSINESS,1,ONLINE,black,blue,tone_4,blue
P9400,Evie,Jimenez,NO,1,BUSINESS,0,ONLINE,blonde,black,tone_1,suit
P9401,Greta,O'Brien,NO,2,LEISURE,1,DESK,brunette_f,blue,tone_1,olive+green
P9402,Aryan,Wisniewski,NO,3,SOLO,1,DESK,brunette_f,black,tone_6,olive+green
P9403,Bilal,Roberts,NO,1,LEISURE,1,DESK,blonde_f,blue,tone_2,olive+green
P9404,Orla,Wright,NO,1,LEISURE,1,ONLINE,brunette,blue,tone_4,suit
P9405,Adam,Takahashi,YES,7,SOLO,1,KIOSK,brunette,black,tone_2,suit
P9406,Ronan,Kapoor,NO,2,SOLO,1,KIOSK,black_f,black,tone_6,red
P9407,Jules,Park,NO,1,LEISURE,2,ONLINE,blonde_f,blue,tone_6,olive+green
P9408,Rahul,Xu,NO,1,LEISURE,1,DESK,blonde_f,black,tone_5,suit
P9409,Hao,Gomez,NO,1,LEISURE,0,DESK,brunette_f,blue,tone_2,blue
P9410,Georgia,Bailey,NO,2,FAMILY,2,DESK,blonde_f,blue,tone_5,suit
P9411,Kiet,Byrne,NO,1,LEISURE,1,ONLINE,brunette_f,black,tone_3,olive+green
P9412,Tara,Gray,NO,1,LEISURE,0,ONLINE,blonde,black,tone_6,red
P9413,Ayaan,Conti,NO,3,FAMILY,1,ONLINE,brunette,blue,tone_2,red
P9414,Karan,Sharma,NO,1,FAMILY,3,DESK,blonde,black,tone_4,olive+green
P9415,Jakub,Dubois,NO,1,LEISURE,1,DESK,brunette,black,tone_4,blue
P9416,Alfie,Lopez,NO,3,FAMILY,2,DESK,brunette_f,blue,tone_4,suit
P9417,Casey,Davies,NO,1,BUSINESS,0,ONLINE,black,blue,tone_6,blue
P9418,Isla,Akhtar,NO,3,LEISURE,1,ONLINE,brunette,blue,tone_4,red
P9419,Evie,Haddad,NO,3,BUSINESS,1,DESK,blonde,blue,tone_6,suit
P9420,Diego,Chen,YES,9,LEISURE,0,KIOSK,brunette_f,black,tone_1,olive+green
P9421,Gurleen,Fischer,YES,10,BUSINESS,1,ONLINE,blonde_f,black,tone_1,blue
P9422,Ananya,Hoang,YES,8,SOLO,1,DESK,brunette,blue,tone_5,red
P9423,Molly,Kaminski,YES,10,LEISURE,1,DESK,blonde_f,black,tone_4,suit
P9424,Navdeep,Ruiz,YES,5,LEISURE,1,DESK,brunette_f,black,tone_4,suit
P9425,Ngozi,Bamba,NO,1,BUSINESS,0,ONLINE,black_f,blue,tone_3,olive+green
P9426,Amrit,Chen,NO,3,LEISURE,0,ONLINE,black,black,tone_3,blue
P9427,Aaliyah,Sharma,NO,1,LEISURE,2,KIOSK,brunette,blue,tone_1,olive+green
P9428,Emilia,Nguyen,NO,1,LEISURE,0,DESK,blonde_f,blue,tone_2,blue
P9429,Kwame,Campbell,NO,1,LEISURE,0,ONLINE,blonde,black,tone_1,red
P9430,George,Conti,YES,10,SOLO,1,ONLINE,blonde,black,tone_4,blue
P9431,Tariq,Sow,YES,9,FAMILY,3,DESK,black,black,tone_1,olive+green
P9432,Maeve,Bianchi,NO,2,LEISURE,1,KIOSK,black,black,tone_5,suit
P9433,Omar,Murphy,NO,3,SOLO,1,ONLINE,black_f,blue,tone_5,suit
P9434,Kavya,Nowak,NO,2,BUSINESS,1,ONLINE,black_f,blue,tone_6,olive+green
P9435,Navdeep,Wu,NO,3,LEISURE,1,KIOSK,blonde_f,blue,tone_1,red
P9436,Samir,Esposito,NO,3,FAMILY,2,DESK,brunette_f,black,tone_5,red
P9437,Arjun,Dang,NO,3,SOLO,0,DESK,brunette_f,blue,tone_1,red
P9438,Kiet,Keita,NO,2,SOLO,1,DESK,blonde,black,tone_4,suit
P9439,Adwoa,Nasser,NO,3,BUSINESS,0,KIOSK,brunette_f,black,tone_4,blue
P9440,Morgan,Yang,NO,1,SOLO,1,KIOSK,brunette,black,tone_4,olive+green
P9441,Grace,Park,NO,1,LEISURE,1,KIOSK,black,black,tone_6,blue
P9442,Quang,Hall,YES,5,LEISURE,1,ONLINE,black_f,blue,tone_6,suit
P9443,Theo,Tanaka,NO,1,LEISURE,1,ONLINE,blonde,black,tone_4,red
P9444,Ishaan,Schmidt,NO,1,FAMILY,2,ONLINE,black_f,blue,tone_2,olive+green
P9445,Mariam,Malhotra,NO,1,BUSINESS,0,KIOSK,black_f,blue,tone_3,suit
P9446,Alejandro,Zielinski,YES,7,FAMILY,2,DESK,brunette_f,black,tone_6,red
P9447,Orla,Gallagher,YES,10,LEISURE,2,DESK,blonde_f,blue,tone_6,suit
P9448,Vivaan,Camara,NO,1,BUSINESS,0,ONLINE,blonde_f,blue,tone_2,suit
P9449,Arjun,Diallo,NO,2,FAMILY,2,DESK,black_f,black,tone_3,suit
P9450,Amrit,Vu,NO,2,LEISURE,0,KIOSK,black,blue,tone_4,olive+green
P9451,Alfie,Joshi,NO,2,BUSINESS,1,KIOSK,blonde,blue,tone_3,red
P9452,Ngozi,Lopez,NO,2,LEISURE,1,ONLINE,blonde_f,black,tone_3,blue
P9453,Ali,Malik,YES,6,BUSINESS,1,ONLINE,brunette,black,tone_2,suit
P9454,Cian,Lee,NO,2,FAMILY,2,KIOSK,brunette_f,blue,tone_6,suit
P9455,Kavya,Zhou,NO,1,FAMILY,2,KIOSK,black,black,tone_6,blue
P9456,Grace,Takahashi,YES,8,SOLO,1,DESK,black,black,tone_2,blue
P9457,Nisha,Reed,NO,3,BUSINESS,1,ONLINE,black_f,black,tone_2,red
P9458,Ella,Wright,NO,1,SOLO,0,ONLINE,brunette,black,tone_2,suit
P9459,Anh,Liu,NO,2,SOLO,1,ONLINE,blonde_f,black,tone_3,olive+green
P9460,Henry,Nowak,NO,1,BUSINESS,0,ONLINE,brunette_f,blue,tone_5,suit
P9461,Wei,Ali,NO,3,FAMILY,1,DESK,blonde_f,black,tone_2,blue
P9462,Niklas,Kaur,NO,1,BUSINESS,1,ONLINE,black_f,blue,tone_5,red
P9463,Aiko,Sanchez,NO,3,SOLO,1,KIOSK,blonde,black,tone_5,blue
P9464,Rin,Gupta,NO,2,BUSINESS,1,ONLINE,black_f,black,tone_4,red
P9465,Isabella,Ito,NO,1,LEISURE,0,DESK,brunette_f,blue,tone_6,suit
P9466,Charlotte,Taylor,NO,1,BUSINESS,2,ONLINE,black_f,blue,tone_2,red
P9467,Harpreet,Lewandowski,NO,1,FAMILY,2,ONLINE,brunette,black,tone_2,red
P9468,Noah,Nguyen,NO,3,FAMILY,3,DESK,brunette,blue,tone_3,red
P9469,Diego,Bailey,NO,1,BUSINESS,0,KIOSK,blonde_f,blue,tone_2,blue
P9470,Hugo,Moreau,NO,3,LEISURE,0,ONLINE,black_f,blue,tone_5,red
P9471,Kwame,Byrne,YES,8,LEISURE,0,ONLINE,blonde,black,tone_5,blue
P9472,Kavya,Martinez,NO,3,SOLO,1,ONLINE,brunette,blue,tone_4,suit
P9473,Harriet,Choi,NO,1,LEISURE,1,DESK,brunette,black,tone_6,olive+green
P9474,Quang,Morgan,NO,1,LEISURE,1,ONLINE,black,black,tone_3,suit
P9475,James,Scott,YES,9,LEISURE,2,DESK,black_f,blue,tone_3,olive+green
P9476,Sophie,Adams,NO,1,LEISURE,1,ONLINE,blonde_f,black,tone_4,blue
P9477,Nari,Parker,NO,1,LEISURE,1,KIOSK,brunette_f,black,tone_3,olive+green
P9478,Jian,Gomez,NO,2,BUSINESS,0,ONLINE,blonde,black,tone_1,red
P9479,Henry,Sow,NO,1,LEISURE,2,ONLINE,blonde,black,tone_2,olive+green
P9480,Oisin,Campbell,YES,7,FAMILY,3,DESK,brunette_f,black,tone_6,suit
P9481,Greta,Francis,NO,2,LEISURE,0,KIOSK,brunette_f,black,tone_6,blue
P9482,Hamza,Rodriguez,NO,2,FAMILY,3,DESK,black_f,black,tone_6,red
P9483,Tara,Bianchi,NO,1,FAMILY,2,DESK,black_f,blue,tone_5,suit
P9484,Valentina,Ferrari,NO,2,LEISURE,1,KIOSK,black_f,black,tone_3,olive+green
P9485,Chidi,Martinez,NO,2,LEISURE,1,ONLINE,brunette,black,tone_3,suit
P9486,Casey,Jimenez,NO,2,FAMILY,3,KIOSK,blonde_f,blue,tone_1,suit
P9487,Ming,Weber,NO,3,FAMILY,2,DESK,blonde_f,blue,tone_4,olive+green
P9488,Kojo,Dubois,YES,7,BUSINESS,0,ONLINE,black,blue,tone_1,blue
P9489,Johanna,Bailey,NO,2,BUSINESS,0,ONLINE,black_f,black,tone_2,olive+green
P9490,Mila,Walsh,NO,3,BUSINESS,1,KIOSK,black_f,black,tone_3,olive+green
P9491,Emeka,Bui,YES,10,LEISURE,1,KIOSK,brunette_f,blue,tone_5,red
P9492,Manpreet,Morgan,YES,7,LEISURE,1,KIOSK,blonde_f,black,tone_6,red
P9493,Tariq,Fofana,NO,2,SOLO,1,ONLINE,blonde_f,black,tone_4,suit
P9494,Casey,Taylor,NO,3,SOLO,1,DESK,black,black,tone_4,suit
P9495,Navdeep,Pham,NO,1,BUSINESS,0,ONLINE,blonde,black,tone_4,red
P9496,Taylor,Huang,YES,5,LEISURE,0,DESK,blonde_f,black,tone_4,olive+green
P9497,Krish,Conti,NO,2,FAMILY,2,DESK,black_f,black,tone_3,red
P9498,Gurpreet,Kapoor,NO,1,BUSINESS,0,KIOSK,brunette,black,tone_4,blue
P9499,Alejandro,Anderson,NO,2,LEISURE,1,DESK,brunette,blue,tone_6,suit
P9500,Nisha,Shah,NO,2,BUSINESS,0,ONLINE,black,black,tone_6,red
P9501,Manpreet,Anderson,NO,1,BUSINESS,0,ONLINE,brunette_f,black,tone_5,red
P9502,Tomasz,Sow,NO,1,BUSINESS,0,ONLINE,blonde_f,blue,tone_6,blue
P9503,Neil,Watson,NO,1,LEISURE,1,KIOSK,brunette_f,black,tone_5,red
P9504,Alessia,Weber,NO,3,BUSINESS,0,ONLINE,brunette,black,tone_5,red
P9505,Luca,Liu,NO,3,LEISURE,0,ONLINE,brunette_f,blue,tone_4,blue
P9506,Nari,Desai,NO,2,FAMILY,3,DESK,black_f,blue,tone_1,olive+green
P9507,Jonas,Malhotra,NO,3,LEISURE,1,ONLINE,black_f,black,tone_2,suit
P9508,Thao,Wright,YES,7,LEISURE,1,ONLINE,black,black,tone_2,blue
P9509,Nisha,Xu,NO,1,FAMILY,3,DESK,brunette_f,blue,tone_5,blue
P9510,Eoin,Lee,NO,1,FAMILY,2,ONLINE,brunette_f,black,tone_2,blue
P9511,Valentina,Huang,NO,2,LEISURE,1,DESK,black,blue,tone_3,red
P9512,Salma,Lopez,NO,1,BUSINESS,1,ONLINE,blonde_f,blue,tone_2,red
P9513,Thao,Liu,NO,1,SOLO,1,ONLINE,brunette_f,black,tone_2,suit
P9514,Krish,Yang,NO,2,BUSINESS,0,DESK,black,black,tone_6,blue
P9515,Samar,Iyer,NO,1,LEISURE,1,ONLINE,black_f,blue,tone_3,olive+green
P9516,Khalid,Ruiz,NO,2,FAMILY,3,DESK,brunette_f,black,tone_5,suit
P9517,Diya,Rodriguez,NO,1,SOLO,1,ONLINE,blonde_f,blue,tone_2,olive+green
P9518,Akira,Kelly,NO,3,LEISURE,0,KIOSK,blonde_f,black,tone_6,blue
P9519,Neil,Yoon,NO,1,BUSINESS,0,ONLINE,black,black,tone_4,suit
P9520,Morgan,Ruiz,NO,1,LEISURE,1,DESK,black,black,tone_5,suit
P9521,Kwame,Thomas,NO,1,LEISURE,1,ONLINE,brunette,blue,tone_2,suit
P9522,Rohan,Nasser,NO,2,LEISURE,0,ONLINE,blonde_f,blue,tone_2,suit
P9523,Benjamin,Johnson,YES,7,BUSINESS,0,KIOSK,blonde_f,blue,tone_4,suit
P9524,Arjun,Kim,YES,5,LEISURE,1,DESK,brunette_f,black,tone_2,suit
P9525,Jasleen,Wisniewski,NO,2,BUSINESS,1,KIOSK,black_f,black,tone_6,suit
P9526,Imani,Mehta,NO,1,FAMILY,2,DESK,brunette,blue,tone_3,red
P9527,Georgia,Rossi,NO,2,LEISURE,1,DESK,brunette,black,tone_3,olive+green
P9528,Nathan,Kaur,NO,3,LEISURE,0,KIOSK,brunette,blue,tone_4,suit
P9529,Samar,Francis,NO,2,BUSINESS,0,ONLINE,brunette,black,tone_6,olive+green
P9530,Nathan,Dubois,NO,3,LEISURE,1,KIOSK,brunette,black,tone_2,suit
P9531,Evie,Gill,NO,2,BUSINESS,0,ONLINE,brunette_f,black,tone_1,blue
P9532,Ella,Sandhu,NO,3,LEISURE,1,DESK,blonde_f,blue,tone_5,red
P9533,Alessia,Murphy,NO,1,SOLO,0,ONLINE,blonde,blue,tone_1,blue
P9534,Aanya,Mahmood,NO,1,LEISURE,2,DESK,blonde,blue,tone_3,olive+green
P9535,William,Wright,YES,6,LEISURE,1,ONLINE,black,black,tone_5,suit
P9536,Chloe,Petit,YES,8,BUSINESS,1,ONLINE,black,blue,tone_3,blue
P9537,Layla,Thompson,NO,1,FAMILY,2,DESK,brunette_f,blue,tone_3,red
P9538,Kofi,Takahashi,NO,2,LEISURE,1,ONLINE,brunette,black,tone_3,red
P9539,Jisoo,Bailey,NO,1,FAMILY,2,KIOSK,brunette,blue,tone_5,olive+green
P9540,Charlotte,Sow,NO,1,BUSINESS,0,KIOSK,blonde_f,black,tone_1,red
P9541,Luca,Agyeman,NO,2,BUSINESS,0,ONLINE,blonde,blue,tone_6,red
P9542,Felix,Ricci,NO,1,SOLO,1,ONLINE,brunette,blue,tone_3,olive+green
P9543,Nia,Agyeman,YES,9,FAMILY,2,KIOSK,blonde_f,black,tone_5,suit
P9544,Jisoo,Muller,NO,1,LEISURE,1,DESK,black,black,tone_3,olive+green
P9545,Jaspreet,Ahmed,NO,1,LEISURE,1,ONLINE,black_f,blue,tone_1,suit
P9546,Harpreet,Ali,NO,1,FAMILY,2,DESK,black_f,black,tone_2,olive+green
P9547,Oliver,Hussain,NO,2,FAMILY,2,DESK,black_f,blue,tone_2,red
P9548,Diya,Pham,NO,1,FAMILY,1,DESK,black,black,tone_2,suit
P9549,Amelia,Clarke,NO,2,FAMILY,1,DESK,black_f,black,tone_4,olive+green
P9550,Ryan,Gray,NO,2,SOLO,1,ONLINE,blonde_f,blue,tone_2,red
P9551,Samir,Young,NO,3,LEISURE,1,KIOSK,blonde,blue,tone_5,red
P9552,Gurpreet,Jones,YES,6,LEISURE,1,KIOSK,black,black,tone_1,blue
P9553,Jelani,Jimenez,NO,2,LEISURE,1,ONLINE,brunette_f,blue,tone_4,olive+green
P9554,Eoin,Bianchi,NO,1,SOLO,1,ONLINE,black,black,tone_1,red
P9555,Dhruv,Chopra,NO,2,LEISURE,1,DESK,brunette,black,tone_1,blue
P9556,Arthur,Gallagher,NO,1,BUSINESS,1,ONLINE,blonde_f,blue,tone_5,olive+green
P9557,Sophia,Thomas,NO,1,BUSINESS,0,ONLINE,brunette_f,blue,tone_3,olive+green
P9558,Grace,Esposito,NO,2,FAMILY,2,ONLINE,brunette_f,black,tone_3,red
P9559,Quang,Fofana,YES,5,LEISURE,1,ONLINE,brunette_f,blue,tone_2,red
P9560,Anja,Muller,NO,2,LEISURE,1,DESK,black_f,blue,tone_2,blue
P9561,Chidi,Mansour,NO,1,BUSINESS,0,ONLINE,black_f,blue,tone_5,suit
P9562,Ama,Sanchez,YES,10,LEISURE,0,ONLINE,black,blue,tone_5,olive+green
P9563,Meera,Dhillon,NO,1,SOLO,1,KIOSK,blonde,black,tone_1,red
P9564,Dhruv,Foster,NO,3,FAMILY,2,ONLINE,black,blue,tone_6,olive+green
P9565,Hana,Wang,NO,3,FAMILY,3,DESK,blonde_f,black,tone_1,red
P9566,Aaliyah,Morgan,NO,1,SOLO,0,KIOSK,brunette,black,tone_1,blue
P9567,Simran,Mahmood,NO,1,BUSINESS,2,ONLINE,black,black,tone_6,suit
P9568,Wei,O'Brien,NO,1,LEISURE,1,KIOSK,black,black,tone_2,suit
P9569,Theo,Byrne,NO,2,SOLO,1,DESK,brunette,blue,tone_6,blue
P9570,Adwoa,Iyer,NO,2,FAMILY,2,KIOSK,brunette_f,blue,tone_2,suit
P9571,Luca,Lewandowski,NO,1,SOLO,1,ONLINE,brunette_f,black,tone_4,olive+green
P9572,Marco,Taylor,YES,7,LEISURE,1,DESK,blonde,blue,tone_6,olive+green
P9573,Kabir,Hussain,NO,3,BUSINESS,1,DESK,brunette_f,black,tone_1,red
P9574,Phoebe,Kaur,NO,2,LEISURE,0,ONLINE,brunette,black,tone_6,suit
P9575,Lily,Hall,NO,1,LEISURE,0,DESK,blonde_f,blue,tone_2,blue
P9576,Soyeon,Collins,NO,1,BUSINESS,1,ONLINE,blonde_f,blue,tone_2,blue
P9577,Aaliyah,Walsh,NO,2,BUSINESS,1,KIOSK,blonde,black,tone_3,blue
P9578,George,Dang,NO,1,SOLO,2,ONLINE,blonde_f,black,tone_2,red
P9579,Ngozi,Thompson,NO,1,FAMILY,2,KIOSK,brunette_f,black,tone_1,red
P9580,Ngozi,Adeyemi,NO,3,BUSINESS,1,ONLINE,black,black,tone_3,blue
P9581,Amrit,O'Brien,NO,1,BUSINESS,0,KIOSK,blonde,black,tone_4,olive+green
P9582,Mila,Sow,NO,2,SOLO,2,DESK,black_f,black,tone_6,red
P9583,Ade,Nowak,NO,1,BUSINESS,1,ONLINE,blonde,blue,tone_6,olive+green
P9584,Khalid,Asante,YES,10,BUSINESS,1,KIOSK,brunette,black,tone_3,olive+green
P9585,Hao,Schneider,NO,3,LEISURE,1,ONLINE,blonde_f,blue,tone_5,suit
P9586,Adwoa,White,NO,1,LEISURE,2,DESK,brunette,blue,tone_2,olive+green
P9587,Grace,Bui,YES,9,SOLO,1,DESK,blonde_f,black,tone_2,blue
P9588,Yuna,Adams,NO,2,SOLO,2,ONLINE,black,blue,tone_3,olive+green
P9589,Theo,Muller,NO,3,SOLO,1,DESK,blonde,blue,tone_3,blue
P9590,Bethany,Zhang,NO,1,FAMILY,1,ONLINE,blonde,blue,tone_5,olive+green
P9591,Ali,Keita,NO,1,LEISURE,1,DESK,black,blue,tone_1,blue
P9592,Morgan,Siddiqui,NO,2,SOLO,1,DESK,black_f,blue,tone_2,olive+green
P9593,Salma,Conti,NO,2,FAMILY,2,KIOSK,blonde_f,black,tone_1,suit
P9594,Diego,Durand,NO,2,FAMILY,3,DESK,blonde,black,tone_5,red
P9595,Neil,Sharma,NO,1,LEISURE,2,ONLINE,blonde,blue,tone_5,suit
P9596,Bao,Keita,NO,2,FAMILY,2,DESK,brunette,blue,tone_2,red
P9597,Zofia,Watson,NO,1,LEISURE,1,ONLINE,black,black,tone_4,olive+green
P9598,Aanya,Ferrari,NO,3,BUSINESS,1,KIOSK,blonde,blue,tone_1,red
P9599,Morgan,Murphy,NO,1,FAMILY,2,DESK,brunette,blue,tone_1,blue
P9600,Grace,Robinson,NO,1,FAMILY,2,DESK,black_f,black,tone_4,blue
P9601,Abena,Hussain,NO,2,BUSINESS,1,ONLINE,brunette,blue,tone_2,suit
P9602,Harriet,Bailey,NO,2,BUSINESS,0,KIOSK,blonde,blue,tone_4,red
P9603,Sophia,Yamamoto,NO,2,LEISURE,0,ONLINE,brunette_f,blue,tone_5,blue
P9604,Ahmed,Hall,YES,8,LEISURE,0,ONLINE,blonde,black,tone_4,red
P9605,Kwame,Leroy,NO,1,BUSINESS,0,ONLINE,brunette,black,tone_6,suit
P9606,Kacper,Howard,YES,7,BUSINESS,0,ONLINE,black,black,tone_5,red
P9607,Vihaan,Schneider,YES,8,LEISURE,2,ONLINE,black_f,black,tone_5,red
P9608,Cian,Iqbal,NO,2,BUSINESS,1,ONLINE,brunette_f,black,tone_4,olive+green
P9609,Benjamin,Owusu,YES,6,LEISURE,0,DESK,brunette,blue,tone_3,suit
P9610,Aiko,Kang,YES,8,FAMILY,1,DESK,blonde_f,black,tone_6,red
P9611,Femi,Gupta,NO,2,SOLO,2,KIOSK,black_f,black,tone_3,red
P9612,Manon,Ricci,YES,10,FAMILY,2,KIOSK,black,blue,tone_2,red
P9613,Quang,Sow,NO,2,LEISURE,1,ONLINE,black,black,tone_3,olive+green
P9614,Ren,Yoon,NO,1,LEISURE,0,KIOSK,brunette_f,black,tone_6,blue
P9615,Niamh,Kowalski,NO,1,LEISURE,1,DESK,blonde,black,tone_5,blue
P9616,Theo,Desai,NO,1,BUSINESS,0,ONLINE,black_f,black,tone_2,suit
P9617,Minh,Bennett,NO,2,LEISURE,1,ONLINE,brunette_f,blue,tone_4,suit
P9618,Niklas,Okafor,NO,1,LEISURE,1,DESK,brunette_f,black,tone_3,olive+green
P9619,Tunde,Kapoor,NO,2,LEISURE,1,DESK,brunette,blue,tone_1,red
P9620,Gurpreet,Esposito,NO,1,LEISURE,2,ONLINE,blonde_f,blue,tone_1,olive+green
P9621,Noor,Kaminski,NO,3,BUSINESS,0,KIOSK,brunette,blue,tone_2,suit
P9622,Maeve,Rahman,YES,9,SOLO,1,ONLINE,brunette,black,tone_2,olive+green
P9623,Lena,Mitchell,NO,2,SOLO,1,DESK,black_f,black,tone_4,suit
P9624,Leo,Singh,NO,1,LEISURE,1,ONLINE,brunette_f,black,tone_6,blue
P9625,Camila,Ferrari,NO,1,SOLO,2,DESK,brunette,black,tone_2,suit
P9626,Grace,Vu,NO,2,SOLO,1,KIOSK,brunette,black,tone_1,olive+green
P9627,Mei,Wilson,NO,1,LEISURE,0,ONLINE,black,black,tone_6,red
P9628,Anja,Dhillon,NO,1,LEISURE,1,DESK,brunette_f,black,tone_2,red
P9629,Thao,Phan,NO,2,LEISURE,1,ONLINE,blonde,blue,tone_2,suit
P9630,Taylor,Wu,NO,3,LEISURE,1,DESK,brunette_f,black,tone_4,blue
P9631,Poppy,Bui,YES,7,FAMILY,3,DESK,black,black,tone_1,red
P9632,Jakub,Keita,NO,2,SOLO,1,ONLINE,brunette_f,black,tone_3,suit
P9633,Morgan,Patel,NO,3,LEISURE,1,ONLINE,blonde,blue,tone_4,blue
P9634,Alejandro,Sidhu,NO,2,LEISURE,1,DESK,blonde,blue,tone_5,red
P9635,Leon,Traore,NO,3,BUSINESS,0,ONLINE,brunette,black,tone_2,olive+green
P9636,Hassan,Esposito,NO,2,LEISURE,1,ONLINE,brunette,black,tone_3,blue
P9637,Anh,Kaur,NO,1,LEISURE,2,KIOSK,black_f,blue,tone_1,blue
P9638,Jian,Tran,NO,1,BUSINESS,0,ONLINE,black,black,tone_1,olive+green
P9639,Ayana,Diallo,YES,6,SOLO,1,DESK,brunette,blue,tone_4,red
P9640,Neil,Green,NO,1,BUSINESS,0,KIOSK,black,black,tone_6,olive+green
P9641,George,Kaminski,NO,2,LEISURE,1,ONLINE,black,blue,tone_5,suit
P9642,Riya,White,YES,8,BUSINESS,0,ONLINE,brunette_f,black,tone_5,blue
P9643,Kiet,Malik,NO,3,LEISURE,1,ONLINE,black_f,blue,tone_6,blue
P9644,Jakub,Rao,YES,6,LEISURE,2,DESK,black,black,tone_3,suit
P9645,Yasmin,Tanaka,NO,2,LEISURE,2,KIOSK,blonde_f,black,tone_3,red
P9646,Omar,Suzuki,NO,3,FAMILY,3,DESK,brunette,blue,tone_4,blue
P9647,Chiara,Nwosu,NO,1,SOLO,1,DESK,blonde,black,tone_6,suit
P9648,Valentina,Nguyen,NO,1,LEISURE,1,DESK,blonde,blue,tone_5,blue
P9649,Mia,Mahmood,NO,1,LEISURE,2,ONLINE,black,black,tone_6,blue
P9650,Aanya,Petit,NO,3,LEISURE,1,KIOSK,black_f,black,tone_2,olive+green
P9651,Riley,Yamamoto,NO,3,FAMILY,2,DESK,brunette,blue,tone_3,blue
P9652,Tomasz,Perez,NO,1,LEISURE,1,DESK,blonde,blue,tone_5,blue
P9653,Wei,Williams,NO,3,BUSINESS,0,ONLINE,black_f,black,tone_5,blue
P9654,Nia,Zhou,NO,2,LEISURE,1,ONLINE,blonde_f,blue,tone_4,olive+green
P9655,Isha,Wang,NO,3,LEISURE,1,DESK,black,black,tone_1,blue
P9656,Khalid,Stewart,NO,1,LEISURE,1,DESK,blonde,black,tone_3,blue
P9657,Phoebe,Walsh,NO,1,FAMILY,2,DESK,black,black,tone_4,suit
P9658,Soyeon,Johnson,NO,1,BUSINESS,0,ONLINE,blonde,blue,tone_4,suit
P9659,Casey,Evans,NO,3,LEISURE,2,ONLINE,blonde,black,tone_3,blue
P9660,Yuna,Bennett,NO,1,FAMILY,2,ONLINE,black_f,blue,tone_3,red
P9661,Femi,Kang,NO,2,LEISURE,1,DESK,black_f,blue,tone_4,suit
P9662,Amina,Lopez,NO,1,FAMILY,3,DESK,black_f,black,tone_4,red
P9663,Aditya,Smith,NO,3,LEISURE,0,DESK,black,blue,tone_3,olive+green
P9664,Ella,Lee,NO,1,BUSINESS,1,ONLINE,blonde_f,blue,tone_2,blue
P9665,Nhi,Bamba,NO,1,LEISURE,1,ONLINE,black_f,blue,tone_3,red
P9666,Lena,Parker,NO,1,BUSINESS,0,KIOSK,black_f,black,tone_4,blue
P9667,Casey,Nguyen,YES,10,FAMILY,2,DESK,brunette,blue,tone_6,olive+green
P9668,Benjamin,Hoang,YES,6,FAMILY,2,DESK,black_f,black,tone_3,blue
P9669,Obinna,Boateng,NO,1,LEISURE,0,ONLINE,black_f,black,tone_1,olive+green
P9670,Jonas,Kelly,NO,1,BUSINESS,0,ONLINE,black,blue,tone_5,red
P9671,Adwoa,Adams,NO,3,LEISURE,0,ONLINE,brunette_f,blue,tone_3,blue
P9672,Jian,Parker,NO,2,LEISURE,1,DESK,brunette,black,tone_3,red
P9673,Ahmed,Walsh,NO,2,FAMILY,2,KIOSK,brunette,black,tone_6,blue
P9674,Thomas,Wang,YES,6,LEISURE,1,ONLINE,blonde_f,black,tone_2,red
P9675,Karan,Watanabe,NO,2,FAMILY,2,KIOSK,blonde,blue,tone_4,olive+green
P9676,Minh,Bamba,NO,3,SOLO,1,ONLINE,blonde_f,black,tone_4,blue
P9677,Haruto,Kim,NO,1,LEISURE,1,ONLINE,blonde_f,black,tone_3,olive+green
P9678,Kofi,Byrne,NO,2,BUSINESS,1,ONLINE,black,blue,tone_4,suit
P9679,Emily,Watanabe,NO,3,FAMILY,2,ONLINE,brunette_f,black,tone_5,red
P9680,Emilia,Young,NO,3,LEISURE,2,ONLINE,brunette,black,tone_4,suit
P9681,Dhruv,Desai,NO,2,LEISURE,0,KIOSK,black,black,tone_4,suit
P9682,Mai,Yang,NO,2,LEISURE,2,ONLINE,black_f,blue,tone_6,red
P9683,Sophia,Conti,NO,2,LEISURE,1,DESK,brunette,blue,tone_3,blue
P9684,Ahmed,Eze,NO,1,LEISURE,1,KIOSK,brunette_f,black,tone_2,blue
P9685,Camila,Vu,NO,2,LEISURE,0,ONLINE,brunette_f,blue,tone_2,blue
P9686,Nisha,Russell,NO,2,BUSINESS,1,DESK,black,black,tone_6,suit
P9687,Niklas,Conti,NO,1,LEISURE,1,KIOSK,brunette,blue,tone_1,olive+green
P9688,Karan,Gupta,NO,3,FAMILY,2,KIOSK,black_f,blue,tone_3,olive+green
P9689,Luca,Campbell,NO,3,BUSINESS,0,ONLINE,brunette_f,blue,tone_3,olive+green
P9690,Bilal,Grant,NO,1,LEISURE,2,KIOSK,black,blue,tone_4,red
P9691,Felix,Fischer,NO,1,FAMILY,3,DESK,blonde_f,black,tone_4,red
P9692,Leon,Bose,YES,7,FAMILY,3,DESK,brunette_f,black,tone_5,suit
P9693,Omar,Yoon,NO,1,FAMILY,3,DESK,brunette_f,black,tone_3,red
P9694,Oliver,Walker,NO,3,BUSINESS,1,ONLINE,black,blue,tone_6,suit
P9695,Nari,Reddy,NO,3,LEISURE,1,KIOSK,brunette,blue,tone_1,suit
P9696,Theo,Zhang,NO,2,LEISURE,1,KIOSK,black_f,black,tone_3,olive+green
P9697,Greta,Wilson,NO,1,LEISURE,1,KIOSK,brunette_f,black,tone_4,red
P9698,Malik,Lewandowski,NO,1,LEISURE,2,DESK,brunette_f,black,tone_1,blue
P9699,Minh,Bailey,NO,2,LEISURE,1,KIOSK,brunette_f,black,tone_2,suit
P9700,Ibrahim,White,NO,1,FAMILY,2,DESK,black,blue,tone_1,red
P9701,Trang,Pham,YES,8,LEISURE,2,KIOSK,black_f,black,tone_3,suit
P9702,Karan,Agyeman,NO,1,LEISURE,1,ONLINE,blonde_f,black,tone_6,olive+green
P9703,Malik,Iqbal,NO,2,LEISURE,1,DESK,brunette,black,tone_5,blue
P9704,Felix,Hoang,NO,2,SOLO,1,KIOSK,black,blue,tone_5,olive+green
P9705,Bao,Ruiz,NO,1,FAMILY,3,DESK,brunette_f,black,tone_1,blue
P9706,Hao,Kapoor,NO,2,LEISURE,1,KIOSK,blonde,black,tone_2,blue
P9707,Hassan,Sharma,NO,3,LEISURE,2,DESK,brunette,black,tone_2,olive+green
P9708,Ronan,Thomas,NO,1,LEISURE,0,KIOSK,black_f,black,tone_2,blue
P9709,Linh,Esposito,NO,2,LEISURE,1,ONLINE,black_f,black,tone_2,red
P9710,Emilia,Wilson,NO,1,LEISURE,0,ONLINE,black,black,tone_5,suit
P9711,Arnav,Moretti,YES,6,FAMILY,2,ONLINE,brunette,blue,tone_6,olive+green
P9712,Zuri,Liu,NO,3,LEISURE,1,DESK,blonde_f,black,tone_5,blue
P9713,Vivaan,Haddad,NO,2,LEISURE,2,KIOSK,black,black,tone_5,suit
P9714,Rohan,Bernard,NO,3,LEISURE,1,DESK,brunette_f,blue,tone_3,olive+green
P9715,Diya,Bailey,NO,3,FAMILY,2,DESK,black,blue,tone_5,olive+green
P9716,Grace,Nair,NO,1,LEISURE,0,ONLINE,blonde_f,black,tone_5,blue
P9717,Tomasz,Jones,NO,2,LEISURE,1,DESK,blonde,black,tone_3,olive+green
P9718,Mariam,Watson,NO,1,FAMILY,2,DESK,blonde_f,black,tone_3,olive+green
P9719,Ama,Ricci,YES,8,SOLO,1,ONLINE,black_f,blue,tone_6,olive+green
P9720,Noah,Akhtar,NO,2,LEISURE,2,DESK,black,blue,tone_2,suit
P9721,Sophie,Carter,NO,1,LEISURE,1,ONLINE,blonde,black,tone_3,olive+green
P9722,Adam,Young,NO,1,LEISURE,1,ONLINE,blonde,blue,tone_4,olive+green
P9723,Tunde,Brar,NO,1,LEISURE,1,ONLINE,black_f,blue,tone_2,suit
P9724,Minh,Dubois,NO,2,SOLO,0,DESK,brunette_f,blue,tone_6,olive+green
P9725,Orla,Byrne,NO,2,LEISURE,1,KIOSK,brunette,black,tone_5,blue
P9726,Khalid,Kim,NO,1,LEISURE,1,ONLINE,blonde,blue,tone_4,blue
P9727,Wei,Bose,YES,5,LEISURE,1,DESK,brunette_f,blue,tone_5,red
P9728,Declan,Scott,YES,9,LEISURE,1,ONLINE,blonde,blue,tone_3,blue
P9729,Benjamin,Bianchi,NO,1,LEISURE,0,KIOSK,black_f,blue,tone_2,blue
P9730,Hyejin,Campbell,NO,3,LEISURE,0,ONLINE,blonde_f,blue,tone_4,suit
P9731,Sam,Kaur,NO,1,LEISURE,1,KIOSK,brunette,blue,tone_3,suit
P9732,Jaspreet,Byrne,NO,2,LEISURE,1,KIOSK,black_f,blue,tone_5,olive+green
P9733,Emilia,Smith,NO,2,LEISURE,1,DESK,black_f,blue,tone_3,blue
P9734,Leon,Wright,NO,1,SOLO,0,DESK,black_f,black,tone_1,suit
P9735,Hana,Adams,NO,1,LEISURE,1,ONLINE,black_f,black,tone_1,red
P9736,Jian,Bailey,NO,3,FAMILY,2,ONLINE,brunette,blue,tone_4,red
P9737,Yuna,Stewart,NO,1,LEISURE,1,ONLINE,brunette_f,black,tone_2,red
P9738,Yuki,Esposito,NO,1,LEISURE,1,DESK,brunette,blue,tone_2,blue
P9739,Chloe,Chopra,NO,3,SOLO,1,ONLINE,brunette_f,black,tone_5,blue
P9740,Emily,Adams,NO,1,SOLO,0,DESK,brunette_f,blue,tone_4,red
P9741,Charlotte,Thomas,NO,1,BUSINESS,0,KIOSK,blonde,blue,tone_3,suit
P9742,Luca,Hoang,YES,5,LEISURE,1,ONLINE,black,black,tone_6,suit
P9743,Manpreet,Li,NO,2,FAMILY,2,DESK,blonde_f,black,tone_3,blue
P9744,Ishaan,Jimenez,NO,1,FAMILY,3,DESK,brunette_f,blue,tone_5,olive+green
P9745,Cameron,Green,NO,1,BUSINESS,0,ONLINE,black,black,tone_3,red
P9746,Molly,Walker,YES,7,LEISURE,0,DESK,blonde_f,blue,tone_6,blue
P9747,Mariam,Robinson,YES,7,BUSINESS,0,ONLINE,blonde_f,blue,tone_3,blue
P9748,Nisha,Patel,NO,1,FAMILY,2,ONLINE,blonde_f,black,tone_1,suit
P9749,Rin,Nasser,NO,2,LEISURE,1,DESK,blonde_f,blue,tone_4,suit
P9750,Hassan,Sandhu,NO,2,LEISURE,1,KIOSK,brunette,black,tone_6,blue
P9751,Avery,Eze,NO,1,BUSINESS,1,ONLINE,blonde,blue,tone_6,red
P9752,Tariq,Kumar,NO,2,BUSINESS,1,KIOSK,blonde,blue,tone_3,blue
P9753,Eoin,Rao,YES,5,LEISURE,1,DESK,blonde,blue,tone_2,suit
P9754,Manon,Watson,YES,9,SOLO,1,ONLINE,brunette,black,tone_2,red
P9755,Sami,Bianchi,NO,2,FAMILY,1,DESK,brunette_f,blue,tone_3,red
P9756,Sota,Asante,NO,1,FAMILY,3,DESK,black,blue,tone_2,olive+green
P9757,Gabriel,Scott,NO,2,FAMILY,2,DESK,black_f,blue,tone_3,suit
P9758,Amelia,Reddy,NO,2,SOLO,1,DESK,brunette,blue,tone_2,red
P9759,Oscar,Gray,NO,2,LEISURE,2,KIOSK,blonde_f,blue,tone_2,olive+green
P9760,Isabella,Toure,NO,1,SOLO,1,ONLINE,brunette,black,tone_2,blue
P9761,Hugo,Owusu,YES,8,FAMILY,2,ONLINE,brunette_f,black,tone_6,blue
P9762,Isla,Takahashi,NO,3,LEISURE,1,ONLINE,blonde_f,black,tone_3,red
P9763,Ama,Zielinski,NO,2,BUSINESS,1,KIOSK,blonde_f,black,tone_4,red
P9764,Dev,Balogun,NO,3,BUSINESS,1,ONLINE,brunette,black,tone_4,suit
P9765,Sebastian,Campbell,NO,1,FAMILY,2,ONLINE,brunette_f,blue,tone_3,red
P9766,Aarav,Dubois,NO,1,LEISURE,1,ONLINE,black,black,tone_3,olive+green
P9767,Isabella,Mitchell,NO,3,LEISURE,1,DESK,brunette_f,black,tone_4,suit
P9768,Hannah,Patel,NO,1,LEISURE,1,KIOSK,black,blue,tone_5,suit
P9769,Oscar,Adeyemi,YES,5,LEISURE,1,DESK,brunette_f,blue,tone_5,red
P9770,Yasmin,Owusu,NO,1,BUSINESS,1,KIOSK,blonde_f,blue,tone_1,red
P9771,Minji,Iqbal,YES,9,LEISURE,1,DESK,blonde,blue,tone_6,blue
P9772,Sota,Walsh,YES,6,SOLO,1,ONLINE,black_f,blue,tone_4,red
P9773,Sota,Zielinski,YES,6,LEISURE,2,ONLINE,blonde,blue,tone_4,red
P9774,Oliver,Malik,NO,2,FAMILY,3,KIOSK,blonde,blue,tone_4,blue
P9775,Mia,Ruiz,NO,1,LEISURE,1,ONLINE,black_f,blue,tone_4,suit
P9776,Abena,Ito,YES,8,LEISURE,0,ONLINE,blonde_f,blue,tone_6,red
P9777,Quang,Hussain,YES,10,LEISURE,1,KIOSK,brunette,black,tone_2,suit
P9778,Emilia,Lewandowski,YES,9,LEISURE,0,DESK,black_f,blue,tone_4,red
P9779,Soyeon,Cho,YES,9,LEISURE,1,ONLINE,black,blue,tone_2,red
P9780,Harriet,Brar,NO,2,LEISURE,2,ONLINE,blonde_f,blue,tone_1,blue
P9781,Rahul,Green,NO,1,BUSINESS,0,ONLINE,black_f,black,tone_2,olive+green
P9782,Aryan,Kowalski,NO,1,BUSINESS,0,DESK,black_f,blue,tone_2,olive+green
P9783,Aditya,O'Brien,NO,2,LEISURE,0,ONLINE,blonde,black,tone_4,olive+green
P9784,Alex,Verma,NO,1,FAMILY,2,KIOSK,blonde_f,blue,tone_5,red
P9785,Ming,Malik,NO,1,BUSINESS,1,ONLINE,blonde_f,black,tone_6,red
P9786,Emily,Xu,NO,2,SOLO,0,ONLINE,black_f,black,tone_3,olive+green
P9787,James,Kapoor,YES,6,LEISURE,0,DESK,brunette_f,black,tone_4,suit
P9788,Adam,Lewandowski,NO,1,BUSINESS,1,ONLINE,black,black,tone_2,blue
P9789,Veer,Reed,YES,9,SOLO,1,ONLINE,black,black,tone_4,blue
P9790,Phoebe,Pham,NO,2,FAMILY,1,DESK,brunette,blue,tone_4,blue
P9791,Harriet,Campbell,YES,6,LEISURE,0,DESK,brunette,blue,tone_5,blue
P9792,Tara,Nwosu,YES,7,SOLO,2,DESK,blonde_f,black,tone_6,red
P9793,Adwoa,Jimenez,NO,2,LEISURE,2,KIOSK,black,blue,tone_1,suit
P9794,Zain,Howard,YES,5,LEISURE,2,KIOSK,blonde_f,black,tone_4,blue
P9795,Niklas,Hall,YES,7,BUSINESS,0,ONLINE,brunette,blue,tone_4,suit
P9796,Isla,Park,NO,3,SOLO,1,DESK,brunette,blue,tone_2,red
P9797,Diya,Bernard,NO,1,LEISURE,1,DESK,black,blue,tone_2,olive+green
P9798,Ryan,Gill,NO,1,LEISURE,1,DESK,black,blue,tone_1,blue
P9799,Alessia,Brown,NO,3,LEISURE,0,ONLINE,brunette_f,black,tone_4,suit
P9800,Mei,Hussain,YES,10,LEISURE,1,DESK,blonde_f,black,tone_5,suit
P9801,Ali,Mehta,NO,1,BUSINESS,1,ONLINE,brunette,blue,tone_2,olive+green
P9802,Dev,Li,NO,2,FAMILY,1,DESK,blonde_f,black,tone_3,olive+green
P9803,Yasmin,Bose,NO,1,LEISURE,1,ONLINE,brunette_f,black,tone_5,blue
P9804,Theo,Agyeman,NO,1,LEISURE,0,ONLINE,blonde,blue,tone_5,olive+green
P9805,Mandeep,Balogun,NO,1,LEISURE,0,ONLINE,blonde,black,tone_5,red
P9806,Evie,Brown,YES,6,SOLO,1,ONLINE,brunette_f,blue,tone_5,blue
P9807,Jelani,Zhou,NO,1,BUSINESS,0,KIOSK,brunette_f,blue,tone_3,red
P9808,Nari,Schneider,YES,5,LEISURE,2,KIOSK,black,black,tone_1,suit
P9809,Minji,Esposito,NO,1,LEISURE,1,ONLINE,brunette_f,blue,tone_3,suit
P9810,Muhammad,Roberts,NO,1,LEISURE,0,DESK,black_f,black,tone_1,red
P9811,Felix,Jung,YES,8,LEISURE,1,ONLINE,blonde,blue,tone_3,red
P9812,Johanna,Gupta,NO,3,LEISURE,2,DESK,brunette,blue,tone_1,red
P9813,Hugo,O'Brien,YES,6,LEISURE,0,ONLINE,blonde,blue,tone_4,blue
P9814,Malik,Watson,NO,1,FAMILY,3,DESK,brunette_f,blue,tone_6,olive+green
P9815,Molly,Jimenez,NO,3,LEISURE,0,DESK,blonde,blue,tone_4,suit
P9816,Amelia,Dang,NO,3,BUSINESS,1,DESK,blonde,black,tone_4,suit
P9817,Khalid,Wu,YES,5,SOLO,2,ONLINE,blonde_f,black,tone_6,olive+green
P9818,Aaliyah,Gray,YES,5,SOLO,1,ONLINE,black_f,blue,tone_6,blue
P9819,Bao,Kaur,YES,9,FAMILY,2,KIOSK,brunette_f,blue,tone_5,blue
P9820,Felix,Traore,NO,3,LEISURE,1,DESK,brunette_f,blue,tone_4,olive+green
P9821,Mila,Muller,NO,2,LEISURE,0,DESK,brunette,black,tone_1,red
P9822,Marco,Shah,YES,10,BUSINESS,1,ONLINE,blonde,black,tone_4,blue
P9823,Cameron,Perez,NO,2,LEISURE,0,ONLINE,brunette,black,tone_3,blue
P9824,Kenji,Choi,YES,9,BUSINESS,1,KIOSK,brunette,black,tone_4,suit
P9825,Victoria,Haddad,YES,10,LEISURE,1,DESK,brunette_f,blue,tone_3,suit
P9826,Muhammad,Yoon,NO,2,LEISURE,0,ONLINE,brunette,black,tone_5,blue
P9827,Rahul,Lopez,NO,1,LEISURE,1,KIOSK,black_f,black,tone_4,olive+green
P9828,Minji,Romano,NO,1,LEISURE,1,ONLINE,black_f,blue,tone_3,red
P9829,Jonas,Davies,NO,1,SOLO,1,ONLINE,blonde,black,tone_4,suit
P9830,Ella,Choi,NO,1,BUSINESS,1,ONLINE,brunette_f,blue,tone_2,red
P9831,Sophie,Singh,NO,3,LEISURE,1,KIOSK,brunette,black,tone_5,blue
P9832,Eoin,Huynh,NO,1,LEISURE,0,KIOSK,blonde,blue,tone_4,blue
P9833,Priya,Mehta,NO,2,LEISURE,1,DESK,black,black,tone_2,suit
P9834,Gurleen,Ahmed,NO,2,SOLO,1,ONLINE,brunette_f,blue,tone_5,red
P9835,Vivaan,Sharma,NO,1,FAMILY,3,ONLINE,black,black,tone_4,blue
P9836,Ahmed,Xu,YES,10,BUSINESS,1,ONLINE,blonde_f,blue,tone_6,olive+green
P9837,Aanya,Thompson,NO,1,FAMILY,2,KIOSK,black_f,blue,tone_2,olive+green
P9838,Linh,Clarke,NO,1,LEISURE,1,DESK,black,blue,tone_3,suit
P9839,Isabella,Wu,NO,3,SOLO,0,ONLINE,blonde_f,blue,tone_6,suit
P9840,Tomasz,Nasser,YES,6,LEISURE,1,KIOSK,blonde,blue,tone_6,red
P9841,Mandeep,Rao,NO,1,LEISURE,0,ONLINE,black,black,tone_3,olive+green
P9842,Casey,Agyeman,YES,10,LEISURE,1,ONLINE,brunette_f,blue,tone_3,red
P9843,Riya,Mansour,YES,8,BUSINESS,0,KIOSK,brunette_f,black,tone_6,suit
P9844,Camille,Tran,NO,1,SOLO,1,DESK,blonde_f,blue,tone_4,red
P9845,Riya,Hoang,NO,2,LEISURE,1,ONLINE,black,black,tone_2,suit
P9846,Ibrahim,Dang,NO,1,BUSINESS,1,ONLINE,blonde_f,blue,tone_1,blue
P9847,Jian,Rao,NO,2,FAMILY,2,DESK,black_f,blue,tone_1,red
P9848,Imani,Ali,NO,1,LEISURE,1,ONLINE,black,blue,tone_2,olive+green
P9849,Karan,Ali,NO,1,LEISURE,0,KIOSK,black,blue,tone_5,olive+green
P9850,Trang,Francis,NO,2,FAMILY,2,DESK,brunette,black,tone_2,red
P9851,Hana,Johnson,NO,2,LEISURE,1,ONLINE,black,blue,tone_5,red
P9852,Sota,Thompson,NO,3,SOLO,1,ONLINE,brunette_f,blue,tone_4,red
P9853,Noah,Singh,NO,2,FAMILY,1,KIOSK,blonde,blue,tone_2,blue
P9854,Kenji,Hoang,NO,1,LEISURE,1,ONLINE,brunette,black,tone_6,red
P9855,Lily,Jones,NO,1,LEISURE,0,ONLINE,brunette,blue,tone_2,blue
P9856,Tomasz,Hussain,NO,2,LEISURE,1,ONLINE,blonde_f,blue,tone_5,blue
P9857,Aaliyah,Weber,NO,3,LEISURE,0,ONLINE,brunette_f,blue,tone_2,suit
P9858,Taylor,Green,NO,3,LEISURE,0,ONLINE,black,blue,tone_2,suit
P9859,Ava,Kapoor,YES,6,LEISURE,1,DESK,blonde,blue,tone_5,red
P9860,Khalid,Doyle,YES,10,LEISURE,1,DESK,black,blue,tone_3,red
P9861,Declan,Morgan,NO,1,BUSINESS,1,ONLINE,black_f,black,tone_1,suit
P9862,Nathan,Tanaka,NO,2,SOLO,0,ONLINE,brunette_f,blue,tone_4,suit
P9863,Hyejin,Adeyemi,NO,1,FAMILY,3,ONLINE,brunette,blue,tone_2,red
P9864,Emily,Toure,NO,2,LEISURE,1,KIOSK,black,black,tone_4,blue
P9865,Anh,Kaminski,YES,7,LEISURE,1,KIOSK,blonde,black,tone_6,suit
P9866,Theo,Kaur,NO,3,LEISURE,1,ONLINE,black,black,tone_5,red
P9867,Poppy,Keita,NO,1,FAMILY,2,ONLINE,blonde_f,black,tone_3,blue
P9868,Ishaan,Khan,NO,1,LEISURE,1,ONLINE,black,black,tone_5,red
P9869,Ayaan,Martinez,YES,10,FAMILY,2,KIOSK,brunette_f,black,tone_5,olive+green
P9870,Emeka,Adams,NO,1,LEISURE,2,KIOSK,brunette_f,blue,tone_6,red
P9871,Kofi,Verma,YES,5,SOLO,1,DESK,black_f,black,tone_6,blue
P9872,Tao,Li,NO,2,SOLO,1,KIOSK,brunette_f,blue,tone_2,olive+green
P9873,Avery,Byrne,NO,2,LEISURE,2,DESK,black_f,blue,tone_2,blue
P9874,Kavya,Haddad,NO,2,BUSINESS,1,ONLINE,blonde_f,black,tone_4,olive+green
P9875,Femi,Kumar,NO,1,FAMILY,2,DESK,brunette,blue,tone_1,red
P9876,Louis,Campbell,NO,2,BUSINESS,1,ONLINE,brunette,blue,tone_5,suit
P9877,Isabella,Hall,NO,2,LEISURE,0,ONLINE,brunette_f,blue,tone_3,red
P9878,Leo,Li,NO,1,BUSINESS,0,ONLINE,blonde_f,black,tone_2,red
P9879,Ananya,Jones,NO,2,LEISURE,1,KIOSK,blonde,blue,tone_5,blue
P9880,Minho,Kang,NO,2,LEISURE,0,ONLINE,black,black,tone_5,olive+green
P9881,Casey,Khan,NO,1,BUSINESS,1,ONLINE,brunette,black,tone_4,blue
P9882,Sam,Owusu,NO,1,FAMILY,2,DESK,blonde_f,blue,tone_1,blue
P9883,Gabriel,Nguyen,YES,5,LEISURE,0,DESK,brunette,black,tone_2,suit
P9884,Jules,Asante,NO,1,SOLO,1,ONLINE,black,black,tone_6,blue
P9885,Camila,Fofana,NO,1,BUSINESS,1,ONLINE,black_f,black,tone_2,olive+green
P9886,Nisha,Gallagher,NO,1,BUSINESS,0,ONLINE,brunette_f,blue,tone_4,blue
P9887,Hassan,Murphy,NO,1,LEISURE,1,ONLINE,blonde_f,black,tone_2,red
P9888,Sam,Lewandowski,NO,1,LEISURE,0,KIOSK,blonde,black,tone_5,blue
P9889,Faris,Suzuki,NO,1,LEISURE,0,KIOSK,black,black,tone_4,red
P9890,Jules,Kang,NO,2,SOLO,1,KIOSK,brunette,blue,tone_6,suit
P9891,Aditya,Ruiz,NO,2,LEISURE,1,ONLINE,blonde,black,tone_6,suit
P9892,Sophie,Phan,NO,2,LEISURE,2,DESK,brunette_f,blue,tone_6,red
P9893,Niamh,Sandhu,NO,3,LEISURE,1,DESK,brunette_f,blue,tone_6,red
P9894,Dhruv,Muller,YES,9,LEISURE,1,ONLINE,blonde_f,blue,tone_5,blue
P9895,Nisha,Park,NO,2,SOLO,1,ONLINE,black_f,black,tone_3,olive+green
P9896,Thao,Khan,NO,2,LEISURE,1,KIOSK,black,black,tone_3,blue
P9897,Kenji,Grant,YES,7,LEISURE,0,ONLINE,blonde,black,tone_2,suit
P9898,Olivia,Ferrari,NO,1,FAMILY,3,DESK,blonde,blue,tone_3,olive+green
P9899,Hamza,Carter,NO,1,SOLO,1,DESK,brunette,black,tone_3,blue
P9900,Manon,Fischer,NO,2,BUSINESS,1,DESK,black,black,tone_3,olive+green
P9901,Orla,Bui,NO,1,LEISURE,2,DESK,brunette_f,blue,tone_6,olive+green
P9902,Kofi,Sow,NO,2,LEISURE,2,KIOSK,brunette_f,blue,tone_1,olive+green
P9903,Aoife,Bailey,NO,3,LEISURE,2,KIOSK,black_f,blue,tone_4,blue
P9904,Ahmed,Okafor,NO,3,FAMILY,2,KIOSK,black_f,black,tone_4,olive+green
P9905,Lily,Baker,YES,9,LEISURE,2,ONLINE,brunette_f,blue,tone_4,olive+green
P9906,Alejandro,Sow,NO,1,SOLO,1,KIOSK,blonde_f,blue,tone_1,red
P9907,Nisha,Moreau,NO,2,FAMILY,2,DESK,brunette_f,black,tone_6,suit
P9908,Eoin,Mensah,NO,2,SOLO,1,ONLINE,black_f,black,tone_5,blue
P9909,Zuri,Esposito,NO,2,LEISURE,1,ONLINE,black_f,blue,tone_2,olive+green
P9910,Sam,Russell,NO,2,FAMILY,3,DESK,blonde_f,blue,tone_3,suit
P9911,Avery,Romano,NO,1,LEISURE,1,DESK,brunette_f,blue,tone_5,blue
P9912,Nari,Rodriguez,NO,1,BUSINESS,1,ONLINE,brunette_f,blue,tone_6,suit
P9913,Declan,Fischer,YES,9,FAMILY,2,ONLINE,black_f,black,tone_3,suit
P9914,Maeve,Schneider,NO,3,LEISURE,1,ONLINE,brunette_f,black,tone_1,suit
P9915,Jakub,Traore,NO,2,SOLO,1,ONLINE,black_f,black,tone_3,suit
P9916,Harpreet,Muller,NO,2,FAMILY,2,ONLINE,black_f,blue,tone_3,suit
P9917,Obinna,Adams,NO,1,BUSINESS,1,ONLINE,blonde,blue,tone_6,blue
P9918,Harpreet,Garcia,NO,3,LEISURE,1,ONLINE,blonde,black,tone_5,blue
P9919,David,Vu,NO,1,FAMILY,2,DESK,black_f,blue,tone_4,olive+green
P9920,Giulia,Agyeman,NO,1,LEISURE,1,ONLINE,black_f,black,tone_4,red
P9921,Sami,Mensah,NO,3,LEISURE,1,ONLINE,brunette_f,blue,tone_4,olive+green
P9922,Adwoa,Malhotra,NO,3,BUSINESS,0,DESK,brunette_f,blue,tone_6,suit
P9923,Leo,Kang,NO,2,SOLO,0,DESK,black_f,black,tone_5,suit
P9924,Imran,Moreau,YES,5,BUSINESS,1,ONLINE,blonde,blue,tone_2,blue
P9925,Bao,Thompson,NO,1,SOLO,1,ONLINE,blonde_f,black,tone_1,suit
P9926,Michael,Saleh,YES,5,LEISURE,1,KIOSK,black_f,black,tone_2,red
P9927,Nhi,Brown,NO,2,SOLO,1,DESK,black,black,tone_6,blue
P9928,Isla,Joshi,NO,1,BUSINESS,0,ONLINE,black_f,blue,tone_4,blue
P9929,Diya,Walsh,YES,10,LEISURE,1,ONLINE,black,black,tone_1,olive+green
P9930,Isla,Murphy,YES,7,LEISURE,1,ONLINE,black_f,black,tone_2,red
P9931,Valentina,Cho,NO,1,BUSINESS,0,ONLINE,brunette,black,tone_1,blue
P9932,Marco,Kowalski,NO,1,LEISURE,0,DESK,black_f,black,tone_1,suit
P9933,Riley,Ferrari,NO,2,LEISURE,1,ONLINE,brunette_f,blue,tone_6,suit
P9934,Bilal,Brown,NO,2,FAMILY,2,ONLINE,black,black,tone_6,red
P9935,Ibrahim,Chopra,NO,3,LEISURE,1,KIOSK,brunette,blue,tone_1,olive+green
P9936,Navdeep,Reddy,NO,1,LEISURE,0,ONLINE,blonde,blue,tone_1,olive+green
P9937,Hao,Fischer,YES,6,LEISURE,0,ONLINE,brunette,blue,tone_6,blue
P9938,Kofi,Huynh,NO,1,LEISURE,1,ONLINE,black,black,tone_5,blue
P9939,Leo,Parker,NO,2,LEISURE,1,DESK,black_f,blue,tone_1,suit
P9940,Marco,Bui,YES,7,LEISURE,2,ONLINE,brunette_f,black,tone_5,red
P9941,Zuri,Haddad,NO,1,BUSINESS,0,ONLINE,black,blue,tone_4,suit
P9942,Leo,Rao,NO,1,LEISURE,0,ONLINE,blonde_f,blue,tone_5,blue
P9943,Victoria,Sow,NO,3,SOLO,1,ONLINE,black_f,black,tone_4,red
P9944,Sota,Kim,YES,6,LEISURE,1,DESK,blonde_f,blue,tone_5,olive+green
P9945,Orla,Wu,NO,3,FAMILY,1,DESK,blonde,black,tone_3,suit
P9946,Jun,Sanchez,NO,2,LEISURE,1,ONLINE,black,black,tone_1,suit
P9947,Tara,Rodriguez,NO,2,SOLO,0,DESK,black,blue,tone_3,suit
P9948,Adwoa,Gill,YES,6,SOLO,2,ONLINE,black,blue,tone_5,suit
P9949,Jian,Zhang,NO,1,FAMILY,2,DESK,blonde_f,black,tone_1,suit
P9950,Tunde,Mahmood,NO,2,LEISURE,1,ONLINE,brunette,blue,tone_1,suit
P9951,Felix,Ito,YES,9,SOLO,1,DESK,brunette_f,black,tone_6,red
P9952,Declan,White,NO,2,FAMILY,2,DESK,black,blue,tone_3,olive+green
P9953,Mariam,Moreau,NO,1,FAMILY,1,KIOSK,black_f,black,tone_3,olive+green
P9954,Luke,Toure,NO,3,FAMILY,2,DESK,black_f,black,tone_5,olive+green
P9955,Maeve,Wu,NO,1,LEISURE,1,DESK,brunette_f,black,tone_1,red
P9956,Sakura,Sandhu,NO,2,FAMILY,2,KIOSK,blonde,black,tone_3,olive+green
P9957,Manpreet,Schmidt,NO,1,LEISURE,1,KIOSK,blonde,blue,tone_4,olive+green
P9958,Jamie,Yang,NO,1,FAMILY,1,KIOSK,black,blue,tone_6,red
P9959,Ayana,Ruiz,NO,3,BUSINESS,0,ONLINE,brunette_f,blue,tone_4,olive+green
P9960,Theo,Kim,NO,1,SOLO,1,KIOSK,black,blue,tone_1,red
P9961,Mia,Kim,NO,2,LEISURE,1,DESK,black,blue,tone_2,suit
P9962,Grace,Okafor,NO,1,FAMILY,2,ONLINE,black_f,black,tone_6,red
P9963,Jules,Verma,NO,2,SOLO,1,ONLINE,brunette_f,blue,tone_3,olive+green
P9964,Jacob,Desai,NO,1,BUSINESS,0,ONLINE,blonde,blue,tone_1,red
P9965,Gurpreet,Foster,NO,1,LEISURE,1,ONLINE,blonde_f,black,tone_4,blue
P9966,Olivia,Petit,NO,1,BUSINESS,1,ONLINE,brunette_f,black,tone_6,suit
P9967,Hao,Gupta,NO,1,BUSINESS,1,KIOSK,blonde_f,black,tone_4,suit
P9968,Jules,Huang,NO,2,BUSINESS,0,ONLINE,brunette_f,black,tone_4,blue
P9969,Soyeon,Tanaka,NO,1,LEISURE,1,DESK,blonde,blue,tone_6,red
P9970,Rohan,Gomez,NO,2,SOLO,1,ONLINE,black,blue,tone_4,suit
P9971,Dev,Bailey,YES,10,LEISURE,1,DESK,blonde,black,tone_3,suit
P9972,Ade,Dubois,NO,1,SOLO,0,DESK,blonde,black,tone_4,blue
P9973,Lily,Taylor,NO,1,LEISURE,2,ONLINE,black,black,tone_5,blue
P9974,George,Evans,NO,3,SOLO,0,KIOSK,blonde,black,tone_3,olive+green
P9975,Daichi,Verma,YES,10,SOLO,1,KIOSK,black,black,tone_1,red
P9976,Phoebe,Yoon,NO,1,LEISURE,1,ONLINE,brunette,blue,tone_6,red
P9977,Minji,Robinson,YES,6,FAMILY,1,DESK,blonde,blue,tone_6,olive+green
P9978,Hannah,Huynh,YES,6,LEISURE,1,KIOSK,blonde_f,blue,tone_5,red
P9979,Oliver,Ahmed,NO,2,BUSINESS,1,ONLINE,black_f,blue,tone_4,suit
P9980,Oscar,Phan,NO,1,SOLO,1,DESK,blonde_f,blue,tone_1,olive+green
P9981,Felix,Mansour,NO,1,LEISURE,1,DESK,black_f,blue,tone_3,blue
P9982,Kacper,Owusu,NO,1,LEISURE,1,ONLINE,black,black,tone_4,olive+green
P9983,Sakura,Gill,NO,1,SOLO,2,DESK,blonde,black,tone_4,olive+green
P9984,Sam,Huang,NO,1,FAMILY,3,KIOSK,brunette_f,blue,tone_1,red
P9985,Ella,Yoon,NO,1,SOLO,1,KIOSK,blonde,black,tone_4,suit
P9986,Ava,Schneider,YES,10,FAMILY,1,ONLINE,black,black,tone_4,suit
P9987,Cian,Balogun,NO,2,SOLO,1,ONLINE,brunette_f,black,tone_1,red
P9988,Jakub,Richards,NO,3,LEISURE,0,DESK,brunette_f,blue,tone_5,suit
P9989,Arnav,Murphy,NO,3,FAMILY,2,KIOSK,blonde,black,tone_3,blue
P9990,Sophia,Hoang,NO,2,BUSINESS,0,ONLINE,brunette_f,blue,tone_5,blue
P9991,Kavya,Phan,NO,3,FAMILY,3,KIOSK,brunette,black,tone_2,blue
P9992,Giulia,Toure,NO,1,BUSINESS,2,ONLINE,brunette_f,blue,tone_6,olive+green
P9993,Adam,O'Brien,NO,1,LEISURE,0,KIOSK,black,blue,tone_1,olive+green
P9994,Hamza,Desai,NO,3,LEISURE,1,ONLINE,blonde_f,black,tone_3,blue
P9995,James,Kim,NO,1,LEISURE,1,DESK,brunette,blue,tone_6,olive+green
P9996,Gurleen,Garcia,NO,1,BUSINESS,0,ONLINE,black_f,black,tone_5,suit
P9997,Aaliyah,Nasser,NO,1,SOLO,1,DESK,black_f,black,tone_6,olive+green
P9998,Aanya,Rossi,YES,5,LEISURE,1,DESK,brunette_f,black,tone_6,red
P9999,Jack,White,NO,3,SOLO,0,ONLINE,blonde,black,tone_4,blue
P10000,Ren,Fofana,NO,1,BUSINESS,0,DESK,brunette,blue,tone_4,olive+green
P10001,Leon,Park,NO,3,FAMILY,2,ONLINE,brunette,blue,tone_6,blue
P10002,Yuna,Jackson,NO,1,SOLO,0,ONLINE,blonde_f,black,tone_1,olive+green
P10003,Nari,Sow,NO,1,FAMILY,3,DESK,black,blue,tone_5,red
P10004,Kofi,Brown,NO,3,SOLO,0,ONLINE,black,black,tone_3,suit
P10005,Zain,Iyer,NO,3,LEISURE,0,ONLINE,brunette_f,black,tone_1,blue
P10006,Zofia,Chopra,NO,2,SOLO,1,DESK,black_f,black,tone_3,suit
P10007,Tara,Kapoor,YES,9,FAMILY,2,KIOSK,black,blue,tone_3,red
P10008,Aaliyah,Byrne,NO,2,FAMILY,1,DESK,brunette_f,black,tone_4,suit
P10009,Kwame,Russell,NO,3,LEISURE,1,DESK,blonde,black,tone_3,suit
P10010,Santiago,Moreau,NO,3,BUSINESS,0,ONLINE,brunette,black,tone_3,red
P10011,Manpreet,Walker,NO,1,LEISURE,0,ONLINE,black,blue,tone_2,red
P10012,Aarav,Kaminski,YES,9,LEISURE,2,ONLINE,brunette,blue,tone_3,blue
P10013,Thao,Traore,NO,3,LEISURE,1,KIOSK,blonde,blue,tone_4,olive+green
P10014,Rohan,Iqbal,NO,1,LEISURE,1,DESK,blonde,blue,tone_5,red
P10015,Sophia,Campbell,NO,2,FAMILY,1,DESK,black_f,blue,tone_6,red
P10016,Emeka,Fischer,NO,1,LEISURE,1,ONLINE,blonde_f,blue,tone_4,olive+green
P10017,Ava,Zhou,NO,2,FAMILY,3,ONLINE,brunette,blue,tone_4,blue
P10018,Hugo,Joshi,NO,1,LEISURE,1,DESK,blonde_f,blue,tone_4,blue
P10019,Marco,Diallo,NO,3,LEISURE,1,KIOSK,blonde,black,tone_2,blue
P10020,Niamh,Sidhu,NO,2,FAMILY,3,DESK,blonde,blue,tone_5,olive+green
P10021,Ananya,Gupta,NO,3,LEISURE,0,DESK,black,black,tone_2,olive+green
P10022,Bilal,Mahmood,NO,1,LEISURE,1,ONLINE,black,black,tone_3,blue
P10023,Bilal,Mehta,YES,7,LEISURE,0,KIOSK,blonde_f,black,tone_4,blue
P10024,Ngozi,Young,NO,3,FAMILY,2,KIOSK,brunette,blue,tone_6,blue
P10025,Hannah,Cho,NO,1,FAMILY,3,DESK,brunette_f,blue,tone_5,suit
P10026,Abena,Baker,NO,2,LEISURE,1,ONLINE,blonde,black,tone_3,red
P10027,Marco,Lopez,NO,3,BUSINESS,1,ONLINE,brunette,black,tone_2,red
P10028,Sam,Khalil,YES,5,LEISURE,1,ONLINE,black_f,black,tone_1,red
P10029,Rahul,Shah,NO,2,LEISURE,1,KIOSK,brunette_f,black,tone_5,red
P10030,Sakura,Shah,NO,2,LEISURE,1,KIOSK,blonde,black,tone_5,suit
P10031,Sam,Doyle,NO,3,LEISURE,2,KIOSK,blonde,black,tone_6,suit
P10032,Sophia,Rodriguez,NO,3,BUSINESS,1,ONLINE,brunette,black,tone_1,olive+green
P10033,Tunde,Yang,NO,2,LEISURE,1,KIOSK,black_f,black,tone_6,suit
P10034,Ava,Hall,NO,1,FAMILY,2,DESK,black_f,black,tone_4,suit
P10035,Ananya,Roberts,NO,1,FAMILY,1,ONLINE,black,blue,tone_5,blue
P10036,Dev,Nasser,YES,5,SOLO,1,ONLINE,blonde_f,blue,tone_4,red
P10037,Bilal,Perez,NO,3,LEISURE,0,ONLINE,brunette,black,tone_1,suit
P10038,William,Leroy,NO,2,BUSINESS,1,KIOSK,brunette_f,black,tone_1,olive+green
P10039,Obinna,Wisniewski,NO,2,LEISURE,1,KIOSK,blonde_f,black,tone_6,suit
P10040,Georgia,Liu,NO,3,LEISURE,0,KIOSK,blonde_f,black,tone_5,suit
P10041,Ruby,Kang,NO,1,LEISURE,1,ONLINE,black_f,black,tone_5,red
P10042,Hana,Grant,YES,5,FAMILY,2,DESK,blonde_f,black,tone_4,red
P10043,Camille,Akhtar,NO,2,SOLO,1,DESK,brunette_f,blue,tone_1,blue
P10044,Thao,O'Brien,NO,3,LEISURE,2,ONLINE,brunette,blue,tone_3,red
P10045,Mei,Cho,NO,2,LEISURE,1,ONLINE,black_f,black,tone_3,red
P10046,Riya,Rao,NO,3,LEISURE,1,DESK,blonde,black,tone_4,suit
P10047,Violet,Ahmed,NO,1,LEISURE,1,DESK,blonde_f,blue,tone_5,olive+green
P10048,Lily,Jimenez,NO,3,LEISURE,2,ONLINE,brunette,black,tone_3,olive+green
P10049,Ayana,Park,NO,2,LEISURE,0,ONLINE,blonde,blue,tone_6,suit
P10050,Amina,Singh,NO,1,BUSINESS,1,ONLINE,black,blue,tone_3,blue
P10051,Tunde,Dubois,NO,2,LEISURE,1,DESK,brunette_f,blue,tone_3,blue
P10052,Isla,Perez,NO,1,SOLO,1,DESK,blonde_f,blue,tone_3,red
P10053,Thomas,Joshi,NO,3,LEISURE,1,DESK,black,blue,tone_1,red
P10054,Aarav,Tran,NO,1,LEISURE,1,ONLINE,brunette,black,tone_4,olive+green
P10055,Meera,Jackson,NO,1,LEISURE,0,DESK,black,blue,tone_2,olive+green
P10056,Arthur,Evans,NO,1,SOLO,2,DESK,black,black,tone_3,suit
P10057,Thomas,Ferrari,YES,5,LEISURE,1,DESK,blonde,blue,tone_1,red
P10058,Obinna,Bennett,YES,10,FAMILY,2,KIOSK,blonde,black,tone_5,olive+green
P10059,Emeka,Leroy,NO,1,LEISURE,1,KIOSK,blonde,blue,tone_4,suit
P10060,Aanya,Chen,NO,2,LEISURE,1,KIOSK,black,black,tone_3,red
P10061,Camille,Durand,YES,6,SOLO,0,KIOSK,black,blue,tone_5,suit
P10062,Ade,Park,NO,1,FAMILY,2,DESK,brunette_f,black,tone_5,suit
P10063,Luca,Cho,NO,1,LEISURE,1,ONLINE,brunette,black,tone_6,olive+green
P10064,Gurleen,Kowalski,NO,1,FAMILY,1,KIOSK,black,black,tone_2,suit
P10065,Yusuf,Gomez,NO,1,BUSINESS,0,ONLINE,brunette_f,blue,tone_2,red
P10066,Yuna,Smith,NO,1,LEISURE,1,ONLINE,brunette,black,tone_5,olive+green
P10067,Charlotte,Vu,NO,1,FAMILY,3,ONLINE,brunette_f,black,tone_1,olive+green
P10068,Amara,Hoang,YES,9,BUSINESS,0,ONLINE,brunette_f,black,tone_5,suit
P10069,Aarav,Jung,NO,1,LEISURE,0,ONLINE,brunette_f,blue,tone_4,red
P10070,Harriet,Camara,NO,1,LEISURE,2,ONLINE,brunette_f,blue,tone_4,suit
P10071,Oscar,Mitchell,NO,1,LEISURE,1,DESK,brunette_f,blue,tone_5,suit
P10072,Chiara,Yang,YES,9,LEISURE,1,KIOSK,blonde,blue,tone_1,olive+green
P10073,Hyejin,Patel,NO,3,LEISURE,2,ONLINE,brunette_f,blue,tone_2,suit
P10074,Nisha,Yamamoto,NO,1,FAMILY,1,KIOSK,blonde_f,blue,tone_6,suit
P10075,Niamh,Bennett,YES,5,FAMILY,2,DESK,black_f,black,tone_2,suit
P10076,Charlie,Sanchez,NO,2,BUSINESS,0,DESK,brunette_f,blue,tone_2,olive+green
P10077,Niamh,Diallo,NO,1,LEISURE,2,DESK,black,black,tone_4,blue
P10078,Omar,Siddiqui,YES,7,LEISURE,1,ONLINE,brunette_f,black,tone_3,blue
P10079,Matteo,Wilson,NO,2,FAMILY,3,KIOSK,blonde_f,blue,tone_5,red
P10080,Aaliyah,Bennett,NO,1,LEISURE,0,ONLINE,blonde,blue,tone_2,olive+green
P10081,Lucie,Sandhu,NO,1,LEISURE,1,ONLINE,blonde,black,tone_4,suit
P10082,Chloe,Wright,NO,1,SOLO,0,ONLINE,black,black,tone_1,olive+green
P10083,Alessia,Boateng,NO,1,LEISURE,2,KIOSK,blonde_f,blue,tone_1,blue
P10084,Sakura,Hussain,NO,1,BUSINESS,0,ONLINE,brunette,blue,tone_3,blue
P10085,Theo,Nasser,YES,9,FAMILY,3,KIOSK,brunette_f,blue,tone_1,olive+green
P10086,Marek,Kapoor,NO,1,SOLO,1,ONLINE,blonde,blue,tone_6,blue
P10087,Maeve,Walker,NO,2,LEISURE,1,KIOSK,blonde,black,tone_2,red
P10088,Cameron,O'Brien,NO,1,BUSINESS,0,ONLINE,black_f,blue,tone_4,olive+green
P10089,Zain,Sandhu,YES,6,LEISURE,2,DESK,blonde,black,tone_6,olive+green
P10090,Sami,Howard,YES,9,LEISURE,1,ONLINE,brunette,blue,tone_1,red
P10091,Aaliyah,Francis,NO,2,LEISURE,2,DESK,black_f,black,tone_3,suit
P10092,George,Kaur,NO,2,SOLO,1,ONLINE,black_f,black,tone_1,olive+green
P10093,Ren,Singh,NO,2,FAMILY,1,DESK,blonde,black,tone_6,blue
P10094,Louis,Conti,NO,3,LEISURE,0,ONLINE,black_f,black,tone_3,olive+green
P10095,Nhi,Gray,NO,2,LEISURE,1,ONLINE,black_f,black,tone_6,olive+green
P10096,Obinna,Nasser,NO,1,LEISURE,1,DESK,blonde,black,tone_5,olive+green
P10097,Ayana,Bui,NO,2,SOLO,1,ONLINE,black,black,tone_5,red
P10098,Chloe,Nguyen,NO,1,SOLO,1,DESK,black,blue,tone_1,blue
P10099,Vivaan,Vu,NO,1,FAMILY,2,DESK,black_f,blue,tone_5,suit
P10100,Sebastian,Hall,YES,9,LEISURE,0,ONLINE,black_f,blue,tone_2,blue
P10101,Layla,Doyle,NO,1,LEISURE,0,ONLINE,black_f,blue,tone_3,suit
P10102,Ama,Campbell,NO,2,SOLO,2,DESK,brunette,blue,tone_5,blue
P10103,Harry,Patel,NO,1,LEISURE,2,DESK,black_f,black,tone_3,olive+green
P10104,Santiago,Nguyen,NO,2,LEISURE,0,DESK,black,black,tone_5,blue
P10105,Imran,Chopra,NO,2,BUSINESS,1,ONLINE,brunette_f,black,tone_1,olive+green
P10106,Harpreet,Toure,YES,8,LEISURE,0,DESK,black_f,blue,tone_4,olive+green
P10107,Manon,Foster,NO,1,LEISURE,1,ONLINE,black,black,tone_5,red
P10108,Tariq,Sidhu,NO,2,SOLO,1,ONLINE,black,black,tone_5,olive+green
P10109,Kavya,Sanchez,NO,1,FAMILY,1,DESK,brunette,black,tone_6,suit
P10110,Bao,Doyle,NO,1,BUSINESS,1,ONLINE,brunette_f,black,tone_6,olive+green
P10111,Zofia,Desai,NO,2,FAMILY,2,KIOSK,blonde_f,black,tone_4,olive+green
P10112,Akira,White,NO,3,FAMILY,1,DESK,brunette_f,black,tone_2,red
P10113,Rohan,Iyer,NO,2,FAMILY,2,DESK,brunette,blue,tone_2,red
P10114,Anh,Le,NO,1,FAMILY,1,DESK,black_f,black,tone_3,blue
P10115,Valentina,Parker,NO,1,LEISURE,1,DESK,black,black,tone_5,suit
P10116,Haruto,Camara,YES,6,BUSINESS,0,ONLINE,black,blue,tone_3,olive+green
P10117,Emilia,Tanaka,NO,1,FAMILY,2,DESK,brunette_f,blue,tone_3,suit
P10118,Giulia,Gallagher,NO,2,LEISURE,1,ONLINE,brunette_f,blue,tone_5,blue
P10119,Orla,Reed,NO,1,LEISURE,2,ONLINE,blonde,black,tone_1,blue
P10120,Amina,Thompson,NO,1,LEISURE,1,ONLINE,brunette,blue,tone_4,blue
P10121,Mariam,Owusu,NO,1,LEISURE,2,KIOSK,black_f,blue,tone_6,blue
P10122,Zofia,Rodriguez,NO,2,BUSINESS,1,KIOSK,black,black,tone_1,red
P10123,Tara,Nguyen,YES,10,LEISURE,2,DESK,blonde,blue,tone_2,blue
P10124,Salma,Wisniewski,YES,6,SOLO,1,ONLINE,black,black,tone_5,blue
P10125,Alfie,Jimenez,NO,2,SOLO,1,KIOSK,blonde_f,black,tone_6,suit
P10126,Sam,Nwosu,NO,1,LEISURE,1,ONLINE,brunette,blue,tone_1,suit
P10127,Niamh,Bose,NO,1,LEISURE,1,KIOSK,brunette_f,blue,tone_5,olive+green
P10128,Sophie,Ricci,NO,1,SOLO,2,KIOSK,black_f,blue,tone_2,blue
P10129,Valentina,Watanabe,NO,3,FAMILY,2,DESK,black_f,black,tone_6,suit
P10130,Jacob,Dang,NO,1,BUSINESS,1,ONLINE,brunette,blue,tone_3,olive+green
P10131,Alessia,Walker,NO,2,LEISURE,2,ONLINE,black,black,tone_5,suit
P10132,Jamie,Dubois,YES,7,FAMILY,2,KIOSK,blonde_f,blue,tone_6,olive+green
P10133,Johanna,Green,YES,6,LEISURE,1,KIOSK,black_f,black,tone_4,blue
P10134,Amelia,Iyer,NO,2,SOLO,1,ONLINE,black,black,tone_5,olive+green
P10135,Daichi,Gallagher,NO,3,FAMILY,2,ONLINE,blonde_f,black,tone_5,suit
P10136,Amina,Romano,NO,1,SOLO,1,DESK,brunette_f,blue,tone_5,red
P10137,Femi,Zhou,NO,1,SOLO,1,DESK,brunette,black,tone_6,blue
P10138,William,Joshi,NO,1,LEISURE,1,ONLINE,black_f,blue,tone_2,red
P10139,Victoria,Muller,NO,1,LEISURE,1,ONLINE,blonde_f,black,tone_2,blue
P10140,Harry,Choi,NO,2,BUSINESS,1,KIOSK,blonde_f,blue,tone_2,blue
P10141,Linh,Xu,NO,2,LEISURE,1,DESK,blonde,blue,tone_6,olive+green
P10142,Minho,Howard,NO,1,LEISURE,0,KIOSK,blonde_f,black,tone_2,red
P10143,Jisoo,Hall,NO,2,LEISURE,0,KIOSK,blonde_f,blue,tone_5,olive+green
P10144,Alex,Richards,NO,1,LEISURE,2,ONLINE,brunette,black,tone_5,blue
P10145,Lucie,Wilson,NO,1,SOLO,1,ONLINE,black,blue,tone_3,olive+green
P10146,Soyeon,Nair,YES,8,SOLO,2,KIOSK,black,black,tone_4,blue
P10147,Mia,Owusu,NO,1,FAMILY,1,DESK,blonde_f,black,tone_2,blue
P10148,Sami,Leroy,NO,1,LEISURE,0,KIOSK,brunette,black,tone_3,suit
P10149,Imani,Ruiz,NO,1,LEISURE,1,ONLINE,brunette,black,tone_3,blue
P10150,Minho,Ruiz,NO,2,FAMILY,3,ONLINE,black,blue,tone_6,blue
P10151,Zuri,Taylor,YES,7,LEISURE,1,DESK,blonde_f,blue,tone_1,blue
P10152,Ali,Wilson,NO,1,LEISURE,1,KIOSK,blonde,blue,tone_6,suit
P10153,Alejandro,Yamamoto,NO,1,LEISURE,2,DESK,brunette_f,black,tone_3,suit
P10154,Hannah,Takahashi,YES,5,LEISURE,0,ONLINE,black,blue,tone_2,olive+green
P10155,Alex,Boateng,NO,3,LEISURE,2,KIOSK,brunette,black,tone_6,olive+green
P10156,Molly,Iqbal,NO,1,SOLO,0,KIOSK,black_f,blue,tone_4,suit
P10157,Amelia,Desai,NO,1,LEISURE,1,DESK,blonde_f,blue,tone_4,suit
P10158,Reyansh,Wu,NO,2,LEISURE,1,ONLINE,blonde_f,black,tone_4,olive+green
P10159,Yuki,Okafor,YES,6,SOLO,1,ONLINE,black,black,tone_6,red
P10160,Ibrahim,Traore,YES,8,BUSINESS,0,ONLINE,brunette_f,blue,tone_5,red
P10161,Jakub,Phan,NO,1,FAMILY,2,DESK,black,blue,tone_6,olive+green
P10162,Chidi,Schmidt,NO,2,BUSINESS,0,ONLINE,blonde_f,blue,tone_2,blue
P10163,Maeve,Hussain,NO,1,SOLO,0,DESK,black_f,black,tone_2,olive+green
P10164,Jonas,Richards,YES,10,LEISURE,1,DESK,black,blue,tone_2,suit
P10165,Ahmed,Dubois,NO,3,LEISURE,2,DESK,brunette_f,blue,tone_3,blue
P10166,Eoin,Chopra,NO,1,BUSINESS,1,ONLINE,blonde_f,black,tone_6,suit
P10167,Zain,Durand,NO,2,LEISURE,1,ONLINE,brunette,black,tone_6,olive+green
P10168,Chiara,Murphy,NO,3,SOLO,0,KIOSK,blonde_f,blue,tone_5,suit
P10169,Gabriel,Hoang,NO,3,BUSINESS,1,DESK,brunette,blue,tone_6,olive+green
P10170,Jordan,Young,NO,1,LEISURE,1,DESK,black_f,black,tone_6,suit
P10171,Grace,Brar,NO,1,BUSINESS,0,ONLINE,blonde,blue,tone_4,olive+green
P10172,Muhammad,Scott,YES,5,SOLO,0,DESK,black,blue,tone_6,blue
P10173,Minh,Fischer,NO,3,LEISURE,1,ONLINE,brunette,black,tone_2,suit
P10174,Alejandro,Xu,NO,1,LEISURE,0,ONLINE,black,blue,tone_6,olive+green
P10175,Riya,Ito,NO,1,FAMILY,2,ONLINE,blonde_f,black,tone_6,suit
P10176,Mariam,Le,NO,2,LEISURE,1,DESK,black,black,tone_6,blue
P10177,Krish,Stewart,NO,2,LEISURE,0,DESK,black,blue,tone_5,olive+green
P10178,Matteo,Sharma,NO,1,SOLO,1,ONLINE,black,black,tone_5,blue
P10179,Nari,Jung,YES,10,LEISURE,1,DESK,black_f,black,tone_5,blue
P10180,Giulia,Bailey,NO,1,LEISURE,0,KIOSK,black_f,black,tone_4,olive+green
P10181,Hyejin,Gray,NO,2,FAMILY,2,DESK,brunette,blue,tone_3,red
P10182,James,Yang,NO,1,LEISURE,1,DESK,brunette,blue,tone_6,suit
P10183,Lucie,Young,NO,1,BUSINESS,2,KIOSK,blonde,blue,tone_5,blue
P10184,Ahmed,Haddad,NO,1,SOLO,1,ONLINE,black_f,black,tone_2,suit
P10185,Greta,Smith,NO,1,FAMILY,2,KIOSK,brunette,blue,tone_6,blue
P10186,Sam,Kang,NO,1,FAMILY,2,KIOSK,blonde,blue,tone_2,suit
P10187,Luca,Reddy,NO,2,BUSINESS,1,KIOSK,brunette_f,blue,tone_5,red
P10188,Emily,Malhotra,NO,1,BUSINESS,0,ONLINE,brunette,black,tone_1,blue
P10189,Giulia,Traore,NO,2,LEISURE,2,KIOSK,black,black,tone_5,suit
P10190,Violet,Nguyen,NO,1,FAMILY,3,ONLINE,brunette_f,blue,tone_3,red
P10191,Adwoa,Mahmood,NO,3,LEISURE,0,ONLINE,blonde_f,black,tone_1,red
P10192,Zuri,Kapoor,NO,1,LEISURE,1,DESK,blonde_f,black,tone_5,suit
P10193,Eoin,Martinez,NO,2,SOLO,0,KIOSK,blonde_f,blue,tone_3,red
P10194,Sakura,Verma,NO,2,LEISURE,1,KIOSK,black,blue,tone_4,olive+green
P10195,Hassan,Adeyemi,NO,2,FAMILY,2,DESK,brunette,blue,tone_1,red
P10196,Marco,Toure,NO,1,SOLO,1,ONLINE,black,blue,tone_5,red
P10197,Sota,Doyle,YES,5,LEISURE,1,KIOSK,black_f,blue,tone_5,red
P10198,Aaliyah,Thomas,NO,1,LEISURE,1,ONLINE,brunette_f,blue,tone_6,olive+green
P10199,Hao,Shah,NO,3,BUSINESS,1,KIOSK,brunette,black,tone_5,red
P10200,Isha,Asante,YES,7,LEISURE,2,ONLINE,brunette_f,blue,tone_1,olive+green
P10201,Matteo,Zielinski,NO,3,BUSINESS,0,ONLINE,blonde,black,tone_2,suit
P10202,Nisha,Jones,NO,3,SOLO,2,KIOSK,black,blue,tone_5,suit
P10203,Yuki,Ricci,NO,1,LEISURE,1,ONLINE,brunette,black,tone_4,blue
P10204,Ananya,Bamba,NO,1,LEISURE,0,ONLINE,black_f,blue,tone_6,olive+green
P10205,Ella,Evans,NO,1,SOLO,0,ONLINE,brunette_f,blue,tone_1,olive+green
P10206,Mateo,Watson,NO,3,SOLO,2,ONLINE,black_f,blue,tone_2,suit
P10207,Veer,Shah,YES,8,LEISURE,2,ONLINE,blonde_f,blue,tone_6,olive+green
P10208,Ngozi,Durand,NO,2,LEISURE,1,DESK,blonde_f,blue,tone_1,blue
P10209,Nadia,Reddy,YES,10,LEISURE,0,KIOSK,black_f,black,tone_2,blue
P10210,William,Moretti,NO,2,SOLO,2,ONLINE,brunette_f,black,tone_1,red
P10211,Noah,Walsh,NO,1,LEISURE,1,DESK,brunette_f,black,tone_1,olive+green
P10212,Hamza,Phan,NO,3,LEISURE,1,DESK,brunette_f,black,tone_1,red
P10213,Meera,Okafor,NO,1,LEISURE,1,DESK,brunette,black,tone_5,suit
P10214,Harpreet,Francis,YES,8,LEISURE,1,ONLINE,brunette,blue,tone_6,blue
P10215,Valentina,Carter,NO,1,LEISURE,1,ONLINE,brunette_f,black,tone_1,blue
P10216,Luke,O'Brien,YES,9,LEISURE,1,DESK,brunette_f,black,tone_6,olive+green
P10217,Theo,Brar,NO,3,FAMILY,3,DESK,brunette_f,blue,tone_6,olive+green
P10218,Isla,Hall,NO,1,LEISURE,2,DESK,blonde_f,blue,tone_4,blue
P10219,Layla,Kaminski,YES,9,LEISURE,1,ONLINE,blonde_f,black,tone_1,suit
P10220,Karan,Zhou,NO,3,FAMILY,2,ONLINE,brunette,blue,tone_4,blue
P10221,Kabir,Suzuki,NO,1,LEISURE,1,KIOSK,brunette_f,black,tone_3,olive+green
P10222,Nari,Ahmed,NO,1,SOLO,2,DESK,blonde,blue,tone_3,blue
P10223,Diya,Bianchi,NO,1,LEISURE,1,KIOSK,brunette,blue,tone_5,red
P10224,Lucie,Conti,NO,1,BUSINESS,1,DESK,blonde_f,blue,tone_3,blue
P10225,Ruby,Gray,NO,1,BUSINESS,1,ONLINE,blonde_f,blue,tone_1,blue
P10226,Oisin,Fofana,NO,1,FAMILY,2,ONLINE,brunette_f,blue,tone_6,blue
P10227,Nisha,Yoon,NO,1,LEISURE,2,DESK,black_f,black,tone_2,olive+green
P10228,Arnav,Boateng,NO,2,LEISURE,0,ONLINE,black,black,tone_4,olive+green
P10229,Niamh,Gallagher,NO,1,SOLO,2,KIOSK,blonde_f,black,tone_6,olive+green
P10230,Ishaan,Verma,NO,2,BUSINESS,1,ONLINE,black,black,tone_4,red
P10231,Michael,Muller,NO,3,LEISURE,2,DESK,black_f,black,tone_2,blue
P10232,Victoria,Jackson,NO,1,SOLO,1,ONLINE,black,black,tone_4,red
P10233,Niamh,Thompson,NO,1,LEISURE,1,ONLINE,black_f,blue,tone_2,suit
P10234,Isabella,Rao,YES,6,FAMILY,3,KIOSK,brunette_f,black,tone_4,suit
P10235,Arthur,Okafor,YES,6,BUSINESS,0,ONLINE,black_f,black,tone_2,blue
P10236,Casey,Phan,NO,2,FAMILY,3,KIOSK,black,black,tone_3,suit
P10237,Thao,Sow,NO,1,FAMILY,2,DESK,black,blue,tone_1,olive+green
P10238,Nhi,Bianchi,NO,1,LEISURE,1,ONLINE,blonde,black,tone_2,blue
P10239,Jakub,Saleh,NO,2,LEISURE,1,ONLINE,blonde,blue,tone_3,suit
P10240,Aarav,Haddad,NO,3,FAMILY,3,DESK,blonde,blue,tone_2,olive+green
P10241,Emilia,Tran,NO,1,LEISURE,2,ONLINE,black_f,blue,tone_1,olive+green
P10242,David,Okafor,NO,1,LEISURE,1,DESK,black,blue,tone_2,blue
P10243,Ahmed,Moretti,NO,1,SOLO,1,KIOSK,brunette_f,blue,tone_2,red
P10244,Karim,Traore,NO,2,BUSINESS,1,ONLINE,brunette,black,tone_1,blue
P10245,Haruto,Russell,NO,2,SOLO,1,KIOSK,blonde,black,tone_2,red
P10246,Olivia,Huang,NO,1,LEISURE,1,ONLINE,blonde_f,black,tone_4,red
P10247,Nadia,Smith,NO,2,SOLO,0,ONLINE,blonde,blue,tone_3,suit
P10248,Amara,Gomez,NO,1,FAMILY,2,DESK,blonde_f,blue,tone_5,suit
P10249,Arnav,Zhang,NO,3,LEISURE,1,KIOSK,black_f,black,tone_4,red
P10250,Veer,Bui,NO,2,LEISURE,1,KIOSK,black,blue,tone_6,blue
P10251,Greta,Muller,NO,1,LEISURE,2,ONLINE,brunette_f,blue,tone_4,suit
P10252,Nathan,Dhillon,NO,1,LEISURE,1,DESK,black,black,tone_6,olive+green
P10253,Cian,Lewandowski,NO,2,FAMILY,2,DESK,blonde,blue,tone_2,olive+green
P10254,Nisha,Mehta,NO,1,SOLO,0,DESK,brunette_f,black,tone_5,suit
P10255,Nhi,Ryan,NO,2,LEISURE,0,ONLINE,blonde,blue,tone_4,red
P10256,Arthur,Diallo,NO,1,LEISURE,1,DESK,blonde_f,black,tone_6,blue
P10257,Karim,Bennett,NO,2,SOLO,1,KIOSK,black,blue,tone_1,suit
P10258,Adwoa,Li,NO,1,LEISURE,1,ONLINE,blonde,blue,tone_3,suit
P10259,Nadia,Nguyen,NO,1,SOLO,1,ONLINE,blonde_f,blue,tone_5,suit
P10260,Trang,Ito,NO,1,LEISURE,1,DESK,blonde,blue,tone_2,olive+green
P10261,Femi,Joshi,NO,1,FAMILY,3,DESK,black_f,black,tone_2,olive+green
P10262,Leon,Baker,YES,8,SOLO,0,ONLINE,black,blue,tone_4,red
P10263,Ananya,Baker,NO,1,LEISURE,1,KIOSK,brunette,black,tone_6,suit
P10264,Omar,Walker,NO,2,SOLO,1,DESK,black_f,black,tone_1,red
P10265,Zain,Esposito,NO,1,FAMILY,1,KIOSK,blonde_f,blue,tone_3,blue
P10266,Sakura,Yang,YES,10,BUSINESS,0,ONLINE,brunette,blue,tone_2,blue
P10267,Karan,Gill,YES,6,BUSINESS,1,ONLINE,black,blue,tone_3,olive+green
P10268,Jules,Nair,NO,2,LEISURE,2,KIOSK,black_f,black,tone_4,suit
P10269,Chloe,Kumar,NO,2,BUSINESS,0,ONLINE,black,black,tone_4,suit
P10270,Karim,Sidhu,NO,1,SOLO,1,KIOSK,blonde,black,tone_3,suit
P10271,Aoife,Mansour,YES,6,FAMILY,1,ONLINE,brunette,blue,tone_6,blue
P10272,Felix,Collins,NO,1,LEISURE,0,ONLINE,black_f,black,tone_1,red
P10273,Isha,Gray,NO,1,FAMILY,2,DESK,black,black,tone_5,blue
P10274,Declan,Reed,NO,2,FAMILY,1,ONLINE,brunette,blue,tone_3,suit
P10275,Malik,Muller,NO,1,LEISURE,0,DESK,brunette,black,tone_3,olive+green
P10276,Luca,Phan,NO,3,FAMILY,3,KIOSK,brunette_f,blue,tone_1,red
P10277,Tariq,Singh,NO,1,BUSINESS,0,DESK,brunette_f,black,tone_1,suit
P10278,Cian,Young,NO,1,SOLO,1,ONLINE,brunette_f,blue,tone_2,olive+green
P10279,Nhi,Sow,NO,1,BUSINESS,0,ONLINE,black_f,blue,tone_4,blue
P10280,Karan,Smith,YES,9,FAMILY,2,DESK,brunette,black,tone_1,olive+green
P10281,Isabella,Esposito,YES,8,LEISURE,1,ONLINE,blonde_f,black,tone_2,blue
P10282,Ruby,Ruiz,NO,3,LEISURE,1,ONLINE,black,blue,tone_2,olive+green
P10283,Olivia,Malik,YES,8,FAMILY,3,ONLINE,blonde,blue,tone_1,olive+green
P10284,Hao,Walsh,NO,1,LEISURE,2,KIOSK,blonde,black,tone_2,suit
P10285,Ronan,Wright,NO,2,LEISURE,1,ONLINE,brunette,black,tone_5,red
P10286,Amrit,Bennett,NO,1,LEISURE,1,KIOSK,blonde_f,blue,tone_4,blue
P10287,Jian,Khan,YES,5,LEISURE,1,KIOSK,brunette_f,black,tone_1,olive+green
P10288,Morgan,Rao,NO,1,LEISURE,1,ONLINE,blonde_f,black,tone_6,suit
P10289,Salma,Bui,NO,1,SOLO,2,ONLINE,black_f,blue,tone_2,olive+green
P10290,Amrit,Anderson,NO,2,LEISURE,1,ONLINE,blonde_f,black,tone_6,suit
P10291,Yasmin,Nair,NO,1,FAMILY,2,DESK,blonde,blue,tone_6,suit
P10292,Nadia,Jung,NO,1,LEISURE,1,ONLINE,black,black,tone_5,suit
P10293,Wei,Kaur,NO,1,FAMILY,2,KIOSK,black_f,black,tone_2,red
P10294,Zain,Mansour,NO,1,FAMILY,2,KIOSK,black,blue,tone_6,red
P10295,Charlotte,Mansour,NO,1,LEISURE,1,ONLINE,brunette,black,tone_5,suit
P10296,Ali,Haddad,NO,1,BUSINESS,1,DESK,blonde,blue,tone_6,suit
P10297,Simran,Schneider,NO,2,FAMILY,2,KIOSK,blonde,blue,tone_6,suit
P10298,Bilal,Smith,YES,9,SOLO,1,ONLINE,black_f,blue,tone_2,olive+green
P10299,Giulia,Foster,NO,3,LEISURE,1,ONLINE,blonde,blue,tone_4,blue
P10300,Sebastian,Roberts,YES,7,FAMILY,2,DESK,black_f,black,tone_1,suit
P10301,William,Yamamoto,NO,2,BUSINESS,0,ONLINE,brunette_f,blue,tone_2,red
P10302,Karan,Weber,YES,6,LEISURE,1,ONLINE,blonde_f,black,tone_5,blue
P10303,Yusuf,Agyeman,YES,5,LEISURE,1,DESK,blonde_f,blue,tone_3,blue
P10304,Tariq,Iqbal,NO,2,FAMILY,3,DESK,blonde,blue,tone_5,suit
P10305,Ibrahim,Desai,NO,2,SOLO,0,DESK,brunette_f,black,tone_2,blue
P10306,Bao,Shah,NO,1,LEISURE,1,KIOSK,black,blue,tone_2,red
P10307,Matteo,Rao,NO,1,FAMILY,2,ONLINE,blonde,black,tone_2,blue
P10308,Ayaan,Perez,NO,1,FAMILY,3,KIOSK,brunette,blue,tone_5,blue
P10309,Imani,Kowalski,NO,1,LEISURE,1,ONLINE,black,blue,tone_5,suit
P10310,Krish,Diallo,NO,2,FAMILY,2,KIOSK,black_f,blue,tone_4,red
P10311,Tao,Evans,NO,2,LEISURE,1,ONLINE,blonde,blue,tone_6,suit
P10312,Ayana,Tanaka,YES,5,FAMILY,2,ONLINE,brunette,blue,tone_3,olive+green
P10313,Arjun,Baker,NO,2,BUSINESS,1,ONLINE,brunette,blue,tone_1,suit
P10314,Charlotte,Nwosu,NO,2,SOLO,1,KIOSK,black,blue,tone_4,red
P10315,Hassan,Wilson,NO,1,LEISURE,1,ONLINE,brunette,black,tone_5,suit
P10316,Khalid,Leroy,NO,1,LEISURE,1,KIOSK,blonde,blue,tone_2,blue
P10317,Rahul,Bernard,NO,1,LEISURE,1,DESK,blonde_f,black,tone_5,blue
P10318,Emily,Moreau,NO,1,LEISURE,2,ONLINE,blonde_f,blue,tone_5,olive+green
P10319,Harpreet,Cho,NO,3,BUSINESS,0,DESK,brunette_f,black,tone_1,blue
P10320,Hyejin,Garcia,YES,10,SOLO,1,DESK,blonde_f,blue,tone_3,red
P10321,Aditya,Baker,NO,1,FAMILY,1,DESK,blonde_f,black,tone_2,red
P10322,Hugo,Ito,YES,5,LEISURE,1,DESK,brunette_f,blue,tone_2,blue
P10323,Luke,Mitchell,NO,3,LEISURE,1,DESK,black,blue,tone_1,blue
P10324,Jasleen,Ryan,NO,1,LEISURE,0,KIOSK,brunette,black,tone_2,olive+green
P10325,Charlotte,Smith,NO,3,SOLO,1,DESK,black_f,black,tone_6,suit
P10326,Sam,Grant,YES,9,LEISURE,1,ONLINE,brunette_f,blue,tone_2,olive+green
P10327,Bethany,Kaur,YES,5,BUSINESS,1,DESK,brunette_f,black,tone_3,red
P10328,Luke,Davies,YES,8,BUSINESS,2,ONLINE,black,blue,tone_3,red
P10329,Malik,Durand,NO,1,LEISURE,0,ONLINE,black,black,tone_4,red
P10330,Abena,Carter,NO,1,FAMILY,2,DESK,blonde_f,black,tone_1,olive+green
P10331,Minji,Schmidt,YES,8,FAMILY,3,KIOSK,blonde,blue,tone_5,suit
P10332,Karim,Williams,NO,2,FAMILY,2,DESK,brunette_f,blue,tone_4,blue
P10333,Giulia,Yoon,YES,8,LEISURE,1,DESK,black,blue,tone_6,red
P10334,Yasmin,Khan,NO,2,FAMILY,1,DESK,blonde,black,tone_3,blue
P10335,Kenji,Huang,NO,1,FAMILY,2,DESK,brunette_f,blue,tone_6,blue
P10336,Jun,Sandhu,NO,1,BUSINESS,1,DESK,black_f,black,tone_5,blue
P10337,Louis,Moretti,YES,6,LEISURE,1,KIOSK,blonde,black,tone_5,olive+green
P10338,Nadia,Young,NO,3,BUSINESS,0,KIOSK,brunette,black,tone_3,red
P10339,Ahmed,Russell,NO,3,SOLO,2,KIOSK,black_f,black,tone_4,red
P10340,Kojo,Wisniewski,NO,1,LEISURE,1,ONLINE,black,blue,tone_4,suit
P10341,Aditya,Garcia,NO,2,LEISURE,1,KIOSK,brunette_f,blue,tone_3,blue
P10342,Victoria,Iyer,NO,2,LEISURE,1,KIOSK,brunette_f,black,tone_1,red
P10343,Avery,Sharma,NO,2,LEISURE,1,DESK,brunette,black,tone_4,olive+green
P10344,Gurpreet,Parker,NO,3,SOLO,2,ONLINE,brunette_f,black,tone_4,blue
P10345,Meera,Richards,NO,1,BUSINESS,0,ONLINE,brunette_f,blue,tone_1,olive+green
P10346,Riya,Bernard,NO,1,LEISURE,1,KIOSK,black_f,blue,tone_1,red
P10347,Leon,Zhou,NO,1,LEISURE,0,KIOSK,black_f,black,tone_1,blue
P10348,Grace,Walker,NO,1,BUSINESS,0,ONLINE,blonde_f,blue,tone_2,suit
P10349,Samir,Huang,NO,2,SOLO,0,KIOSK,black_f,black,tone_3,olive+green
P10350,Mei,Rao,YES,5,LEISURE,1,ONLINE,black,blue,tone_5,suit
P10351,Aarav,Iqbal,NO,1,SOLO,0,KIOSK,brunette,black,tone_1,olive+green
P10352,Neil,Malhotra,YES,9,LEISURE,1,KIOSK,brunette_f,black,tone_5,blue
P10353,Minh,Jimenez,NO,2,FAMILY,2,KIOSK,brunette_f,blue,tone_1,suit
P10354,Layla,Lewandowski,NO,2,LEISURE,1,KIOSK,blonde_f,black,tone_2,blue
P10355,Noor,Kone,NO,2,FAMILY,2,ONLINE,black,blue,tone_3,suit
P10356,Karan,Nair,NO,1,LEISURE,1,ONLINE,brunette,blue,tone_4,blue
P10357,Mia,Diallo,NO,1,SOLO,2,DESK,black_f,blue,tone_4,suit
P10358,Henry,Russell,NO,2,FAMILY,2,DESK,black,blue,tone_6,olive+green
P10359,Declan,Chopra,NO,3,FAMILY,3,DESK,black,black,tone_5,olive+green
P10360,Sebastian,Tran,NO,1,LEISURE,1,KIOSK,blonde_f,black,tone_3,red
P10361,Jaspreet,Saleh,NO,2,LEISURE,0,KIOSK,black,blue,tone_1,blue
P10362,Salma,Russell,NO,2,FAMILY,3,KIOSK,black,black,tone_1,red
P10363,Sakura,Ali,NO,3,FAMILY,1,DESK,blonde,black,tone_4,blue
P10364,Salma,Yamamoto,YES,5,LEISURE,2,DESK,black_f,black,tone_5,red
P10365,Jonas,Sidhu,NO,1,BUSINESS,1,DESK,blonde,blue,tone_4,red
P10366,Adam,Robinson,NO,2,LEISURE,1,ONLINE,blonde_f,blue,tone_5,red
P10367,George,Carter,NO,3,BUSINESS,0,ONLINE,blonde_f,blue,tone_3,olive+green
P10368,Ren,Balogun,NO,1,SOLO,1,DESK,black,black,tone_4,red
P10369,Ayana,Huynh,NO,1,BUSINESS,1,ONLINE,blonde,blue,tone_2,suit
P10370,Lily,Murphy,YES,9,LEISURE,1,DESK,black_f,black,tone_6,olive+green
P10371,Nadia,Dhillon,NO,3,LEISURE,0,ONLINE,brunette_f,blue,tone_2,blue
P10372,Harry,Gill,NO,3,FAMILY,3,DESK,blonde,black,tone_1,olive+green
P10373,Alessia,Walsh,NO,1,BUSINESS,0,ONLINE,brunette_f,blue,tone_6,red
P10374,Navdeep,Doyle,NO,1,LEISURE,1,ONLINE,black,blue,tone_3,blue
P10375,Jonas,Jung,NO,2,LEISURE,0,KIOSK,brunette,blue,tone_3,blue
P10376,Poppy,Gomez,NO,1,LEISURE,1,ONLINE,blonde,black,tone_1,red
P10377,Emilia,Le,NO,1,LEISURE,1,ONLINE,black,black,tone_4,olive+green
P10378,Kabir,Liu,NO,1,FAMILY,2,DESK,brunette,black,tone_5,olive+green
P10379,Priya,Phan,NO,1,LEISURE,0,DESK,brunette,black,tone_6,blue
P10380,Giulia,Zhou,NO,1,LEISURE,1,ONLINE,black,blue,tone_4,suit
P10381,Theo,Cho,YES,6,LEISURE,1,ONLINE,black_f,blue,tone_1,blue
P10382,Ananya,Jung,NO,1,LEISURE,1,KIOSK,blonde,blue,tone_3,blue
P10383,Violet,Kaminski,NO,2,BUSINESS,1,KIOSK,black_f,black,tone_5,suit
P10384,Aiko,Phan,NO,2,LEISURE,1,KIOSK,blonde_f,black,tone_5,red
P10385,Thao,Bui,NO,3,BUSINESS,0,DESK,blonde_f,blue,tone_2,olive+green
P10386,Tunde,Tanaka,NO,1,BUSINESS,1,ONLINE,blonde,black,tone_2,red
P10387,Georgia,Suzuki,NO,1,LEISURE,1,ONLINE,brunette,blue,tone_4,red
P10388,Joon,Anderson,NO,2,SOLO,1,DESK,blonde_f,blue,tone_3,red
P10389,Luca,Zhang,YES,8,LEISURE,1,ONLINE,black,blue,tone_4,red
P10390,James,Agyeman,NO,3,SOLO,2,ONLINE,blonde_f,black,tone_5,blue
P10391,Benjamin,Nasser,YES,6,LEISURE,0,KIOSK,black_f,black,tone_3,olive+green
P10392,Simran,Zhou,NO,2,LEISURE,1,DESK,brunette,black,tone_3,suit
P10393,Ngozi,Iyer,YES,5,LEISURE,1,DESK,brunette,black,tone_1,red
P10394,Ananya,Suzuki,NO,3,BUSINESS,0,ONLINE,blonde_f,blue,tone_5,suit
P10395,Imran,Young,NO,1,FAMILY,3,DESK,blonde,black,tone_3,red
P10396,Charlotte,Lee,NO,1,BUSINESS,1,ONLINE,blonde,black,tone_4,olive+green
P10397,Matteo,White,NO,2,FAMILY,1,DESK,brunette,black,tone_2,suit
P10398,Dev,Reddy,NO,2,LEISURE,1,DESK,black_f,blue,tone_1,blue
P10399,Zain,Bernard,NO,1,SOLO,1,ONLINE,blonde,blue,tone_3,olive+green
P10400,Chiara,Evans,NO,1,BUSINESS,1,KIOSK,black,blue,tone_4,red
P10401,Ruby,Howard,NO,3,BUSINESS,0,ONLINE,black_f,black,tone_6,red
P10402,Henry,Gomez,NO,1,BUSINESS,0,ONLINE,blonde,black,tone_1,suit
P10403,Kwame,Wilson,NO,2,BUSINESS,1,ONLINE,blonde,blue,tone_1,olive+green
P10404,Leo,Mahmood,NO,3,BUSINESS,1,ONLINE,blonde_f,black,tone_1,blue
P10405,Charlotte,Fischer,YES,10,FAMILY,2,KIOSK,blonde,blue,tone_2,suit
P10406,Alex,Adeyemi,NO,1,LEISURE,1,ONLINE,black,black,tone_6,olive+green
P10407,Muhammad,Nowak,YES,7,SOLO,1,ONLINE,blonde_f,black,tone_5,red
P10408,Joon,Jones,YES,10,LEISURE,1,ONLINE,black,blue,tone_4,blue
P10409,Eoin,Balogun,YES,10,LEISURE,0,DESK,black,blue,tone_6,suit
P10410,Ananya,Watanabe,NO,1,LEISURE,0,ONLINE,blonde,blue,tone_6,blue
P10411,Reyansh,Moreau,NO,1,SOLO,0,DESK,blonde,blue,tone_3,suit
P10412,Imani,Kelly,NO,1,BUSINESS,0,ONLINE,blonde_f,blue,tone_1,olive+green
P10413,Hana,Bianchi,NO,1,LEISURE,1,DESK,blonde_f,black,tone_3,olive+green
P10414,Imran,Sanchez,NO,3,LEISURE,1,ONLINE,blonde_f,black,tone_4,red
P10415,Hassan,Kapoor,NO,3,LEISURE,1,DESK,blonde_f,blue,tone_1,blue
P10416,Aditya,Xu,YES,6,LEISURE,1,DESK,black,black,tone_1,red
P10417,Bethany,Evans,NO,3,SOLO,1,ONLINE,blonde_f,blue,tone_5,olive+green
P10418,Grace,Ali,NO,2,FAMILY,2,KIOSK,blonde,black,tone_1,red
P10419,Isla,Gallagher,NO,3,LEISURE,1,ONLINE,brunette,black,tone_4,suit
P10420,Quang,Shah,NO,1,BUSINESS,0,ONLINE,brunette,blue,tone_5,blue
P10421,Michael,Bernard,NO,3,SOLO,2,DESK,brunette_f,blue,tone_6,blue
P10422,Isla,Richards,NO,1,LEISURE,1,ONLINE,black_f,blue,tone_1,suit
P10423,Nadia,Kelly,NO,1,SOLO,1,ONLINE,black,black,tone_3,suit
P10424,Faris,Mahmood,NO,1,LEISURE,1,ONLINE,blonde,black,tone_5,suit
P10425,Aoife,Walker,NO,2,SOLO,1,ONLINE,brunette_f,black,tone_5,suit
P10426,Reyansh,Adeyemi,NO,1,BUSINESS,0,ONLINE,brunette,black,tone_6,blue
P10427,Zain,Gomez,NO,1,SOLO,1,ONLINE,black,black,tone_6,blue
P10428,Ryan,Francis,YES,7,FAMILY,2,ONLINE,brunette,blue,tone_1,red
P10429,Ama,Durand,NO,1,FAMILY,3,DESK,brunette,black,tone_3,olive+green
P10430,Mei,Walker,NO,2,LEISURE,2,ONLINE,blonde,black,tone_5,blue
P10431,Matteo,Ali,NO,1,BUSINESS,1,ONLINE,black,blue,tone_6,suit
P10432,Layla,Yang,YES,10,FAMILY,2,ONLINE,black,blue,tone_2,blue
P10433,Lena,Nguyen,NO,1,LEISURE,1,ONLINE,blonde,black,tone_3,olive+green
P10434,Nari,Hoang,NO,3,BUSINESS,1,ONLINE,brunette,blue,tone_1,blue
P10435,Taylor,Kaur,NO,1,LEISURE,1,KIOSK,black,blue,tone_6,olive+green
P10436,Jordan,Kone,NO,2,BUSINESS,1,ONLINE,blonde_f,black,tone_3,red
P10437,Mandeep,Garcia,NO,1,FAMILY,3,DESK,brunette,blue,tone_6,suit
P10438,Jamie,Schneider,NO,2,LEISURE,0,KIOSK,black_f,blue,tone_3,blue
P10439,Nathan,Mensah,NO,1,LEISURE,1,ONLINE,black,black,tone_6,red
P10440,Yuna,Ryan,NO,1,SOLO,1,ONLINE,black_f,blue,tone_4,blue
P10441,Isabella,Murphy,NO,2,LEISURE,1,ONLINE,brunette_f,blue,tone_2,suit
P10442,Diya,Ali,NO,1,FAMILY,1,KIOSK,black_f,black,tone_2,red
P10443,Grace,Romano,YES,6,BUSINESS,0,ONLINE,brunette_f,black,tone_3,red
P10444,Noah,Patel,NO,1,FAMILY,2,ONLINE,brunette_f,blue,tone_1,olive+green
P10445,Jasleen,Diallo,NO,1,LEISURE,1,ONLINE,blonde,black,tone_1,red
P10446,Hugo,Morgan,YES,7,BUSINESS,0,ONLINE,blonde_f,black,tone_3,blue
P10447,Ananya,Brown,NO,2,FAMILY,3,KIOSK,brunette,blue,tone_1,blue
P10448,Krish,Tran,NO,1,LEISURE,1,ONLINE,brunette,black,tone_6,olive+green
P10449,Oscar,Robinson,YES,8,LEISURE,0,KIOSK,black_f,blue,tone_5,olive+green
P10450,Alex,Ito,NO,2,FAMILY,3,DESK,blonde,black,tone_3,olive+green
P10451,Jaspreet,Wisniewski,NO,1,LEISURE,1,DESK,brunette_f,black,tone_1,olive+green
P10452,Noor,Williams,YES,6,LEISURE,1,DESK,blonde_f,black,tone_2,red
P10453,Luca,Diallo,NO,1,LEISURE,1,KIOSK,black,blue,tone_6,red
P10454,Aanya,Gill,NO,2,LEISURE,1,ONLINE,brunette_f,black,tone_3,blue
P10455,Soyeon,Grant,YES,7,LEISURE,1,DESK,blonde_f,black,tone_6,olive+green
P10456,Minh,Reed,NO,1,LEISURE,1,KIOSK,blonde,black,tone_2,suit
P10457,Ibrahim,Moreau,NO,3,LEISURE,0,KIOSK,blonde_f,black,tone_2,suit
P10458,Arthur,Schneider,NO,2,FAMILY,1,ONLINE,black_f,black,tone_6,olive+green
P10459,Harpreet,Fofana,NO,3,SOLO,1,KIOSK,black_f,black,tone_5,olive+green
P10460,Emily,Walsh,NO,2,SOLO,1,DESK,brunette_f,blue,tone_3,olive+green
P10461,Harpreet,Mahmood,NO,2,LEISURE,1,ONLINE,blonde_f,black,tone_3,red
P10462,Ming,Collins,NO,1,LEISURE,1,ONLINE,brunette_f,blue,tone_5,blue
P10463,Ming,Roberts,NO,2,LEISURE,0,DESK,blonde_f,black,tone_4,olive+green
P10464,Bao,Garcia,NO,1,FAMILY,2,KIOSK,brunette,black,tone_2,olive+green
P10465,Reyansh,Murphy,NO,1,BUSINESS,1,ONLINE,brunette_f,blue,tone_3,red
P10466,Charlie,Clarke,NO,2,BUSINESS,0,ONLINE,black_f,blue,tone_6,red
P10467,Manon,Kapoor,YES,6,SOLO,1,ONLINE,brunette_f,black,tone_1,suit
P10468,William,Fofana,YES,9,FAMILY,3,DESK,blonde_f,black,tone_6,blue
P10469,Ishaan,Malhotra,NO,3,BUSINESS,1,KIOSK,black,blue,tone_5,red
P10470,Tariq,Shah,NO,1,LEISURE,1,DESK,black,blue,tone_4,red
P10471,Ming,Sharma,NO,1,LEISURE,2,ONLINE,blonde,blue,tone_5,olive+green
P10472,Rohan,Choi,NO,2,LEISURE,1,DESK,black,black,tone_3,blue
P10473,Vivaan,Scott,YES,6,FAMILY,1,ONLINE,black,blue,tone_6,blue
P10474,Tao,Kaur,NO,1,SOLO,1,DESK,brunette,black,tone_5,olive+green
P10475,Anh,Francis,NO,1,LEISURE,0,ONLINE,black_f,blue,tone_6,olive+green
P10476,Chidi,Fischer,NO,2,LEISURE,1,KIOSK,black,blue,tone_4,red
P10477,Nia,Gill,NO,3,FAMILY,2,ONLINE,blonde_f,black,tone_5,suit
P10478,Sebastian,Bernard,NO,3,SOLO,2,KIOSK,brunette,black,tone_4,suit
P10479,Manon,Grant,NO,2,LEISURE,1,KIOSK,blonde,black,tone_5,red
P10480,Jules,Schneider,NO,2,LEISURE,1,DESK,black,black,tone_6,blue
P10481,Charlotte,Zhang,NO,1,LEISURE,2,DESK,blonde_f,blue,tone_5,suit
P10482,Nathan,Nwosu,NO,2,SOLO,1,DESK,black,black,tone_3,red
P10483,James,Adeyemi,NO,1,LEISURE,1,ONLINE,blonde,black,tone_3,olive+green
P10484,Phoebe,Parker,NO,3,LEISURE,2,DESK,blonde,black,tone_4,suit
P10485,Nia,Vu,NO,2,BUSINESS,0,ONLINE,brunette,blue,tone_2,blue
P10486,Phoebe,Gomez,NO,3,LEISURE,1,ONLINE,black_f,black,tone_1,olive+green
P10487,Jun,Boateng,NO,2,LEISURE,0,KIOSK,black,black,tone_2,suit
P10488,Reyansh,Brar,NO,1,LEISURE,1,DESK,black,blue,tone_3,olive+green
P10489,Amelia,Conti,NO,2,FAMILY,2,DESK,brunette,black,tone_3,blue
P10490,Nisha,Verma,NO,3,BUSINESS,1,ONLINE,blonde,blue,tone_1,suit
P10491,Yuki,Johnson,NO,2,FAMILY,2,DESK,blonde_f,black,tone_6,blue
P10492,Bao,Tran,NO,1,SOLO,1,DESK,brunette,black,tone_3,blue
P10493,Muhammad,Gill,NO,2,LEISURE,1,ONLINE,blonde,blue,tone_6,olive+green
P10494,Mateo,Anderson,NO,2,LEISURE,0,DESK,black,blue,tone_4,blue
P10495,Trang,Rodriguez,NO,3,LEISURE,0,KIOSK,black_f,blue,tone_2,red
P10496,Jian,Gill,NO,2,FAMILY,2,DESK,brunette,black,tone_3,red
P10497,George,Fofana,YES,9,SOLO,1,ONLINE,brunette_f,blue,tone_3,blue
P10498,Quang,Collins,NO,2,BUSINESS,0,KIOSK,brunette,blue,tone_6,red
P10499,Oscar,Muller,YES,10,LEISURE,1,ONLINE,blonde,blue,tone_6,olive+green
P10500,Orla,Francis,YES,8,LEISURE,1,DESK,brunette_f,black,tone_5,olive+green
P10501,Salma,Owusu,YES,10,LEISURE,0,KIOSK,blonde,black,tone_1,red
P10502,Ren,Chopra,NO,1,LEISURE,1,KIOSK,blonde_f,blue,tone_3,olive+green
P10503,Yasmin,Chen,NO,1,LEISURE,1,ONLINE,brunette,black,tone_5,suit
P10504,Benjamin,Roberts,NO,1,LEISURE,1,ONLINE,brunette,black,tone_6,suit
P10505,Tariq,Haddad,NO,1,BUSINESS,1,ONLINE,blonde_f,black,tone_3,red
P10506,Anja,Wang,YES,8,SOLO,1,KIOSK,black,blue,tone_4,suit
P10507,Arnav,Wisniewski,NO,3,FAMILY,1,ONLINE,blonde_f,blue,tone_1,blue
P10508,Leon,Durand,NO,1,BUSINESS,0,ONLINE,black_f,black,tone_6,olive+green
P10509,Kofi,Kelly,YES,6,LEISURE,0,KIOSK,blonde_f,blue,tone_5,blue
P10510,Riya,Schneider,NO,1,FAMILY,3,DESK,black,blue,tone_3,suit
P10511,Ruby,Ryan,NO,3,FAMILY,2,KIOSK,blonde_f,blue,tone_6,suit
P10512,Sota,Kone,NO,1,BUSINESS,1,ONLINE,black,black,tone_4,olive+green
P10513,Chloe,Wilson,NO,2,LEISURE,1,ONLINE,brunette,black,tone_3,red
P10514,Niklas,Boateng,NO,1,LEISURE,0,KIOSK,blonde_f,black,tone_5,olive+green
P10515,Ade,Desai,NO,2,LEISURE,1,ONLINE,blonde_f,blue,tone_4,suit
P10516,Niamh,Garcia,NO,3,BUSINESS,0,DESK,brunette_f,blue,tone_6,blue
P10517,Obinna,Esposito,NO,3,LEISURE,1,ONLINE,black_f,blue,tone_2,red
P10518,Jonas,Nguyen,NO,2,BUSINESS,0,ONLINE,brunette_f,blue,tone_2,red
P10519,Lena,Lewandowski,NO,2,FAMILY,2,DESK,blonde_f,black,tone_3,red
P10520,Lucie,Byrne,NO,3,BUSINESS,0,ONLINE,black_f,blue,tone_5,blue
P10521,Dev,Kumar,YES,9,LEISURE,1,ONLINE,blonde,blue,tone_6,blue
P10522,Mei,Eze,NO,2,LEISURE,1,ONLINE,blonde,black,tone_1,blue
P10523,Benjamin,Schmidt,NO,3,FAMILY,2,DESK,black_f,black,tone_4,olive+green
P10524,Ama,Walker,YES,7,LEISURE,2,DESK,brunette,blue,tone_4,suit
P10525,Hyejin,Petit,YES,6,LEISURE,1,ONLINE,black_f,blue,tone_3,blue
P10526,Ayana,Bernard,NO,2,LEISURE,1,KIOSK,blonde,black,tone_2,red
P10527,Quang,Dhillon,NO,1,FAMILY,2,DESK,black_f,black,tone_3,suit
P10528,Gabriel,Baker,YES,5,SOLO,2,DESK,black_f,black,tone_2,red
P10529,Amina,Ryan,NO,2,FAMILY,2,DESK,brunette_f,blue,tone_1,blue
P10530,Amelia,Malhotra,NO,1,LEISURE,2,DESK,blonde,blue,tone_5,suit
P10531,Diya,Malik,NO,1,LEISURE,1,KIOSK,black_f,blue,tone_4,red
P10532,Greta,Diallo,NO,1,BUSINESS,0,ONLINE,brunette,blue,tone_2,blue
P10533,Leo,Toure,YES,6,LEISURE,1,ONLINE,black,black,tone_2,blue
P10534,Amrit,Thompson,NO,1,LEISURE,1,KIOSK,black,black,tone_5,olive+green
P10535,Yasmin,Zhang,NO,2,FAMILY,2,DESK,brunette,blue,tone_5,olive+green
P10536,Jack,Tanaka,NO,1,SOLO,1,DESK,black,blue,tone_1,blue
P10537,Matteo,Li,NO,2,LEISURE,2,DESK,black,black,tone_2,blue
P10538,Riley,Haddad,NO,2,LEISURE,1,DESK,blonde_f,blue,tone_3,olive+green
P10539,Wei,Weber,NO,1,SOLO,0,DESK,blonde,black,tone_1,red
P10540,Orla,Gill,NO,2,LEISURE,1,DESK,blonde,blue,tone_2,red
P10541,Mei,Muller,NO,1,LEISURE,1,ONLINE,black_f,blue,tone_2,red
P10542,Georgia,Hussain,NO,2,FAMILY,2,DESK,blonde_f,blue,tone_1,red
P10543,Phoebe,Sanchez,NO,1,LEISURE,0,DESK,blonde,black,tone_4,suit
P10544,Rin,Vu,NO,1,SOLO,0,DESK,black,black,tone_1,suit
P10545,Casey,Wisniewski,YES,6,LEISURE,1,KIOSK,black,black,tone_1,red
P10546,Aanya,Garcia,NO,1,LEISURE,1,ONLINE,black_f,black,tone_2,suit
P10547,Henry,Sandhu,NO,1,LEISURE,1,ONLINE,black_f,black,tone_4,red
P10548,Obinna,Scott,NO,1,LEISURE,2,DESK,black_f,blue,tone_4,olive+green
P10549,Kabir,Ferrari,NO,3,LEISURE,1,DESK,black_f,blue,tone_4,red
P10550,Abena,Saleh,NO,2,LEISURE,1,ONLINE,black,blue,tone_4,red
P10551,Krish,Wisniewski,NO,3,LEISURE,2,ONLINE,black_f,blue,tone_5,red
P10552,Imran,Esposito,NO,2,LEISURE,1,KIOSK,brunette_f,blue,tone_1,olive+green
P10553,Hyejin,Bui,NO,1,LEISURE,1,ONLINE,blonde,blue,tone_4,red
P10554,Navdeep,Rossi,NO,1,BUSINESS,1,ONLINE,black_f,black,tone_4,olive+green
P10555,Ella,Howard,NO,1,SOLO,1,KIOSK,brunette_f,black,tone_1,red
P10556,Isha,Gill,NO,1,FAMILY,2,DESK,black_f,black,tone_5,red
P10557,Joon,Park,NO,3,FAMILY,3,DESK,blonde,black,tone_1,blue
P10558,Jaspreet,Owusu,NO,1,LEISURE,1,DESK,black,blue,tone_4,suit
P10559,Tomasz,Lee,NO,1,LEISURE,1,KIOSK,black,blue,tone_6,olive+green
P10560,Alessia,Pham,NO,1,SOLO,1,KIOSK,blonde_f,black,tone_2,red
P10561,Henry,Jimenez,NO,1,LEISURE,0,ONLINE,blonde_f,black,tone_6,blue
P10562,Tunde,Morgan,NO,1,FAMILY,2,KIOSK,brunette_f,blue,tone_6,blue
P10563,Hamza,Mansour,NO,1,FAMILY,1,KIOSK,blonde_f,blue,tone_2,suit
P10564,Arnav,Lopez,YES,5,FAMILY,3,ONLINE,brunette_f,blue,tone_4,suit
P10565,Minh,Siddiqui,YES,9,LEISURE,1,DESK,blonde_f,black,tone_4,blue
P10566,Minho,Nguyen,NO,2,LEISURE,1,ONLINE,blonde_f,blue,tone_5,blue
P10567,Simran,Conti,YES,6,BUSINESS,0,ONLINE,brunette_f,blue,tone_4,red
P10568,Salma,Jones,NO,1,FAMILY,3,ONLINE,brunette,blue,tone_6,suit
P10569,Kacper,Ruiz,NO,3,LEISURE,0,DESK,brunette,black,tone_5,olive+green
P10570,Oscar,Brown,NO,1,SOLO,2,DESK,black,blue,tone_3,red
P10571,Gurpreet,Adams,NO,3,LEISURE,1,DESK,brunette_f,black,tone_6,red
P10572,Nadia,Yamamoto,YES,8,LEISURE,1,ONLINE,black_f,blue,tone_6,olive+green
P10573,Georgia,Akhtar,NO,2,LEISURE,0,DESK,brunette,blue,tone_3,blue
P10574,Sophia,Mahmood,NO,1,SOLO,1,ONLINE,blonde,blue,tone_3,red
P10575,Trang,Jimenez,NO,1,BUSINESS,1,ONLINE,black_f,blue,tone_1,red
P10576,Mila,Saleh,NO,1,LEISURE,1,KIOSK,brunette_f,blue,tone_4,suit
P10577,Haruto,Bennett,NO,1,LEISURE,1,KIOSK,blonde,black,tone_4,suit
P10578,Violet,Owusu,NO,1,LEISURE,0,ONLINE,brunette,black,tone_2,red
P10579,Ming,Malhotra,NO,2,FAMILY,2,ONLINE,black_f,black,tone_5,olive+green
P10580,Jacob,Nguyen,YES,8,LEISURE,1,DESK,blonde_f,black,tone_5,red
P10581,Cian,Esposito,YES,5,LEISURE,1,KIOSK,black,blue,tone_6,suit
P10582,Harriet,Watanabe,NO,1,LEISURE,2,KIOSK,blonde_f,black,tone_4,red
P10583,Manon,Martinez,NO,2,LEISURE,1,ONLINE,black,black,tone_3,blue
P10584,Hao,Zhou,NO,3,LEISURE,1,KIOSK,brunette_f,blue,tone_4,red
P10585,Yusuf,Ryan,NO,1,LEISURE,0,KIOSK,black_f,black,tone_3,red
P10586,Samar,Leroy,NO,1,FAMILY,2,KIOSK,blonde_f,blue,tone_2,olive+green
P10587,Ella,White,NO,1,LEISURE,1,ONLINE,black_f,blue,tone_1,olive+green
P10588,Nari,Zhou,NO,1,FAMILY,2,KIOSK,brunette_f,black,tone_6,olive+green
P10589,Mila,Dang,NO,3,SOLO,0,KIOSK,black,blue,tone_4,olive+green
P10590,Omar,Li,NO,1,SOLO,0,DESK,brunette_f,blue,tone_4,blue
P10591,Amina,Balogun,NO,3,BUSINESS,1,KIOSK,black_f,black,tone_1,suit
P10592,Riley,Doyle,NO,1,SOLO,1,ONLINE,brunette_f,blue,tone_4,suit
P10593,Cian,Baker,NO,3,SOLO,1,DESK,brunette,blue,tone_6,suit
P10594,Theo,Grant,NO,2,FAMILY,1,KIOSK,brunette_f,black,tone_3,suit
P10595,Phoebe,Martinez,NO,1,LEISURE,1,DESK,brunette,blue,tone_4,olive+green
P10596,Greta,Tran,NO,2,FAMILY,3,KIOSK,black,blue,tone_6,olive+green
P10597,Veer,Ruiz,YES,6,LEISURE,1,KIOSK,blonde_f,black,tone_1,blue
P10598,Imran,Williams,YES,7,SOLO,2,ONLINE,black,black,tone_2,olive+green
P10599,Noah,Malik,NO,2,FAMILY,3,KIOSK,black_f,black,tone_1,olive+green
P10600,Johanna,Dang,NO,3,LEISURE,1,DESK,blonde_f,black,tone_2,suit
P10601,Tomasz,Jackson,NO,1,FAMILY,2,DESK,brunette,black,tone_4,red
P10602,Casey,Kang,NO,2,LEISURE,2,KIOSK,brunette,blue,tone_4,red
P10603,Malik,Bennett,NO,1,SOLO,1,DESK,blonde,black,tone_6,blue
P10604,Amelia,Phan,YES,7,FAMILY,2,DESK,blonde_f,black,tone_4,blue
P10605,Johanna,Garcia,NO,2,FAMILY,2,ONLINE,black_f,blue,tone_3,red
P10606,Bethany,Khan,NO,1,LEISURE,1,ONLINE,blonde_f,black,tone_2,red
P10607,Vivaan,Owusu,NO,1,LEISURE,1,DESK,black_f,blue,tone_1,blue
P10608,Aoife,Takahashi,NO,1,SOLO,1,DESK,blonde_f,black,tone_2,blue
P10609,Samir,Jimenez,NO,1,LEISURE,1,DESK,blonde_f,blue,tone_3,blue
P10610,Morgan,O'Brien,NO,2,SOLO,1,DESK,brunette_f,black,tone_1,red
P10611,Krish,Chopra,NO,2,LEISURE,2,DESK,brunette_f,black,tone_4,suit
P10612,Hannah,Thomas,NO,1,BUSINESS,1,ONLINE,brunette_f,blue,tone_1,blue
P10613,Jian,Mensah,YES,7,LEISURE,1,ONLINE,blonde,blue,tone_3,blue
P10614,Manon,Nwosu,NO,2,BUSINESS,0,ONLINE,black_f,black,tone_6,olive+green
P10615,Reyansh,Reddy,NO,2,LEISURE,0,KIOSK,black_f,blue,tone_3,olive+green
P10616,Cameron,Kowalski,NO,2,LEISURE,0,ONLINE,black,blue,tone_4,blue
P10617,Niamh,Desai,NO,1,BUSINESS,1,KIOSK,black,blue,tone_5,blue
P10618,Alex,Sharma,NO,2,LEISURE,1,KIOSK,black_f,black,tone_5,olive+green
P10619,Jisoo,Chopra,NO,3,LEISURE,1,KIOSK,blonde,black,tone_2,olive+green
P10620,Nisha,Bennett,YES,10,SOLO,1,DESK,black,black,tone_2,blue
P10621,Ngozi,Gill,NO,3,FAMILY,3,DESK,black,black,tone_3,olive+green
P10622,James,Malik,NO,1,LEISURE,1,KIOSK,black,black,tone_4,suit
P10623,Lily,Mansour,YES,9,LEISURE,1,ONLINE,black_f,blue,tone_3,suit
P10624,Ava,Bennett,NO,1,LEISURE,1,ONLINE,blonde_f,black,tone_3,suit
P10625,Noah,Bailey,YES,5,BUSINESS,0,DESK,blonde,black,tone_2,olive+green
P10626,Lena,Nowak,NO,1,BUSINESS,0,ONLINE,blonde_f,black,tone_1,red
P10627,Imran,Anderson,NO,3,FAMILY,3,DESK,brunette,blue,tone_4,olive+green
P10628,Zain,Thompson,NO,3,LEISURE,1,ONLINE,blonde,black,tone_4,red
P10629,Santiago,Tran,NO,1,BUSINESS,1,ONLINE,black_f,blue,tone_1,olive+green
P10630,Obinna,O'Brien,NO,1,LEISURE,1,KIOSK,brunette,black,tone_1,blue
P10631,Emily,Ito,YES,7,LEISURE,1,DESK,black_f,black,tone_2,blue
P10632,Mandeep,Kumar,NO,2,SOLO,1,ONLINE,brunette_f,black,tone_3,red
P10633,Soyeon,Garcia,NO,1,LEISURE,1,ONLINE,blonde,black,tone_6,red
P10634,Nia,Bamba,NO,2,LEISURE,1,DESK,brunette_f,blue,tone_6,olive+green
P10635,Jack,Choi,NO,1,SOLO,1,KIOSK,brunette_f,blue,tone_1,olive+green
P10636,Charlotte,Fofana,NO,1,SOLO,1,KIOSK,brunette,blue,tone_4,blue
P10637,Lily,Sidhu,YES,8,LEISURE,0,ONLINE,brunette,black,tone_4,olive+green
P10638,Arnav,Francis,NO,2,LEISURE,2,ONLINE,brunette,blue,tone_2,blue
P10639,Simran,Jung,YES,5,BUSINESS,1,ONLINE,blonde_f,blue,tone_3,olive+green
P10640,Emily,Romano,NO,1,FAMILY,2,DESK,brunette,blue,tone_3,olive+green
P10641,Kenji,Walker,NO,2,LEISURE,0,KIOSK,black,blue,tone_2,blue
P10642,Hana,Dhillon,NO,3,FAMILY,2,ONLINE,blonde_f,black,tone_3,olive+green
P10643,Emily,Chen,YES,10,FAMILY,2,DESK,blonde,black,tone_6,red
P10644,Sophie,Kaminski,YES,10,LEISURE,1,DESK,black,blue,tone_4,red
P10645,Avery,Lewandowski,YES,8,BUSINESS,1,ONLINE,blonde_f,blue,tone_4,olive+green
P10646,Trang,Li,NO,2,SOLO,1,KIOSK,black_f,blue,tone_5,blue
P10647,Chloe,Nowak,NO,2,LEISURE,1,DESK,brunette,blue,tone_5,red
P10648,Ronan,Campbell,NO,1,LEISURE,2,KIOSK,brunette,black,tone_6,olive+green
P10649,Ishaan,Kang,NO,2,BUSINESS,0,ONLINE,brunette,black,tone_2,red
P10650,Reyansh,Singh,NO,1,LEISURE,1,DESK,black_f,blue,tone_3,blue
P10651,Rin,Kapoor,YES,6,LEISURE,1,KIOSK,black,blue,tone_1,olive+green
P10652,Victoria,Perez,NO,1,LEISURE,1,DESK,blonde,blue,tone_1,olive+green
P10653,Alex,Brar,NO,1,LEISURE,1,DESK,black,blue,tone_4,red
P10654,Jakub,Diallo,NO,1,FAMILY,1,ONLINE,black,blue,tone_2,olive+green
P10655,Harry,Martinez,YES,10,LEISURE,2,ONLINE,black,black,tone_4,blue
P10656,Sebastian,Tanaka,NO,1,LEISURE,1,ONLINE,black_f,blue,tone_3,blue
P10657,Sebastian,Murphy,NO,2,SOLO,0,KIOSK,black,black,tone_3,red
P10658,Veer,Mitchell,NO,2,FAMILY,2,DESK,blonde,blue,tone_4,olive+green
P10659,Nari,Okafor,YES,10,LEISURE,0,DESK,brunette_f,black,tone_6,red
P10660,Simran,Boateng,YES,7,BUSINESS,1,ONLINE,blonde,black,tone_6,suit
P10661,Lily,Agyeman,NO,2,FAMILY,2,KIOSK,black,blue,tone_1,red
P10662,Ayana,Howard,YES,8,FAMILY,3,DESK,blonde,blue,tone_1,blue
P10663,Ayana,Sow,NO,1,BUSINESS,0,ONLINE,black,blue,tone_6,red
P10664,Linh,Carter,NO,1,BUSINESS,1,ONLINE,brunette_f,black,tone_5,suit
P10665,Amara,Wright,NO,3,FAMILY,2,DESK,blonde_f,blue,tone_1,suit
P10666,Mandeep,Joshi,NO,2,FAMILY,2,DESK,brunette,blue,tone_1,olive+green
P10667,Alejandro,Brar,NO,2,BUSINESS,1,ONLINE,brunette,blue,tone_4,olive+green
P10668,Matteo,Romano,NO,1,SOLO,1,DESK,brunette_f,black,tone_4,red
P10669,Camila,Iyer,NO,2,BUSINESS,0,ONLINE,blonde_f,black,tone_3,suit
P10670,Alejandro,Hall,NO,1,BUSINESS,1,DESK,brunette,black,tone_2,suit
P10671,Rin,Okafor,NO,3,FAMILY,1,KIOSK,black,black,tone_4,blue
P10672,Minji,Mehta,NO,1,LEISURE,1,ONLINE,black,blue,tone_1,suit
P10673,Navdeep,Dubois,YES,6,BUSINESS,2,ONLINE,black,black,tone_6,blue
P10674,Arjun,Ali,NO,1,LEISURE,0,ONLINE,black_f,black,tone_4,blue
P10675,Vivaan,Tanaka,NO,1,LEISURE,1,KIOSK,blonde,black,tone_2,blue
P10676,Santiago,Zhang,NO,1,SOLO,1,ONLINE,blonde_f,blue,tone_5,blue
P10677,Meera,Traore,NO,2,BUSINESS,1,ONLINE,brunette_f,black,tone_1,olive+green
P10678,Bilal,Moreau,NO,2,LEISURE,2,KIOSK,brunette,black,tone_6,blue
P10679,Kavya,Malhotra,NO,2,LEISURE,1,DESK,blonde_f,black,tone_6,olive+green
P10680,Ruby,Gupta,NO,3,LEISURE,1,KIOSK,blonde_f,black,tone_6,olive+green
P10681,Ayana,Li,NO,1,LEISURE,2,DESK,blonde,blue,tone_1,olive+green
P10682,Akira,Doyle,NO,2,BUSINESS,2,ONLINE,blonde,blue,tone_6,blue
P10683,Adwoa,Suzuki,NO,1,LEISURE,1,KIOSK,brunette_f,black,tone_1,blue
P10684,Charlotte,Bamba,NO,3,FAMILY,3,ONLINE,black_f,black,tone_5,suit
P10685,Emily,Owusu,NO,2,BUSINESS,1,ONLINE,blonde_f,black,tone_6,blue
P10686,Simran,Muller,NO,1,LEISURE,2,KIOSK,black_f,black,tone_2,blue
P10687,Eoin,Agyeman,NO,1,LEISURE,2,DESK,brunette,black,tone_2,red
P10688,Lucie,Kapoor,NO,2,BUSINESS,1,ONLINE,blonde,black,tone_5,olive+green
P10689,Joon,Chopra,NO,1,BUSINESS,1,DESK,brunette_f,black,tone_2,olive+green
P10690,Quang,Gray,NO,1,LEISURE,0,DESK,blonde,blue,tone_6,olive+green
P10691,Minh,Smith,NO,2,BUSINESS,0,KIOSK,blonde_f,black,tone_4,blue
P10692,Yusuf,Siddiqui,YES,9,LEISURE,1,ONLINE,brunette_f,blue,tone_2,olive+green
P10693,Alejandro,Yoon,NO,3,FAMILY,1,DESK,blonde_f,black,tone_5,olive+green
P10694,Alex,Kapoor,NO,1,LEISURE,1,KIOSK,black,blue,tone_5,blue
P10695,Emily,Muller,NO,2,FAMILY,2,ONLINE,blonde,blue,tone_6,blue
P10696,Niamh,Murphy,NO,3,LEISURE,1,ONLINE,brunette_f,blue,tone_1,blue
P10697,David,Pham,YES,5,LEISURE,2,KIOSK,black_f,blue,tone_5,red
P10698,Kojo,Conti,YES,10,BUSINESS,0,ONLINE,brunette_f,black,tone_2,suit
P10699,Leon,Owusu,NO,3,LEISURE,0,ONLINE,black_f,black,tone_1,blue
P10700,Alessia,Yang,NO,1,FAMILY,1,ONLINE,brunette_f,black,tone_1,blue
P10701,Kacper,Shah,NO,2,BUSINESS,1,ONLINE,brunette_f,black,tone_4,red
P10702,Jasleen,Scott,NO,1,LEISURE,1,ONLINE,black_f,blue,tone_6,red
P10703,Femi,Schneider,NO,2,LEISURE,0,DESK,blonde_f,black,tone_3,suit
P10704,Minho,Verma,NO,2,SOLO,1,DESK,black_f,black,tone_5,olive+green
P10705,Manpreet,Brown,NO,1,LEISURE,1,KIOSK,brunette,blue,tone_2,olive+green
P10706,Priya,Bui,YES,8,FAMILY,3,KIOSK,black,blue,tone_2,olive+green
P10707,Chiara,Owusu,YES,6,LEISURE,1,ONLINE,brunette_f,black,tone_2,olive+green
P10708,Arthur,Rao,NO,3,SOLO,1,DESK,black,blue,tone_6,suit
P10709,Zuri,Williams,YES,10,LEISURE,1,KIOSK,blonde_f,blue,tone_3,suit
P10710,Daichi,Mansour,YES,8,BUSINESS,0,KIOSK,brunette_f,blue,tone_1,blue
P10711,Faris,Petit,NO,1,BUSINESS,0,DESK,black,black,tone_5,red
P10712,Samir,Collins,NO,2,LEISURE,1,ONLINE,blonde_f,blue,tone_4,red
P10713,Casey,Fofana,NO,2,FAMILY,2,DESK,black_f,black,tone_4,red
P10714,Kabir,Collins,NO,1,FAMILY,3,DESK,brunette,blue,tone_2,olive+green
P10715,Mila,Diallo,NO,1,LEISURE,1,ONLINE,black,black,tone_1,red
P10716,Jules,Doyle,NO,3,BUSINESS,0,ONLINE,black,black,tone_5,blue
P10717,Noah,Adams,NO,1,LEISURE,1,DESK,blonde_f,blue,tone_3,red
P10718,Kacper,Kone,NO,1,SOLO,1,KIOSK,brunette_f,blue,tone_4,suit
P10719,Isla,Zhou,YES,7,BUSINESS,1,ONLINE,black,black,tone_3,olive+green
P10720,Anja,Huynh,NO,3,BUSINESS,0,ONLINE,black_f,blue,tone_3,blue
P10721,Karim,Kaminski,YES,7,BUSINESS,1,ONLINE,blonde_f,black,tone_2,olive+green
P10722,Amelia,Williams,YES,6,SOLO,2,DESK,brunette,black,tone_4,blue
P10723,Jacob,Francis,NO,1,LEISURE,2,KIOSK,brunette_f,blue,tone_1,suit
P10724,Kacper,Mensah,NO,1,LEISURE,0,ONLINE,black_f,blue,tone_1,blue
P10725,Minh,Haddad,NO,1,LEISURE,1,DESK,brunette,blue,tone_4,suit
P10726,Sam,Sidhu,NO,2,FAMILY,2,ONLINE,black_f,blue,tone_1,suit
P10727,Harriet,Davies,NO,3,SOLO,0,ONLINE,black_f,black,tone_4,blue
P10728,Mateo,Jones,NO,3,FAMILY,3,KIOSK,brunette,blue,tone_4,suit
P10729,Sam,Stewart,NO,2,LEISURE,2,ONLINE,black_f,blue,tone_3,red
P10730,Casey,Moreau,NO,3,LEISURE,2,ONLINE,black,black,tone_2,red
P10731,Ayana,Bailey,NO,1,FAMILY,2,ONLINE,brunette,blue,tone_6,red
P10732,Riley,Huang,NO,1,BUSINESS,0,ONLINE,black_f,blue,tone_1,olive+green
P10733,Oisin,Kaminski,NO,2,FAMILY,2,DESK,black_f,blue,tone_1,olive+green
P10734,George,Foster,NO,2,FAMILY,1,DESK,blonde_f,black,tone_6,olive+green
P10735,Neil,Romano,NO,1,SOLO,0,ONLINE,black,blue,tone_4,red
P10736,Olivia,Roberts,NO,3,BUSINESS,0,ONLINE,black,black,tone_2,suit
P10737,Noor,Huynh,NO,3,FAMILY,2,KIOSK,brunette,blue,tone_6,olive+green
P10738,Gurpreet,Robinson,NO,1,FAMILY,3,DESK,blonde,black,tone_2,red
P10739,Nhi,Francis,NO,2,SOLO,0,ONLINE,blonde,blue,tone_2,olive+green
P10740,David,Bianchi,NO,2,BUSINESS,1,KIOSK,blonde,black,tone_5,suit
P10741,Arnav,Liu,NO,2,BUSINESS,1,KIOSK,black_f,black,tone_3,suit
P10742,Kiet,Okafor,NO,1,LEISURE,1,DESK,black_f,blue,tone_6,blue
P10743,Kojo,Brar,NO,1,BUSINESS,0,ONLINE,brunette_f,blue,tone_5,olive+green
P10744,Alejandro,Iyer,NO,2,FAMILY,2,ONLINE,blonde,blue,tone_6,olive+green
P10745,Adam,Mitchell,NO,1,LEISURE,2,ONLINE,brunette_f,blue,tone_1,olive+green
P10746,Sebastian,Zielinski,NO,1,LEISURE,1,ONLINE,blonde_f,blue,tone_2,blue
P10747,Kabir,Kapoor,NO,1,FAMILY,2,DESK,black_f,blue,tone_5,suit
P10748,Tunde,Rahman,NO,3,BUSINESS,1,ONLINE,brunette,blue,tone_3,suit
P10749,Yasmin,Iyer,NO,1,LEISURE,0,ONLINE,brunette,black,tone_2,red
P10750,Karim,Durand,NO,1,FAMILY,3,DESK,black,blue,tone_2,blue
P10751,Ronan,Young,YES,5,SOLO,0,DESK,brunette_f,black,tone_6,suit
P10752,Ama,Rodriguez,NO,2,LEISURE,1,ONLINE,black,blue,tone_6,red
P10753,James,Nasser,NO,2,LEISURE,2,DESK,brunette_f,blue,tone_4,blue
P10754,Jasleen,Desai,NO,1,FAMILY,3,ONLINE,brunette,black,tone_3,blue
P10755,Michael,Evans,NO,1,FAMILY,2,ONLINE,blonde,black,tone_5,olive+green
P10756,Bilal,Mansour,NO,2,FAMILY,2,KIOSK,black,blue,tone_4,red
P10757,Zofia,Traore,NO,1,SOLO,1,KIOSK,brunette,black,tone_6,red
P10758,Thomas,Takahashi,YES,8,FAMILY,2,ONLINE,black_f,blue,tone_3,olive+green
P10759,Orla,Scott,NO,1,BUSINESS,0,ONLINE,black_f,blue,tone_1,blue
P10760,Riya,Le,NO,1,LEISURE,0,KIOSK,black,blue,tone_2,suit
P10761,Zain,Fischer,NO,2,LEISURE,1,KIOSK,brunette,black,tone_3,suit
P10762,Ahmed,Thompson,NO,3,LEISURE,1,ONLINE,blonde,black,tone_5,blue
P10763,Aoife,Akhtar,NO,2,BUSINESS,1,ONLINE,blonde,black,tone_3,suit
P10764,Ade,Russell,NO,1,SOLO,1,ONLINE,blonde,black,tone_1,olive+green
P10765,Alex,Grant,NO,1,SOLO,1,ONLINE,blonde,black,tone_5,red
P10766,Sophia,Wu,NO,2,SOLO,0,ONLINE,brunette,black,tone_4,olive+green
P10767,Anja,Hussain,NO,1,SOLO,1,ONLINE,brunette_f,black,tone_1,red
P10768,Jakub,Nwosu,NO,2,SOLO,1,ONLINE,blonde_f,blue,tone_3,red
P10769,Navdeep,Huynh,NO,3,LEISURE,1,ONLINE,brunette_f,black,tone_2,suit
P10770,Wei,Mehta,NO,1,LEISURE,2,DESK,black,black,tone_4,blue
P10771,Aarav,Kim,NO,2,BUSINESS,0,DESK,black,blue,tone_4,red
P10772,Adwoa,Wu,YES,7,SOLO,0,ONLINE,brunette,blue,tone_1,suit
P10773,Molly,Roberts,YES,7,LEISURE,0,DESK,black,blue,tone_6,blue
P10774,Jasleen,Sow,NO,1,FAMILY,1,DESK,brunette_f,black,tone_6,olive+green
P10775,Chiara,Kang,NO,1,LEISURE,0,DESK,black_f,black,tone_5,blue
P10776,Trang,Hoang,NO,1,SOLO,1,KIOSK,brunette_f,blue,tone_5,suit
P10777,Manpreet,Yamamoto,NO,1,BUSINESS,0,ONLINE,brunette_f,blue,tone_5,suit
P10778,Noah,Schneider,NO,1,BUSINESS,1,DESK,blonde_f,black,tone_3,suit
P10779,Isla,Pham,YES,5,BUSINESS,1,KIOSK,brunette,black,tone_1,red
P10780,Jian,Muller,NO,1,LEISURE,1,DESK,brunette_f,black,tone_1,suit
P10781,Kabir,Eze,YES,5,BUSINESS,0,ONLINE,black_f,blue,tone_2,blue
P10782,Meera,Huang,NO,1,LEISURE,1,KIOSK,brunette,blue,tone_6,suit
P10783,Camila,Kone,NO,1,LEISURE,1,KIOSK,blonde_f,blue,tone_6,blue
P10784,Aarav,Dang,NO,1,LEISURE,1,ONLINE,blonde,blue,tone_6,suit
P10785,Manon,Durand,NO,2,SOLO,1,ONLINE,black_f,blue,tone_2,olive+green
P10786,Niamh,Suzuki,NO,2,FAMILY,2,KIOSK,black,blue,tone_2,suit
P10787,Niklas,Anderson,NO,1,SOLO,1,KIOSK,black_f,black,tone_2,red
P10788,Yuna,Richards,NO,3,BUSINESS,0,ONLINE,brunette,blue,tone_5,blue
P10789,Molly,Petit,NO,2,LEISURE,0,ONLINE,black,black,tone_6,blue
P10790,Jules,Francis,NO,1,FAMILY,2,ONLINE,brunette_f,black,tone_3,olive+green
P10791,Bao,Ricci,NO,1,LEISURE,1,ONLINE,blonde_f,blue,tone_6,red
P10792,Jordan,Stewart,NO,1,SOLO,1,ONLINE,blonde,blue,tone_4,suit
P10793,Mei,Parker,NO,2,LEISURE,1,DESK,brunette_f,blue,tone_2,olive+green
P10794,Chiara,Jung,NO,1,BUSINESS,0,ONLINE,blonde_f,black,tone_2,red
P10795,Rin,Brar,NO,1,SOLO,1,KIOSK,black,black,tone_2,red
P10796,Neil,Dhillon,NO,1,BUSINESS,1,ONLINE,blonde,blue,tone_6,olive+green
P10797,Amrit,Balogun,NO,2,LEISURE,2,KIOSK,blonde_f,blue,tone_2,red
P10798,Yusuf,Khan,NO,1,FAMILY,2,DESK,black_f,blue,tone_4,blue
P10799,Aiko,Morgan,NO,1,FAMILY,2,DESK,black_f,blue,tone_1,suit
P10800,Aanya,Malhotra,NO,3,LEISURE,1,DESK,brunette_f,blue,tone_4,red
P10801,Theo,Kelly,NO,2,FAMILY,1,DESK,black,black,tone_2,red
P10802,Ronan,Perez,NO,2,LEISURE,1,ONLINE,black_f,black,tone_2,olive+green
P10803,Yusuf,Stewart,NO,1,LEISURE,0,DESK,brunette_f,black,tone_3,red
P10804,Casey,Jones,NO,1,LEISURE,1,DESK,brunette_f,black,tone_6,olive+green
P10805,Diego,Sanchez,YES,5,FAMILY,3,DESK,black_f,black,tone_6,red
P10806,Georgia,Shah,NO,3,SOLO,1,ONLINE,blonde,blue,tone_2,olive+green
P10807,Thao,Thompson,NO,1,FAMILY,2,DESK,brunette_f,black,tone_6,olive+green
P10808,Isla,Brar,YES,6,FAMILY,3,DESK,blonde_f,black,tone_3,olive+green
P10809,Eoin,Weber,NO,2,SOLO,0,ONLINE,brunette_f,blue,tone_3,olive+green
P10810,Joon,Smith,NO,1,LEISURE,2,DESK,blonde,blue,tone_3,red
P10811,Neil,Sanchez,NO,1,LEISURE,1,KIOSK,brunette,black,tone_1,olive+green
P10812,Khalid,Yang,NO,3,LEISURE,0,DESK,brunette,black,tone_2,olive+green
P10813,Noor,Young,YES,9,FAMILY,2,DESK,black,blue,tone_3,blue
P10814,Harpreet,Conti,YES,8,SOLO,1,KIOSK,brunette_f,blue,tone_2,olive+green
P10815,Omar,Kaur,NO,1,LEISURE,0,KIOSK,blonde_f,black,tone_2,red
P10816,Camille,Nair,NO,3,FAMILY,2,DESK,blonde_f,blue,tone_5,blue
P10817,Morgan,Dang,NO,3,FAMILY,2,DESK,black_f,blue,tone_1,blue
P10818,Hana,Dubois,NO,3,FAMILY,2,ONLINE,blonde,black,tone_1,blue
P10819,Rahul,Yang,NO,2,LEISURE,1,ONLINE,blonde,black,tone_3,red
P10820,Alejandro,Davies,NO,2,LEISURE,1,KIOSK,brunette,blue,tone_4,red
P10821,Felix,Shah,NO,3,BUSINESS,0,ONLINE,blonde_f,black,tone_6,olive+green
P10822,Kavya,Park,NO,1,LEISURE,1,DESK,black,blue,tone_1,blue
P10823,Ishaan,Sanchez,NO,1,BUSINESS,1,ONLINE,brunette_f,blue,tone_3,red
P10824,Rahul,Carter,YES,10,LEISURE,1,KIOSK,brunette_f,black,tone_6,red
P10825,Jacob,Yang,YES,10,LEISURE,1,ONLINE,blonde,black,tone_6,suit
P10826,Dhruv,Petit,NO,1,LEISURE,1,DESK,blonde_f,black,tone_2,red
P10827,Nadia,Phan,NO,3,BUSINESS,0,ONLINE,black,blue,tone_4,blue
P10828,Aarav,Desai,NO,2,SOLO,2,DESK,black_f,black,tone_5,blue
P10829,Taylor,Conti,NO,1,LEISURE,1,ONLINE,black,black,tone_2,olive+green
P10830,Matteo,Sanchez,NO,2,FAMILY,3,DESK,brunette_f,black,tone_3,blue
P10831,Jamie,Hoang,NO,1,FAMILY,2,DESK,brunette,black,tone_4,red
P10832,Amina,Petit,YES,9,BUSINESS,1,ONLINE,brunette_f,black,tone_2,blue
P10833,Mila,Garcia,NO,1,LEISURE,0,ONLINE,blonde,blue,tone_6,blue
P10834,Aanya,Gallagher,YES,7,LEISURE,1,ONLINE,brunette,blue,tone_4,red
P10835,Arjun,Wilson,NO,2,SOLO,1,KIOSK,brunette,black,tone_5,olive+green
P10836,Omar,Park,NO,1,LEISURE,1,DESK,black,blue,tone_2,suit
P10837,Hao,Carter,NO,2,FAMILY,2,DESK,brunette,blue,tone_5,red
P10838,Abena,Jones,NO,1,BUSINESS,0,DESK,brunette_f,blue,tone_5,olive+green
P10839,Taylor,Balogun,NO,2,LEISURE,1,KIOSK,brunette,blue,tone_3,blue
P10840,Noor,Bui,NO,1,SOLO,1,ONLINE,black_f,black,tone_4,olive+green
P10841,Harriet,Eze,YES,7,BUSINESS,0,DESK,black_f,black,tone_2,blue
P10842,Luca,Kang,NO,2,LEISURE,1,KIOSK,black,blue,tone_6,suit
P10843,Jakub,Kang,YES,9,FAMILY,2,DESK,blonde_f,blue,tone_2,blue
P10844,Diego,Yang,NO,2,FAMILY,3,KIOSK,brunette_f,blue,tone_4,suit
P10845,Jaspreet,Doyle,NO,2,BUSINESS,0,DESK,blonde,blue,tone_2,red
P10846,Bethany,Durand,NO,2,FAMILY,3,KIOSK,black_f,black,tone_1,olive+green
P10847,Kavya,Patel,NO,1,LEISURE,1,ONLINE,blonde,blue,tone_5,olive+green
P10848,Minji,Gupta,YES,9,FAMILY,3,ONLINE,blonde_f,blue,tone_5,suit
P10849,Hana,Schneider,NO,1,FAMILY,1,ONLINE,black,blue,tone_6,red
P10850,Jian,Kelly,YES,7,BUSINESS,1,ONLINE,black_f,black,tone_2,suit
P10851,Gurleen,Ito,NO,1,FAMILY,2,DESK,black_f,blue,tone_1,suit
P10852,Dhruv,Eze,NO,3,FAMILY,2,DESK,brunette,blue,tone_5,red
P10853,Vivaan,Grant,NO,2,SOLO,1,ONLINE,black,black,tone_2,olive+green
P10854,James,Evans,YES,6,BUSINESS,1,ONLINE,brunette_f,blue,tone_4,suit
P10855,Haruto,Martinez,NO,1,LEISURE,1,ONLINE,brunette_f,blue,tone_4,blue
P10856,Priya,Tanaka,NO,3,LEISURE,0,ONLINE,brunette_f,black,tone_4,blue
P10857,Cian,Malhotra,YES,9,LEISURE,1,ONLINE,black,blue,tone_3,suit
P10858,Declan,Verma,YES,7,SOLO,0,KIOSK,brunette,black,tone_4,blue
P10859,William,Brar,NO,1,LEISURE,0,KIOSK,blonde,blue,tone_3,red
P10860,Amara,Sharma,YES,8,LEISURE,1,ONLINE,blonde,blue,tone_1,blue
P10861,Luca,Russell,NO,1,BUSINESS,1,ONLINE,black,blue,tone_6,blue
P10862,Vihaan,Tran,YES,9,LEISURE,0,ONLINE,blonde,black,tone_2,blue
P10863,Thomas,Richards,NO,1,LEISURE,0,ONLINE,brunette_f,blue,tone_5,olive+green
P10864,Kofi,Johnson,NO,2,FAMILY,2,KIOSK,blonde,black,tone_5,red
P10865,Henry,Francis,YES,8,LEISURE,1,DESK,blonde,blue,tone_4,olive+green
P10866,Rohan,Okafor,NO,1,LEISURE,1,KIOSK,black_f,black,tone_5,suit
P10867,Jules,Choi,NO,1,SOLO,0,ONLINE,brunette,blue,tone_5,olive+green
P10868,Jisoo,Lewandowski,NO,2,SOLO,1,KIOSK,brunette_f,black,tone_5,suit
P10869,Nadia,Bernard,YES,7,LEISURE,1,ONLINE,brunette_f,black,tone_5,blue
P10870,Isla,Owusu,NO,1,SOLO,0,DESK,black_f,blue,tone_3,blue
P10871,Yuna,Schneider,NO,2,LEISURE,0,DESK,brunette_f,black,tone_2,suit
P10872,Yasmin,Rao,NO,1,BUSINESS,0,ONLINE,blonde_f,blue,tone_6,red
P10873,Emilia,Evans,NO,2,LEISURE,1,KIOSK,brunette,blue,tone_2,olive+green
P10874,Alejandro,Saleh,NO,1,FAMILY,1,DESK,brunette_f,blue,tone_3,suit
P10875,Theo,Thompson,NO,2,LEISURE,1,DESK,blonde_f,blue,tone_1,blue
P10876,Valentina,Ali,NO,1,BUSINESS,1,ONLINE,blonde_f,blue,tone_2,suit
P10877,Jonas,Yoon,NO,1,BUSINESS,1,ONLINE,blonde,black,tone_1,blue
P10878,Minho,Pham,YES,8,LEISURE,1,ONLINE,brunette_f,blue,tone_5,suit
P10879,Zofia,Brown,YES,7,FAMILY,1,DESK,brunette_f,blue,tone_2,red
P10880,Niamh,Pham,NO,1,LEISURE,1,KIOSK,black,blue,tone_6,red
P10881,Leo,Wu,NO,1,LEISURE,1,ONLINE,brunette,blue,tone_5,suit
P10882,Lily,Carter,NO,1,BUSINESS,1,ONLINE,black,blue,tone_3,olive+green
P10883,Amrit,Malik,YES,9,LEISURE,0,DESK,black,blue,tone_4,red
P10884,Ella,Kone,NO,3,BUSINESS,1,KIOSK,brunette_f,blue,tone_3,blue
P10885,Muhammad,Perez,YES,7,LEISURE,1,DESK,blonde,black,tone_5,suit
P10886,Jasleen,Nair,YES,8,FAMILY,2,DESK,black_f,blue,tone_6,olive+green
P10887,Yusuf,Jung,NO,3,LEISURE,1,KIOSK,brunette_f,blue,tone_2,blue
P10888,Aaliyah,Gupta,NO,1,FAMILY,3,DESK,black,black,tone_6,olive+green
P10889,Faris,Mitchell,YES,9,SOLO,1,KIOSK,blonde,blue,tone_6,red
P10890,Ngozi,Hoang,NO,2,FAMILY,2,ONLINE,blonde_f,blue,tone_1,olive+green
P10891,Nhi,Stewart,NO,2,BUSINESS,1,KIOSK,blonde_f,blue,tone_2,suit
P10892,Sophie,Kaur,NO,2,BUSINESS,1,ONLINE,black,blue,tone_5,suit
P10893,Emeka,Garcia,YES,10,FAMILY,2,KIOSK,brunette,blue,tone_5,blue
P10894,Linh,Joshi,NO,1,LEISURE,2,ONLINE,brunette_f,black,tone_5,olive+green
P10895,Tao,Akhtar,NO,3,LEISURE,1,KIOSK,blonde,blue,tone_1,olive+green
P10896,Morgan,Lee,YES,5,LEISURE,1,KIOSK,brunette_f,blue,tone_1,suit
P10897,Amrit,Mahmood,YES,9,BUSINESS,0,ONLINE,blonde,blue,tone_4,olive+green
P10898,Kenji,Francis,NO,2,LEISURE,2,ONLINE,black,black,tone_2,blue
P10899,Lucie,Mahmood,YES,9,LEISURE,1,ONLINE,blonde,black,tone_4,red
P10900,James,Parker,NO,1,LEISURE,2,DESK,brunette_f,blue,tone_5,red
P10901,Marco,Park,NO,1,LEISURE,1,ONLINE,brunette,blue,tone_2,olive+green
P10902,Wei,Bamba,NO,1,LEISURE,0,DESK,brunette_f,blue,tone_4,olive+green
P10903,Dhruv,Shah,NO,3,BUSINESS,1,ONLINE,blonde_f,blue,tone_1,olive+green
P10904,Jordan,Malhotra,NO,2,LEISURE,1,KIOSK,blonde_f,black,tone_1,olive+green
P10905,Abena,Wisniewski,YES,8,LEISURE,0,DESK,blonde_f,black,tone_3,suit
P10906,Ama,Boateng,NO,2,BUSINESS,0,ONLINE,black,black,tone_2,red
P10907,Sebastian,Adeyemi,NO,1,BUSINESS,0,ONLINE,brunette_f,black,tone_3,suit
P10908,Bilal,Muller,NO,2,LEISURE,1,DESK,black,blue,tone_3,red
P10909,Alessia,Reed,NO,1,FAMILY,3,DESK,black,blue,tone_5,blue
P10910,Aaliyah,Akhtar,NO,1,SOLO,1,KIOSK,brunette,black,tone_3,suit
P10911,Kojo,Khan,NO,1,BUSINESS,0,ONLINE,blonde,blue,tone_1,red
P10912,Camille,Adeyemi,NO,2,FAMILY,2,KIOSK,blonde_f,black,tone_4,suit
P10913,Oisin,Kapoor,YES,9,LEISURE,0,DESK,black,black,tone_5,red
P10914,Salma,Leroy,NO,1,BUSINESS,0,ONLINE,blonde_f,black,tone_1,blue
P10915,Jules,Kelly,NO,1,LEISURE,1,DESK,black,black,tone_6,suit
P10916,Luke,Campbell,NO,1,LEISURE,1,ONLINE,black,blue,tone_6,red
P10917,Michael,Traore,NO,1,LEISURE,1,ONLINE,brunette,black,tone_6,suit
P10918,Charlotte,Davies,NO,1,SOLO,1,KIOSK,brunette_f,black,tone_6,red
P10919,Greta,Zhang,NO,1,FAMILY,2,DESK,black_f,black,tone_5,suit
P10920,Noor,Nwosu,NO,3,LEISURE,1,ONLINE,black_f,black,tone_6,blue
P10921,Muhammad,Kapoor,YES,9,FAMILY,2,DESK,black_f,blue,tone_2,red
P10922,Manpreet,Rossi,NO,1,BUSINESS,1,DESK,black_f,blue,tone_5,olive+green
P10923,Jisoo,Bernard,NO,1,BUSINESS,0,ONLINE,blonde,black,tone_5,blue
P10924,Ishaan,Pham,NO,2,LEISURE,1,DESK,blonde,black,tone_6,blue
P10925,Ryan,Asante,NO,1,SOLO,1,DESK,blonde,blue,tone_2,suit
P10926,Ryan,Zhou,NO,1,SOLO,0,ONLINE,blonde,blue,tone_3,blue
P10927,Diya,Young,NO,2,LEISURE,0,KIOSK,blonde,blue,tone_1,red
P10928,Cameron,Muller,NO,1,FAMILY,3,KIOSK,brunette,blue,tone_1,suit
P10929,Linh,Morgan,YES,6,LEISURE,2,ONLINE,brunette_f,blue,tone_6,blue
P10930,Olivia,Brown,NO,3,LEISURE,0,KIOSK,brunette,black,tone_4,olive+green
P10931,Amina,Mansour,NO,2,LEISURE,2,ONLINE,brunette,black,tone_4,suit
P10932,Kiet,Gallagher,NO,2,LEISURE,1,DESK,brunette_f,black,tone_5,red
P10933,Jamie,Brown,NO,1,BUSINESS,2,ONLINE,brunette_f,black,tone_5,olive+green
P10934,Hyejin,Collins,NO,1,FAMILY,1,DESK,black,black,tone_3,suit
P10935,Isla,Xu,YES,8,BUSINESS,1,ONLINE,brunette_f,blue,tone_2,olive+green
P10936,Rohan,Yamamoto,NO,3,SOLO,1,KIOSK,blonde,black,tone_4,suit
P10937,Aryan,Sidhu,NO,2,LEISURE,0,ONLINE,brunette_f,black,tone_6,olive+green
P10938,Nisha,Byrne,NO,1,FAMILY,2,KIOSK,brunette,blue,tone_6,blue
P10939,Mandeep,Williams,NO,1,LEISURE,0,KIOSK,black_f,blue,tone_4,blue
P10940,Theo,Doyle,NO,3,SOLO,1,KIOSK,brunette,blue,tone_4,blue
P10941,Mei,Watson,NO,1,FAMILY,3,DESK,black_f,blue,tone_5,suit
P10942,Nathan,Byrne,NO,2,SOLO,1,ONLINE,blonde_f,black,tone_1,blue
P10943,Harriet,Bamba,NO,1,LEISURE,0,DESK,black,black,tone_5,olive+green
P10944,Mateo,Takahashi,YES,6,LEISURE,1,KIOSK,black,black,tone_4,suit
P10945,Veer,Jung,YES,10,FAMILY,1,ONLINE,blonde,black,tone_4,blue
P10946,Anja,Nwosu,NO,1,LEISURE,2,ONLINE,brunette,blue,tone_2,blue
P10947,Camila,Sharma,NO,3,LEISURE,1,ONLINE,brunette,blue,tone_2,suit
P10948,Jasleen,Gupta,NO,2,LEISURE,0,KIOSK,blonde,blue,tone_1,blue
P10949,Nia,Liu,NO,1,LEISURE,1,ONLINE,brunette,black,tone_5,olive+green
P10950,Mei,Liu,NO,2,LEISURE,1,ONLINE,black,blue,tone_1,olive+green
P10951,Nari,Moreau,NO,1,LEISURE,0,ONLINE,black_f,blue,tone_3,red
P10952,Henry,Esposito,NO,1,BUSINESS,0,DESK,blonde_f,black,tone_4,suit
P10953,Rahul,Bose,YES,9,LEISURE,1,ONLINE,black,black,tone_1,blue
P10954,Orla,Traore,NO,1,LEISURE,1,DESK,brunette,blue,tone_4,olive+green
P10955,Emeka,Malik,NO,3,LEISURE,1,ONLINE,brunette_f,blue,tone_4,blue
P10956,Yusuf,Pham,NO,2,FAMILY,1,DESK,blonde_f,blue,tone_2,olive+green
P10957,Avery,Smith,NO,1,FAMILY,3,ONLINE,black_f,black,tone_5,blue
P10958,Phoebe,Mitchell,NO,2,LEISURE,1,ONLINE,brunette,black,tone_6,olive+green
P10959,Gabriel,Howard,YES,9,SOLO,2,DESK,black,black,tone_1,olive+green
P10960,Karan,Gomez,NO,1,FAMILY,2,ONLINE,black_f,blue,tone_6,blue
P10961,Cameron,Carter,NO,1,BUSINESS,0,ONLINE,brunette,blue,tone_4,olive+green
P10962,Nisha,Campbell,NO,1,SOLO,0,ONLINE,brunette_f,black,tone_6,olive+green
P10963,Tomasz,Eze,NO,2,FAMILY,2,ONLINE,blonde_f,black,tone_6,olive+green
P10964,Ibrahim,Bui,NO,3,LEISURE,1,KIOSK,blonde,black,tone_6,suit
P10965,Olivia,Kaur,NO,3,LEISURE,1,DESK,brunette,black,tone_1,red
P10966,Sakura,Johnson,NO,2,FAMILY,3,KIOSK,brunette_f,blue,tone_6,olive+green
P10967,Soyeon,Verma,NO,1,LEISURE,1,DESK,black,black,tone_3,blue
P10968,Ava,Diallo,YES,8,FAMILY,1,DESK,black,black,tone_3,blue
P10969,Linh,Wu,NO,3,SOLO,1,DESK,brunette_f,black,tone_1,blue
P10970,Zain,Vu,NO,3,FAMILY,2,KIOSK,blonde,blue,tone_1,suit
P10971,Ella,Jackson,NO,1,FAMILY,3,KIOSK,black,black,tone_4,olive+green
P10972,Marek,Thompson,YES,7,LEISURE,2,ONLINE,black,black,tone_5,red
P10973,Jaspreet,Robinson,NO,1,BUSINESS,0,ONLINE,blonde,blue,tone_6,olive+green
P10974,Muhammad,Gallagher,NO,1,LEISURE,1,KIOSK,blonde_f,blue,tone_3,red
P10975,Greta,Iyer,NO,3,FAMILY,2,DESK,blonde,black,tone_6,red
P10976,Tara,Dubois,NO,3,FAMILY,1,DESK,brunette,blue,tone_4,blue
P10977,Vihaan,Tanaka,NO,2,LEISURE,0,DESK,black,black,tone_6,blue
P10978,Nia,Boateng,NO,1,LEISURE,1,ONLINE,blonde,black,tone_6,suit
P10979,Yuki,Romano,NO,3,LEISURE,1,ONLINE,brunette_f,black,tone_6,red
P10980,Cian,Park,NO,1,LEISURE,1,ONLINE,blonde_f,black,tone_2,red
P10981,Sakura,Mahmood,NO,2,LEISURE,1,ONLINE,blonde,black,tone_3,red
P10982,Isabella,Yoon,NO,2,SOLO,1,ONLINE,brunette_f,black,tone_5,olive+green
P10983,Gabriel,Tran,NO,3,BUSINESS,0,ONLINE,brunette_f,black,tone_3,blue
P10984,Chiara,Gupta,NO,1,SOLO,2,KIOSK,brunette,blue,tone_1,red
P10985,Lucie,Kang,NO,2,SOLO,1,DESK,black_f,blue,tone_5,suit
P10986,Aryan,Bose,NO,1,SOLO,1,DESK,black_f,blue,tone_4,suit
P10987,Jamie,Khalil,NO,3,LEISURE,1,ONLINE,blonde_f,blue,tone_2,suit
P10988,Ruby,Nwosu,NO,3,LEISURE,2,ONLINE,brunette_f,blue,tone_2,olive+green
P10989,Daichi,Morgan,NO,2,LEISURE,1,KIOSK,black_f,black,tone_5,olive+green
P10990,Hannah,Gupta,NO,3,BUSINESS,1,KIOSK,black,blue,tone_6,red
P10991,Kavya,Wisniewski,YES,6,SOLO,1,ONLINE,brunette,black,tone_3,red
P10992,Marek,Gupta,NO,1,LEISURE,1,KIOSK,brunette_f,blue,tone_6,blue
P10993,Tunde,Wilson,NO,1,LEISURE,2,DESK,black,blue,tone_2,blue
P10994,Mei,Patel,NO,1,FAMILY,2,ONLINE,blonde,blue,tone_5,suit
P10995,Tomasz,Bamba,NO,1,FAMILY,3,DESK,blonde_f,blue,tone_1,suit
P10996,Noor,Kaur,NO,2,BUSINESS,0,ONLINE,blonde,black,tone_1,blue
P10997,Trang,Watson,YES,6,BUSINESS,1,DESK,black,black,tone_6,suit
P10998,Valentina,Kapoor,NO,1,FAMILY,2,DESK,blonde,blue,tone_4,red
P10999,Taylor,Dubois,NO,1,FAMILY,2,DESK,blonde,black,tone_5,olive+green
P11000,Lena,Morgan,NO,1,LEISURE,2,KIOSK,brunette,blue,tone_3,olive+green
P11001,Emeka,Phan,NO,1,SOLO,2,ONLINE,black_f,black,tone_2,blue
P11002,Jasleen,Garcia,NO,2,LEISURE,1,DESK,brunette_f,blue,tone_1,olive+green
P11003,Leo,Carter,NO,2,FAMILY,3,KIOSK,brunette,black,tone_2,suit
P11004,Sami,Ito,NO,1,LEISURE,1,ONLINE,blonde,blue,tone_5,blue
P11005,Niklas,Phan,NO,2,LEISURE,1,DESK,blonde,blue,tone_2,suit
P11006,Ayana,Lee,NO,1,LEISURE,1,DESK,blonde,blue,tone_5,blue
P11007,Ruby,Siddiqui,NO,3,SOLO,1,ONLINE,brunette,black,tone_5,suit
P11008,Hamza,Malik,YES,10,BUSINESS,1,ONLINE,blonde,black,tone_1,red
P11009,Mei,Rodriguez,NO,1,FAMILY,2,DESK,blonde,blue,tone_1,olive+green
P11010,Evie,Iqbal,NO,2,SOLO,0,DESK,blonde_f,blue,tone_6,blue
P11011,Tariq,Watson,NO,1,SOLO,1,KIOSK,brunette,blue,tone_1,red
P11012,Jun,Kaminski,NO,1,LEISURE,0,ONLINE,blonde_f,blue,tone_3,olive+green
P11013,Haruto,Hoang,YES,8,LEISURE,1,KIOSK,black_f,blue,tone_4,suit
P11014,Tao,Wu,NO,2,FAMILY,3,DESK,brunette,blue,tone_3,red
P11015,Isha,Dubois,NO,1,SOLO,1,ONLINE,black,blue,tone_4,red
P11016,Alejandro,Phan,NO,2,LEISURE,1,ONLINE,brunette_f,blue,tone_3,red
P11017,Samar,Esposito,YES,8,FAMILY,3,DESK,blonde_f,black,tone_4,blue
P11018,Diya,Kaur,NO,1,LEISURE,2,KIOSK,blonde,blue,tone_5,red
P11019,Soyeon,Huang,YES,7,SOLO,0,DESK,blonde,blue,tone_2,blue
P11020,Meera,Choi,NO,2,LEISURE,2,KIOSK,brunette,black,tone_1,blue
P11021,Greta,Cho,NO,2,LEISURE,1,ONLINE,brunette,black,tone_3,suit
P11022,Sebastian,Weber,YES,9,LEISURE,0,ONLINE,black,black,tone_1,blue
P11023,Ella,Morgan,NO,2,FAMILY,2,DESK,blonde,blue,tone_6,olive+green
P11024,Bethany,Keita,NO,3,LEISURE,1,ONLINE,brunette,black,tone_3,red
P11025,Amelia,Agyeman,NO,1,LEISURE,2,KIOSK,brunette,black,tone_2,blue
P11026,Kabir,Ahmed,NO,1,FAMILY,2,DESK,black,blue,tone_6,olive+green
P11027,Jun,Tran,NO,3,LEISURE,1,ONLINE,black_f,blue,tone_3,olive+green
P11028,Yuna,Doyle,YES,6,LEISURE,2,ONLINE,black,black,tone_1,blue
P11029,Sophia,Balogun,NO,2,LEISURE,1,ONLINE,brunette,black,tone_5,olive+green
P11030,Poppy,Kowalski,NO,1,FAMILY,2,DESK,black_f,black,tone_6,red
P11031,Daichi,Keita,YES,7,FAMILY,1,KIOSK,black_f,black,tone_6,olive+green
P11032,Trang,Wisniewski,YES,5,LEISURE,2,DESK,blonde,black,tone_3,olive+green
P11033,Abena,Bernard,NO,2,LEISURE,2,DESK,brunette_f,blue,tone_6,blue
P11034,Ali,Morgan,NO,1,LEISURE,0,DESK,brunette,black,tone_6,suit
P11035,Ibrahim,Eze,YES,5,LEISURE,0,DESK,blonde,black,tone_6,red
P11036,Tunde,Nwosu,YES,9,SOLO,0,DESK,blonde,black,tone_6,olive+green
P11037,Ayaan,Wu,NO,3,LEISURE,1,ONLINE,black_f,blue,tone_6,olive+green
P11038,Jack,Gill,NO,2,SOLO,1,KIOSK,brunette,blue,tone_5,olive+green
P11039,Evie,Rahman,NO,2,LEISURE,1,DESK,blonde,black,tone_5,olive+green
P11040,Priya,Kaur,NO,1,LEISURE,1,DESK,blonde_f,blue,tone_6,olive+green
P11041,Riley,Lopez,NO,1,LEISURE,1,DESK,blonde_f,black,tone_6,blue
P11042,Charlotte,Parker,NO,2,LEISURE,2,KIOSK,blonde,black,tone_1,blue
P11043,Amina,Khalil,NO,1,LEISURE,1,ONLINE,brunette,blue,tone_6,suit
P11044,Nadia,Choi,NO,2,FAMILY,3,ONLINE,blonde,blue,tone_6,red
P11045,Adam,Campbell,YES,9,LEISURE,1,ONLINE,blonde,black,tone_3,red
P11046,Sakura,Toure,NO,3,BUSINESS,1,ONLINE,blonde,blue,tone_4,olive+green
P11047,Dev,Malhotra,NO,3,FAMILY,2,KIOSK,black_f,black,tone_3,red
P11048,Ibrahim,Sow,NO,1,BUSINESS,2,ONLINE,brunette,black,tone_3,red
P11049,Sam,Ferrari,NO,2,BUSINESS,1,ONLINE,brunette_f,black,tone_2,red
P11050,Luca,Young,NO,2,LEISURE,1,ONLINE,brunette_f,black,tone_3,red
P11051,Yasmin,Gray,NO,1,LEISURE,1,ONLINE,brunette_f,blue,tone_1,blue
P11052,Layla,Brown,NO,2,LEISURE,1,KIOSK,brunette_f,black,tone_2,red
P11053,Santiago,Williams,NO,1,LEISURE,1,KIOSK,blonde,black,tone_1,red
P11054,Trang,Clarke,NO,3,LEISURE,0,ONLINE,blonde_f,blue,tone_3,olive+green
P11055,Adam,Iqbal,NO,1,SOLO,1,ONLINE,black_f,black,tone_5,olive+green
P11056,Kabir,Kumar,YES,5,SOLO,2,ONLINE,blonde_f,blue,tone_6,suit
P11057,Tariq,Eze,NO,2,SOLO,2,DESK,blonde,blue,tone_4,blue
P11058,Emilia,Kapoor,NO,2,BUSINESS,1,ONLINE,black_f,black,tone_5,olive+green
P11059,Cian,Akhtar,NO,1,LEISURE,1,ONLINE,black,blue,tone_1,olive+green
P11060,Louis,Desai,NO,3,BUSINESS,0,KIOSK,brunette_f,black,tone_4,blue
P11061,Kofi,Sidhu,NO,2,FAMILY,2,DESK,brunette,blue,tone_5,red
P11062,Aarav,Francis,NO,2,LEISURE,1,ONLINE,brunette_f,blue,tone_1,suit
P11063,Theo,Iyer,YES,6,LEISURE,1,ONLINE,blonde,blue,tone_5,suit
P11064,Leo,Anderson,NO,1,BUSINESS,0,KIOSK,black_f,blue,tone_3,red
P11065,Marek,Mansour,NO,2,FAMILY,2,ONLINE,blonde_f,blue,tone_4,olive+green
P11066,Violet,Brown,NO,2,FAMILY,2,DESK,black_f,black,tone_2,blue
P11067,Ava,Doyle,NO,1,FAMILY,1,ONLINE,black_f,black,tone_2,suit
P11068,Oisin,O'Brien,NO,1,SOLO,1,ONLINE,brunette,blue,tone_6,blue
P11069,Mila,Verma,NO,2,BUSINESS,0,KIOSK,blonde,black,tone_2,red
P11070,Yuki,Diallo,NO,1,BUSINESS,1,ONLINE,brunette_f,blue,tone_1,blue
P11071,Charlie,Anderson,NO,2,LEISURE,1,DESK,brunette_f,black,tone_5,olive+green
P11072,Isla,Garcia,NO,1,LEISURE,1,ONLINE,black,black,tone_4,red
P11073,Anja,Lewandowski,NO,1,LEISURE,1,KIOSK,brunette,black,tone_5,suit
P11074,Ayaan,Evans,NO,1,SOLO,1,ONLINE,blonde,blue,tone_1,suit
P11075,Ade,Takahashi,NO,3,SOLO,2,ONLINE,brunette_f,blue,tone_6,suit
P11076,Luca,Roberts,NO,2,BUSINESS,2,ONLINE,black_f,black,tone_5,blue
P11077,Samir,Shah,NO,2,BUSINESS,1,KIOSK,black_f,blue,tone_2,suit
P11078,Benjamin,Robinson,NO,1,FAMILY,2,KIOSK,brunette,black,tone_6,red
P11079,Meera,Anderson,NO,3,SOLO,2,DESK,blonde,blue,tone_3,suit
P11080,Nia,Brown,NO,2,LEISURE,1,DESK,blonde,blue,tone_1,red
P11081,Samir,Doyle,NO,1,LEISURE,1,DESK,black_f,blue,tone_1,olive+green
P11082,Grace,Weber,NO,3,FAMILY,2,ONLINE,blonde_f,blue,tone_1,red
P11083,Alex,Thomas,YES,8,LEISURE,1,ONLINE,brunette_f,blue,tone_4,red
P11084,Johanna,Roberts,YES,9,LEISURE,1,KIOSK,brunette,blue,tone_3,olive+green
P11085,Rahul,Roberts,NO,1,LEISURE,0,ONLINE,brunette_f,black,tone_1,suit
P11086,Ali,Clarke,NO,2,BUSINESS,2,ONLINE,black,blue,tone_1,olive+green
P11087,Kenji,Mitchell,NO,3,SOLO,1,KIOSK,brunette,black,tone_3,blue
P11088,Hyejin,Reddy,NO,2,LEISURE,2,KIOSK,blonde,blue,tone_4,red
P11089,Tao,Parker,NO,1,LEISURE,0,ONLINE,blonde_f,black,tone_5,red
P11090,Haruto,Ahmed,NO,2,LEISURE,0,ONLINE,black_f,blue,tone_5,olive+green
P11091,Chidi,Sandhu,YES,5,SOLO,2,ONLINE,brunette_f,black,tone_3,red
P11092,Yuki,Patel,NO,2,BUSINESS,1,ONLINE,black_f,blue,tone_3,olive+green
P11093,Valentina,Rahman,NO,1,LEISURE,0,DESK,brunette_f,blue,tone_2,suit
P11094,Khalid,Tran,NO,3,FAMILY,3,KIOSK,black_f,black,tone_1,blue
P11095,Oliver,Durand,NO,3,BUSINESS,1,ONLINE,blonde,blue,tone_2,olive+green
P11096,Leon,Sow,YES,5,SOLO,1,ONLINE,black_f,black,tone_1,suit
P11097,Noah,Tanaka,NO,2,LEISURE,1,ONLINE,black,blue,tone_4,blue
P11098,Declan,Walker,NO,1,FAMILY,3,DESK,black,black,tone_5,red
P11099,Amara,O'Brien,NO,1,FAMILY,3,DESK,black_f,blue,tone_5,suit
P11100,Tara,Nasser,NO,2,FAMILY,1,DESK,black_f,black,tone_4,red
P11101,Ade,Muller,NO,2,SOLO,0,DESK,brunette,black,tone_2,red
P11102,Thao,Owusu,NO,1,LEISURE,1,ONLINE,blonde_f,black,tone_6,suit
P11103,Jordan,Jackson,NO,1,FAMILY,1,DESK,blonde,blue,tone_4,olive+green
P11104,Haruto,Wright,NO,1,LEISURE,0,DESK,blonde_f,black,tone_6,suit
P11105,Riya,Zhang,YES,8,FAMILY,2,DESK,brunette_f,blue,tone_1,olive+green
P11106,Giulia,Dang,NO,1,FAMILY,2,KIOSK,blonde,black,tone_3,suit
P11107,Riley,Okafor,YES,9,LEISURE,2,ONLINE,brunette_f,blue,tone_1,suit
P11108,Yusuf,Huang,NO,3,LEISURE,2,KIOSK,brunette_f,black,tone_2,blue
P11109,Camille,Camara,NO,1,SOLO,0,ONLINE,brunette,blue,tone_3,blue
P11110,Karim,Petit,YES,7,LEISURE,0,KIOSK,brunette_f,black,tone_5,red
P11111,Amina,Kowalski,NO,1,FAMILY,3,DESK,blonde_f,blue,tone_2,red
P11112,Minji,Thompson,NO,1,LEISURE,2,KIOSK,brunette,black,tone_1,suit
P11113,Rahul,Walsh,NO,2,LEISURE,1,ONLINE,black_f,black,tone_6,red
P11114,Rohan,Pham,NO,2,LEISURE,1,KIOSK,brunette,blue,tone_5,red
P11115,Akira,Williams,NO,1,SOLO,1,ONLINE,brunette_f,black,tone_2,olive+green
P11116,Alex,Desai,NO,1,BUSINESS,0,ONLINE,black,black,tone_1,red
P11117,Giulia,Morgan,YES,5,FAMILY,1,KIOSK,black_f,blue,tone_1,red
P11118,Santiago,Mitchell,NO,3,SOLO,1,ONLINE,brunette_f,blue,tone_4,red
P11119,Imran,Ito,NO,2,LEISURE,1,ONLINE,brunette_f,blue,tone_3,red
P11120,Manon,Parker,NO,3,LEISURE,1,ONLINE,blonde_f,black,tone_6,blue
P11121,Ava,Haddad,NO,1,FAMILY,2,ONLINE,brunette_f,blue,tone_3,red
P11122,Hana,Stewart,YES,7,LEISURE,1,DESK,blonde_f,black,tone_6,red
P11123,Taylor,Jung,NO,1,BUSINESS,0,ONLINE,blonde_f,blue,tone_1,olive+green
P11124,Alfie,Camara,YES,10,FAMILY,2,KIOSK,blonde,black,tone_5,suit
P11125,Thomas,Zhang,NO,2,FAMILY,2,KIOSK,blonde,blue,tone_2,olive+green
P11126,Lucie,Smith,NO,1,LEISURE,1,ONLINE,black_f,black,tone_3,olive+green
P11127,Nathan,Esposito,YES,8,FAMILY,2,DESK,brunette,black,tone_1,suit
P11128,Dev,Nair,NO,1,FAMILY,2,KIOSK,brunette,black,tone_5,suit
P11129,Kabir,Fischer,NO,3,BUSINESS,1,ONLINE,blonde,black,tone_6,red
P11130,Mandeep,Desai,NO,3,FAMILY,2,DESK,blonde_f,blue,tone_5,olive+green
P11131,Hamza,Jackson,NO,2,LEISURE,1,ONLINE,blonde,blue,tone_4,olive+green
P11132,Vihaan,O'Brien,NO,2,LEISURE,1,ONLINE,black_f,blue,tone_1,blue
P11133,Minji,Xu,NO,1,LEISURE,0,ONLINE,blonde_f,black,tone_5,red
P11134,Violet,Singh,NO,2,LEISURE,2,ONLINE,black,black,tone_2,red
P11135,Nia,Carter,NO,2,LEISURE,0,KIOSK,black,black,tone_6,olive+green
P11136,Kofi,Anderson,NO,1,LEISURE,0,KIOSK,black,blue,tone_6,red
P11137,Jasleen,Zielinski,NO,3,SOLO,0,DESK,brunette_f,black,tone_4,red
P11138,Isha,Foster,NO,3,FAMILY,3,ONLINE,blonde_f,blue,tone_4,blue
P11139,Ren,Russell,NO,1,BUSINESS,0,KIOSK,brunette,blue,tone_5,red
P11140,Kwame,Nasser,NO,1,LEISURE,0,KIOSK,blonde,blue,tone_5,blue
P11141,Joon,Iyer,NO,1,LEISURE,0,DESK,black_f,black,tone_4,red
P11142,Kacper,Zielinski,YES,7,LEISURE,0,ONLINE,brunette_f,black,tone_1,blue
P11143,Hao,Rahman,NO,1,SOLO,0,KIOSK,black,black,tone_4,blue
P11144,Adwoa,Johnson,NO,1,LEISURE,0,ONLINE,blonde,blue,tone_4,red
P11145,Hyejin,Walker,NO,1,SOLO,1,KIOSK,blonde_f,blue,tone_1,suit
P11146,Alessia,Nasser,NO,1,FAMILY,2,DESK,brunette,black,tone_4,olive+green
P11147,Ronan,Wu,NO,2,FAMILY,1,KIOSK,blonde,black,tone_3,blue
P11148,Louis,Rahman,NO,1,FAMILY,2,ONLINE,brunette_f,blue,tone_6,blue
P11149,Manon,Agyeman,NO,2,LEISURE,2,ONLINE,brunette_f,black,tone_3,olive+green
P11150,Alfie,Schmidt,YES,8,BUSINESS,0,ONLINE,blonde,blue,tone_3,olive+green
P11151,William,Huang,YES,8,LEISURE,1,ONLINE,blonde_f,blue,tone_3,suit
P11152,Bethany,Kowalski,YES,5,SOLO,1,KIOSK,brunette,black,tone_4,suit
P11153,Aanya,Reed,NO,1,LEISURE,0,ONLINE,brunette_f,black,tone_3,suit
P11154,Lily,Hoang,NO,2,SOLO,2,DESK,black,black,tone_6,suit
P11155,Rin,Yang,NO,3,FAMILY,3,DESK,black,blue,tone_5,blue
P11156,Joon,Lee,NO,1,SOLO,0,ONLINE,blonde,blue,tone_1,olive+green
P11157,Niamh,Nasser,NO,1,FAMILY,2,DESK,blonde,black,tone_4,olive+green
P11158,Kabir,Watson,NO,2,LEISURE,1,KIOSK,black_f,blue,tone_5,suit
P11159,Maeve,Khalil,NO,2,LEISURE,1,KIOSK,black_f,blue,tone_3,blue
P11160,Minho,Anderson,NO,1,FAMILY,1,ONLINE,black_f,blue,tone_5,olive+green
P11161,Anja,Bui,NO,1,FAMILY,2,ONLINE,blonde,blue,tone_3,red
P11162,Cameron,Rodriguez,NO,3,BUSINESS,1,ONLINE,brunette_f,blue,tone_5,suit
P11163,Aiko,Khalil,NO,3,LEISURE,1,ONLINE,brunette_f,blue,tone_5,olive+green
P11164,Nadia,Ali,NO,1,LEISURE,1,ONLINE,black_f,blue,tone_4,red
P11165,Sami,Kumar,NO,3,SOLO,1,KIOSK,blonde,blue,tone_5,red
P11166,Dhruv,Scott,NO,1,FAMILY,2,ONLINE,brunette,black,tone_2,suit
P11167,Chiara,Asante,YES,10,LEISURE,2,ONLINE,black,black,tone_2,blue
P11168,Veer,Bernard,YES,8,FAMILY,2,ONLINE,black_f,blue,tone_2,blue
P11169,Jun,Iyer,NO,1,LEISURE,1,KIOSK,brunette,black,tone_3,red
P11170,Amrit,Bamba,NO,2,SOLO,1,DESK,blonde,black,tone_3,red
P11171,Ishaan,Rodriguez,NO,1,LEISURE,1,DESK,blonde,black,tone_1,blue
P11172,Hugo,Sandhu,NO,2,FAMILY,2,ONLINE,black,black,tone_5,blue
P11173,Evie,Kapoor,NO,2,SOLO,0,ONLINE,black_f,black,tone_1,blue
P11174,Michael,Takahashi,NO,2,BUSINESS,1,ONLINE,blonde,black,tone_6,blue
P11175,Chloe,Campbell,NO,1,LEISURE,1,KIOSK,blonde,blue,tone_6,red
P11176,Zain,Rao,NO,1,LEISURE,0,ONLINE,blonde_f,blue,tone_3,suit
P11177,Ishaan,Zielinski,NO,2,BUSINESS,1,ONLINE,blonde,black,tone_6,suit
P11178,Violet,Iyer,NO,1,SOLO,1,ONLINE,brunette,blue,tone_5,suit
P11179,Ahmed,Le,NO,2,FAMILY,2,DESK,blonde_f,blue,tone_1,suit
P11180,Harpreet,Bailey,YES,6,LEISURE,1,ONLINE,brunette_f,black,tone_6,red
P11181,Anja,Dubois,NO,2,LEISURE,1,ONLINE,black,blue,tone_2,suit
P11182,Felix,Dhillon,NO,1,LEISURE,1,ONLINE,blonde,blue,tone_4,blue
P11183,Layla,Smith,NO,3,LEISURE,1,KIOSK,brunette,blue,tone_5,red
P11184,Ade,Shah,YES,9,LEISURE,1,DESK,blonde,black,tone_3,red
P11185,Jules,Garcia,YES,10,LEISURE,1,DESK,black,blue,tone_6,red
P11186,Santiago,Haddad,NO,1,BUSINESS,1,ONLINE,brunette,blue,tone_4,suit
P11187,Jian,Lopez,NO,1,LEISURE,1,ONLINE,blonde,blue,tone_1,suit
P11188,Kenji,Byrne,NO,2,LEISURE,1,DESK,brunette,black,tone_3,blue
P11189,Samir,Ito,NO,1,SOLO,0,DESK,black,black,tone_6,red
P11190,Manon,Taylor,NO,2,LEISURE,1,ONLINE,black_f,black,tone_2,suit
P11191,Salma,Iqbal,NO,1,FAMILY,2,KIOSK,black_f,blue,tone_6,olive+green
P11192,Ngozi,Adams,NO,2,SOLO,1,DESK,black,blue,tone_1,suit
P11193,Adwoa,Mitchell,NO,1,FAMILY,2,ONLINE,black_f,blue,tone_3,olive+green
P11194,Ayana,Nwosu,NO,3,LEISURE,1,KIOSK,blonde,blue,tone_1,red
P11195,Cameron,Gray,NO,3,LEISURE,1,DESK,brunette_f,black,tone_5,red
P11196,Grace,Nguyen,YES,10,LEISURE,1,ONLINE,blonde_f,blue,tone_1,blue
P11197,Camille,Wisniewski,NO,1,SOLO,0,ONLINE,black,blue,tone_5,suit
P11198,Jacob,Le,NO,1,BUSINESS,0,DESK,brunette_f,black,tone_4,suit
P11199,Ahmed,Fischer,NO,2,BUSINESS,0,ONLINE,black,black,tone_1,blue
P11200,Bilal,Shah,NO,1,FAMILY,2,ONLINE,brunette_f,blue,tone_4,olive+green
P11201,Wei,Patel,NO,3,FAMILY,2,DESK,brunette,blue,tone_1,blue
P11202,Riya,Russell,NO,3,FAMILY,2,DESK,blonde_f,black,tone_2,blue
P11203,Yusuf,Lee,NO,2,LEISURE,2,KIOSK,brunette,blue,tone_2,red
P11204,Olivia,Johnson,NO,1,BUSINESS,0,KIOSK,brunette,black,tone_1,blue
P11205,Sami,Kapoor,NO,1,LEISURE,1,ONLINE,brunette,blue,tone_1,red
P11206,Marco,Murphy,NO,1,FAMILY,2,DESK,brunette,blue,tone_6,olive+green
P11207,Marco,Choi,NO,1,LEISURE,1,ONLINE,blonde,black,tone_1,olive+green
P11208,Kwame,Thompson,NO,1,FAMILY,2,ONLINE,blonde_f,black,tone_1,olive+green
P11209,Samir,Ricci,NO,3,LEISURE,0,KIOSK,brunette,blue,tone_1,suit
P11210,Minho,Gomez,NO,3,FAMILY,2,DESK,blonde,black,tone_1,red
P11211,Yuna,Jung,NO,2,BUSINESS,1,ONLINE,black_f,black,tone_1,red
P11212,Lily,Morgan,NO,1,LEISURE,0,ONLINE,brunette_f,black,tone_2,suit
P11213,Amelia,Camara,NO,2,BUSINESS,0,ONLINE,black,black,tone_1,suit
P11214,Yuna,Iyer,YES,10,SOLO,1,KIOSK,blonde_f,black,tone_4,blue
P11215,Aarav,Williams,YES,8,SOLO,1,ONLINE,brunette,black,tone_6,red
P11216,Ngozi,Sanchez,NO,1,LEISURE,1,ONLINE,black,black,tone_4,suit
P11217,Amina,Bennett,NO,2,LEISURE,1,DESK,black,blue,tone_6,suit
P11218,Neil,Smith,NO,1,SOLO,1,DESK,blonde,blue,tone_1,red
P11219,Mateo,Howard,NO,3,SOLO,1,DESK,blonde,black,tone_5,red
P11220,Greta,Thompson,NO,1,LEISURE,1,KIOSK,brunette_f,blue,tone_1,suit
P11221,Aryan,Malhotra,NO,3,BUSINESS,0,KIOSK,blonde_f,black,tone_3,blue
P11222,Aoife,Smith,NO,3,LEISURE,0,DESK,blonde_f,black,tone_3,suit
P11223,Ruby,Sanchez,NO,3,LEISURE,1,KIOSK,black_f,blue,tone_4,suit
P11224,Ayana,Nguyen,NO,2,LEISURE,1,DESK,black_f,blue,tone_1,olive+green
P11225,Ava,Brar,NO,1,LEISURE,1,DESK,black_f,black,tone_5,suit
P11226,Layla,Park,NO,2,BUSINESS,1,ONLINE,black,black,tone_5,suit
P11227,Chidi,Wilson,NO,1,LEISURE,1,ONLINE,blonde_f,black,tone_3,blue
P11228,Femi,Durand,NO,1,LEISURE,1,ONLINE,brunette,blue,tone_3,olive+green
P11229,Kofi,Nwosu,NO,2,FAMILY,3,KIOSK,brunette_f,blue,tone_3,olive+green
P11230,Mei,Sow,NO,1,BUSINESS,0,ONLINE,black,black,tone_2,red
P11231,Nisha,Murphy,NO,2,LEISURE,1,KIOSK,black,blue,tone_5,suit
P11232,Aditya,Nowak,YES,5,LEISURE,1,DESK,black_f,blue,tone_2,red
P11233,Yuna,Phan,NO,1,FAMILY,3,DESK,brunette,black,tone_3,olive+green
P11234,Ella,Gallagher,YES,5,LEISURE,1,ONLINE,blonde_f,black,tone_6,olive+green
P11235,Lucie,Watson,NO,1,LEISURE,0,ONLINE,brunette,black,tone_6,olive+green
P11236,Manpreet,Grant,YES,7,FAMILY,3,ONLINE,blonde_f,black,tone_1,red
P11237,Ananya,Sow,NO,2,FAMILY,1,DESK,blonde_f,black,tone_3,red
P11238,Mandeep,Khan,NO,1,LEISURE,1,ONLINE,black,black,tone_4,suit
P11239,Aarav,Patel,NO,1,SOLO,1,ONLINE,black_f,blue,tone_3,suit
P11240,Violet,Chen,NO,2,LEISURE,1,ONLINE,black,blue,tone_3,olive+green
P11241,Rohan,Gray,NO,2,LEISURE,0,ONLINE,black_f,blue,tone_3,olive+green
P11242,Greta,Fischer,NO,1,BUSINESS,0,ONLINE,black_f,black,tone_3,blue
P11243,Henry,Kone,NO,2,FAMILY,2,DESK,blonde,black,tone_4,red
P11244,Navdeep,Saleh,NO,1,FAMILY,2,DESK,black,black,tone_3,suit
P11245,Ishaan,Sharma,NO,2,SOLO,1,KIOSK,black,black,tone_1,olive+green
P11246,Ming,Ahmed,NO,1,SOLO,1,ONLINE,brunette_f,black,tone_6,red
P11247,Chloe,Shah,NO,1,BUSINESS,0,DESK,black_f,blue,tone_4,red
P11248,Oisin,Petit,NO,1,LEISURE,1,KIOSK,brunette_f,black,tone_5,suit
P11249,Neil,Ito,NO,1,SOLO,1,ONLINE,blonde,blue,tone_5,blue
P11250,Maeve,Lewandowski,NO,1,SOLO,1,DESK,brunette,black,tone_2,red
P11251,Soyeon,Walker,NO,2,BUSINESS,1,KIOSK,blonde,blue,tone_1,red
P11252,Valentina,Khan,NO,2,FAMILY,1,KIOSK,blonde,blue,tone_2,red
P11253,Sami,Liu,NO,3,BUSINESS,0,ONLINE,blonde,blue,tone_5,red
P11254,Grace,Ruiz,NO,2,SOLO,1,DESK,brunette,blue,tone_6,olive+green
P11255,Chloe,Vu,NO,1,FAMILY,3,KIOSK,black,blue,tone_5,olive+green
P11256,Bao,Baker,NO,1,SOLO,1,ONLINE,black,black,tone_4,suit
P11257,William,Ricci,NO,2,LEISURE,1,DESK,brunette,blue,tone_1,red
P11258,Hannah,Reed,NO,3,LEISURE,1,KIOSK,brunette,black,tone_5,red
P11259,Mariam,Cho,NO,3,LEISURE,2,ONLINE,black_f,blue,tone_2,suit
P11260,Kwame,Traore,NO,1,BUSINESS,0,KIOSK,brunette,blue,tone_6,olive+green
P11261,Thomas,Singh,NO,1,SOLO,1,ONLINE,black,black,tone_2,suit
P11262,Thao,Ricci,YES,5,LEISURE,0,DESK,blonde,blue,tone_6,red
P11263,Violet,Kumar,NO,2,LEISURE,2,DESK,brunette_f,black,tone_6,blue
P11264,Imran,Balogun,YES,5,LEISURE,2,ONLINE,blonde,blue,tone_6,suit
P11265,Tara,Mahmood,NO,3,BUSINESS,1,ONLINE,blonde,black,tone_4,suit
P11266,Wei,Durand,NO,2,BUSINESS,0,ONLINE,black_f,blue,tone_4,red
P11267,Taylor,Petit,NO,1,LEISURE,1,ONLINE,blonde_f,black,tone_2,suit
P11268,Mariam,Kim,NO,2,LEISURE,1,ONLINE,blonde,blue,tone_6,olive+green
P11269,Aanya,Durand,NO,1,BUSINESS,0,ONLINE,black_f,blue,tone_2,red
P11270,Evie,Dang,NO,2,SOLO,1,DESK,brunette_f,black,tone_1,suit
P11271,Felix,Kaminski,NO,3,BUSINESS,0,ONLINE,black,black,tone_1,suit
P11272,Harriet,Nasser,NO,1,FAMILY,2,ONLINE,blonde,blue,tone_5,blue
P11273,Alessia,Lewandowski,NO,1,LEISURE,1,DESK,blonde,blue,tone_2,olive+green
P11274,Kabir,Okafor,NO,3,LEISURE,1,DESK,blonde_f,blue,tone_5,olive+green
P11275,Felix,Green,NO,1,LEISURE,1,DESK,brunette,blue,tone_6,blue
P11276,Muhammad,Kim,NO,1,LEISURE,1,DESK,blonde_f,black,tone_4,blue
P11277,Matteo,Grant,YES,10,SOLO,1,ONLINE,blonde,blue,tone_5,olive+green
P11278,Sophia,Gill,NO,1,FAMILY,2,DESK,blonde,black,tone_3,olive+green
P11279,Tao,Nguyen,NO,2,LEISURE,1,ONLINE,brunette,blue,tone_6,red
P11280,Omar,Morgan,YES,7,SOLO,1,ONLINE,black,black,tone_2,suit
P11281,Yuna,Grant,NO,1,LEISURE,0,ONLINE,blonde_f,blue,tone_2,suit
P11282,Hana,Desai,NO,1,FAMILY,2,KIOSK,black_f,blue,tone_1,olive+green
P11283,Luke,Richards,YES,7,FAMILY,2,KIOSK,black,black,tone_2,blue
P11284,Georgia,Walsh,NO,1,SOLO,1,KIOSK,brunette,black,tone_1,red
P11285,Orla,Dang,NO,2,LEISURE,0,DESK,blonde_f,blue,tone_2,suit
P11286,Hannah,Nowak,NO,1,BUSINESS,1,ONLINE,blonde_f,black,tone_4,olive+green
P11287,Jisoo,Weber,NO,2,SOLO,1,KIOSK,blonde_f,black,tone_6,suit
P11288,Jasleen,Gallagher,NO,1,LEISURE,1,ONLINE,blonde_f,black,tone_6,suit
P11289,Malik,Desai,NO,1,SOLO,1,KIOSK,brunette_f,blue,tone_3,red
P11290,Lucie,Yang,NO,2,SOLO,2,DESK,brunette,blue,tone_3,suit
P11291,Lena,Gupta,NO,2,LEISURE,0,DESK,black_f,blue,tone_5,olive+green
P11292,Chidi,Lopez,YES,9,BUSINESS,1,ONLINE,blonde,blue,tone_1,red
P11293,Navdeep,Sharma,NO,3,BUSINESS,0,ONLINE,blonde_f,blue,tone_5,suit
P11294,Meera,Asante,NO,1,FAMILY,2,ONLINE,black,blue,tone_6,suit
P11295,Hamza,Dang,NO,2,LEISURE,1,DESK,brunette_f,black,tone_1,olive+green
P11296,Marco,O'Brien,YES,10,BUSINESS,0,ONLINE,blonde_f,blue,tone_2,suit
P11297,Camila,Sidhu,NO,3,LEISURE,1,ONLINE,brunette_f,blue,tone_6,olive+green
P11298,Valentina,Asante,NO,2,LEISURE,0,DESK,black_f,black,tone_3,suit
P11299,Tariq,Ito,NO,2,LEISURE,1,DESK,black,blue,tone_3,red
P11300,Jasleen,Takahashi,YES,8,BUSINESS,0,ONLINE,black,blue,tone_3,olive+green
P11301,Chloe,Desai,NO,1,LEISURE,1,ONLINE,brunette_f,blue,tone_5,blue
P11302,Grace,Boateng,NO,1,LEISURE,1,DESK,black_f,blue,tone_3,red
P11303,Gabriel,Clarke,NO,1,BUSINESS,1,KIOSK,brunette_f,blue,tone_1,olive+green
P11304,Minh,Le,NO,2,FAMILY,1,KIOSK,brunette_f,black,tone_4,blue
P11305,Sophia,Takahashi,NO,3,LEISURE,1,ONLINE,brunette_f,black,tone_6,suit
P11306,Noor,Jimenez,NO,1,LEISURE,2,KIOSK,blonde_f,blue,tone_2,olive+green
P11307,Wei,Mitchell,NO,2,LEISURE,1,KIOSK,black_f,blue,tone_2,olive+green
P11308,Hamza,Grant,NO,1,LEISURE,0,ONLINE,brunette_f,blue,tone_6,olive+green
P11309,Adam,Verma,NO,2,LEISURE,0,KIOSK,black_f,blue,tone_6,blue
P11310,Jordan,Mitchell,NO,1,LEISURE,2,KIOSK,blonde,blue,tone_3,red
P11311,Priya,Saleh,NO,1,LEISURE,1,DESK,blonde_f,black,tone_1,suit
P11312,Ayaan,Moreau,NO,1,SOLO,1,ONLINE,blonde,black,tone_4,olive+green
P11313,Alfie,Suzuki,NO,2,LEISURE,0,KIOSK,brunette,black,tone_3,red
P11314,Leon,Young,NO,1,LEISURE,1,ONLINE,brunette,blue,tone_4,red
P11315,Veer,Roberts,NO,1,BUSINESS,1,DESK,brunette_f,blue,tone_3,olive+green
P11316,Mandeep,Park,YES,9,LEISURE,1,ONLINE,blonde,black,tone_4,red
P11317,Mai,Desai,YES,10,SOLO,1,KIOSK,blonde,black,tone_5,red
P11318,Haruto,Parker,YES,5,SOLO,1,ONLINE,blonde_f,blue,tone_1,red
P11319,Ayaan,Richards,NO,2,LEISURE,1,DESK,brunette,black,tone_2,suit
P11320,Ade,O'Brien,NO,2,LEISURE,2,DESK,black_f,black,tone_2,blue
P11321,Jordan,Schneider,NO,2,FAMILY,2,DESK,brunette,blue,tone_3,olive+green
P11322,Charlotte,Joshi,NO,2,LEISURE,1,ONLINE,brunette_f,black,tone_3,suit
P11323,Joon,Campbell,NO,1,BUSINESS,0,ONLINE,black,blue,tone_3,blue
P11324,Navdeep,Clarke,YES,7,BUSINESS,1,ONLINE,blonde_f,blue,tone_4,blue
P11325,Abena,Watson,NO,1,BUSINESS,0,ONLINE,blonde,black,tone_5,olive+green
P11326,Samir,Schneider,NO,1,LEISURE,1,DESK,blonde_f,blue,tone_5,blue
P11327,Riley,Kaur,YES,5,FAMILY,2,DESK,brunette_f,blue,tone_6,suit
P11328,Samar,Iqbal,NO,1,LEISURE,1,DESK,black,blue,tone_1,olive+green
P11329,Mia,Lewandowski,NO,2,FAMILY,3,DESK,black_f,blue,tone_6,red
P11330,Rahul,Huang,NO,1,BUSINESS,1,ONLINE,black,blue,tone_4,olive+green
P11331,Vivaan,Bamba,NO,2,LEISURE,1,KIOSK,black_f,blue,tone_6,olive+green
P11332,Ali,Brar,NO,1,BUSINESS,0,ONLINE,black_f,blue,tone_3,red
P11333,Soyeon,Young,NO,1,LEISURE,0,KIOSK,brunette,black,tone_4,olive+green
P11334,Tariq,Francis,NO,3,LEISURE,0,DESK,black,black,tone_2,suit
P11335,Tariq,Howard,YES,8,FAMILY,3,DESK,black,black,tone_2,red
P11336,Isabella,Liu,NO,1,LEISURE,1,DESK,blonde_f,blue,tone_1,suit
P11337,Johanna,Malik,NO,1,LEISURE,1,ONLINE,blonde,blue,tone_6,suit
P11338,Jisoo,Rodriguez,YES,10,SOLO,2,ONLINE,blonde_f,black,tone_3,blue
P11339,Mai,Jung,NO,3,LEISURE,1,KIOSK,blonde_f,blue,tone_3,suit
P11340,Tariq,Kapoor,NO,2,FAMILY,2,DESK,blonde,blue,tone_4,suit
P11341,Dev,Baker,NO,3,LEISURE,2,ONLINE,blonde_f,blue,tone_4,blue
P11342,Isabella,Rossi,NO,2,FAMILY,2,KIOSK,brunette_f,black,tone_3,red
P11343,Tomasz,Doyle,NO,3,SOLO,0,ONLINE,black,black,tone_5,red
P11344,Olivia,Fischer,YES,10,LEISURE,1,ONLINE,black,blue,tone_5,suit
P11345,Emily,Carter,NO,2,LEISURE,0,ONLINE,blonde,black,tone_1,olive+green
P11346,Maeve,Kumar,YES,7,SOLO,1,KIOSK,black,blue,tone_1,blue
P11347,Phoebe,Zielinski,NO,1,BUSINESS,2,ONLINE,brunette_f,black,tone_6,blue
P11348,Adam,Grant,YES,7,BUSINESS,0,ONLINE,brunette_f,blue,tone_6,blue
P11349,Samir,Brown,NO,1,SOLO,2,DESK,blonde_f,blue,tone_4,olive+green
P11350,Giulia,Kumar,YES,7,FAMILY,1,KIOSK,black,black,tone_6,suit
P11351,Lucie,Ryan,NO,2,BUSINESS,1,KIOSK,brunette_f,blue,tone_3,olive+green
P11352,Leo,Yamamoto,NO,1,LEISURE,1,ONLINE,brunette,black,tone_6,olive+green
P11353,Priya,Watanabe,NO,1,FAMILY,2,DESK,blonde,black,tone_1,suit
P11354,Molly,Mehta,NO,3,LEISURE,1,ONLINE,brunette,blue,tone_6,blue
P11355,Tunde,Zielinski,NO,1,LEISURE,1,DESK,black_f,black,tone_6,blue
P11356,Niamh,Russell,NO,1,LEISURE,1,KIOSK,blonde,blue,tone_5,olive+green
P11357,Mia,Watson,NO,1,FAMILY,2,KIOSK,black_f,blue,tone_4,suit
P11358,Ava,Agyeman,NO,2,BUSINESS,1,ONLINE,blonde_f,black,tone_2,red
P11359,Diya,Taylor,NO,1,SOLO,2,KIOSK,brunette_f,blue,tone_2,red
P11360,Taylor,Jimenez,YES,10,SOLO,0,ONLINE,blonde,black,tone_5,olive+green
P11361,Sebastian,Toure,YES,8,FAMILY,1,ONLINE,black,black,tone_4,olive+green
P11362,Ava,Lopez,NO,3,BUSINESS,1,ONLINE,black,blue,tone_1,suit
P11363,Charlotte,Ricci,NO,1,LEISURE,0,KIOSK,black,black,tone_5,red
P11364,Adwoa,Robinson,NO,2,LEISURE,1,DESK,blonde_f,blue,tone_1,suit
P11365,Muhammad,Campbell,YES,8,FAMILY,2,ONLINE,brunette_f,blue,tone_2,blue
P11366,Nhi,Joshi,NO,3,BUSINESS,1,ONLINE,black_f,black,tone_2,olive+green
P11367,Henry,Foster,NO,1,LEISURE,1,ONLINE,blonde_f,blue,tone_1,olive+green
P11368,Ade,Vu,NO,1,FAMILY,2,DESK,brunette,black,tone_1,olive+green
P11369,Yuki,Kelly,NO,1,LEISURE,1,ONLINE,brunette,blue,tone_4,red
P11370,Hana,Durand,NO,2,LEISURE,1,DESK,brunette,black,tone_2,blue
P11371,Ibrahim,Moretti,NO,1,SOLO,0,ONLINE,black_f,black,tone_1,suit
P11372,Yasmin,Tran,NO,1,LEISURE,1,DESK,blonde_f,black,tone_1,blue
P11373,Vihaan,Kumar,NO,2,BUSINESS,0,KIOSK,black_f,blue,tone_3,blue
P11374,Declan,Bianchi,NO,1,BUSINESS,0,ONLINE,blonde,blue,tone_4,blue
P11375,Neil,Adams,NO,1,BUSINESS,0,ONLINE,brunette,blue,tone_3,red
P11376,Cameron,Boateng,NO,1,BUSINESS,0,ONLINE,brunette_f,black,tone_1,red
P11377,Felix,Gomez,NO,2,LEISURE,2,DESK,blonde,blue,tone_2,olive+green
P11378,Emily,Balogun,NO,1,BUSINESS,1,ONLINE,black_f,black,tone_5,red
P11379,Sophie,Doyle,NO,1,LEISURE,1,DESK,brunette,black,tone_3,suit
P11380,Hana,Phan,NO,2,SOLO,2,KIOSK,black_f,black,tone_6,suit
P11381,Aryan,Saleh,NO,3,LEISURE,0,ONLINE,black,blue,tone_2,olive+green
P11382,Ella,Chopra,NO,1,LEISURE,2,ONLINE,blonde,black,tone_5,suit
P11383,Zuri,Agyeman,NO,2,BUSINESS,1,DESK,black_f,blue,tone_5,suit
P11384,Kiet,Gomez,NO,2,LEISURE,1,KIOSK,brunette_f,blue,tone_1,olive+green
P11385,Ayana,Jimenez,NO,3,BUSINESS,0,ONLINE,blonde,black,tone_5,olive+green
P11386,Tao,Kelly,NO,2,FAMILY,2,DESK,brunette_f,blue,tone_3,blue
P11387,Veer,Esposito,NO,2,BUSINESS,0,ONLINE,black,black,tone_3,olive+green
P11388,Harpreet,Taylor,NO,1,BUSINESS,0,ONLINE,black,black,tone_2,olive+green
P11389,Tao,Zhou,NO,2,BUSINESS,1,ONLINE,black,blue,tone_5,suit
P11390,Leo,Sharma,NO,1,LEISURE,1,ONLINE,black_f,blue,tone_2,blue
P11391,Ade,Morgan,NO,1,LEISURE,0,DESK,brunette,blue,tone_1,suit
P11392,William,Dubois,NO,2,LEISURE,1,ONLINE,blonde_f,black,tone_2,olive+green
P11393,Ming,Le,NO,2,SOLO,1,KIOSK,brunette,blue,tone_1,olive+green
P11394,Wei,Singh,YES,6,LEISURE,1,ONLINE,blonde_f,blue,tone_6,red
P11395,Adam,Iyer,NO,1,FAMILY,1,DESK,black,blue,tone_5,blue
P11396,Jules,Green,NO,2,LEISURE,1,ONLINE,black,blue,tone_6,olive+green
P11397,Maeve,Adams,NO,1,BUSINESS,1,ONLINE,blonde_f,black,tone_4,olive+green
P11398,Taylor,Kapoor,YES,8,FAMILY,3,KIOSK,brunette_f,blue,tone_4,red
P11399,Amrit,Okafor,NO,2,BUSINESS,1,ONLINE,blonde,black,tone_5,blue
P11400,Quang,Carter,NO,2,LEISURE,1,KIOSK,blonde_f,blue,tone_2,olive+green
P11401,Jonas,Muller,NO,2,SOLO,1,KIOSK,blonde_f,black,tone_6,suit
P11402,Rin,Pham,YES,10,LEISURE,1,ONLINE,black_f,black,tone_1,suit
P11403,Chidi,Desai,NO,1,FAMILY,1,ONLINE,black_f,blue,tone_5,blue
P11404,Charlie,Adeyemi,YES,9,SOLO,0,KIOSK,black_f,blue,tone_1,red
P11405,Amara,Akhtar,NO,2,LEISURE,0,KIOSK,blonde_f,black,tone_2,blue
P11406,Tao,Le,NO,3,BUSINESS,1,KIOSK,blonde_f,blue,tone_2,olive+green
P11407,Jakub,Reddy,NO,2,BUSINESS,0,ONLINE,blonde_f,black,tone_4,suit
P11408,Anh,Thomas,NO,3,LEISURE,1,KIOSK,brunette,blue,tone_1,red
P11409,Aarav,Young,YES,10,LEISURE,1,KIOSK,brunette_f,blue,tone_2,blue
P11410,Jian,Singh,NO,1,SOLO,2,ONLINE,blonde_f,blue,tone_3,olive+green
P11411,Adwoa,Romano,NO,2,FAMILY,2,DESK,black,black,tone_3,blue
P11412,Minji,Rao,YES,9,LEISURE,1,DESK,brunette,blue,tone_6,blue
P11413,Riley,Grant,NO,2,LEISURE,0,DESK,blonde_f,black,tone_5,olive+green
P11414,Nadia,Kaminski,NO,3,SOLO,2,ONLINE,brunette_f,blue,tone_1,red
P11415,Riya,Kang,NO,2,LEISURE,1,ONLINE,black,blue,tone_3,olive+green
P11416,David,Owusu,NO,2,LEISURE,1,ONLINE,blonde_f,blue,tone_1,blue
P11417,Salma,Keita,NO,2,LEISURE,0,KIOSK,black_f,blue,tone_4,suit
P11418,Emilia,White,NO,1,SOLO,2,ONLINE,brunette_f,black,tone_5,olive+green
P11419,Evie,Lee,NO,1,LEISURE,0,KIOSK,brunette,blue,tone_1,suit
P11420,Khalid,Young,NO,2,BUSINESS,1,KIOSK,blonde_f,blue,tone_2,blue
P11421,Ayana,Khalil,YES,10,LEISURE,1,DESK,brunette_f,black,tone_5,blue
P11422,Jamie,Kaminski,YES,7,LEISURE,2,KIOSK,black_f,black,tone_4,blue
P11423,Ishaan,Haddad,NO,2,BUSINESS,0,ONLINE,brunette_f,blue,tone_6,red
P11424,Eoin,Zhou,YES,7,FAMILY,3,DESK,black,black,tone_5,suit
P11425,Louis,Schneider,NO,1,LEISURE,0,KIOSK,black_f,blue,tone_4,red
P11426,Ren,Ali,YES,9,LEISURE,0,DESK,black,blue,tone_6,red
P11427,Taylor,Stewart,NO,3,SOLO,1,ONLINE,blonde,black,tone_4,red
P11428,Hassan,Bianchi,NO,3,BUSINESS,0,ONLINE,brunette_f,black,tone_3,red
P11429,Veer,Pham,NO,2,LEISURE,1,KIOSK,black,black,tone_3,olive+green
P11430,Hana,Young,NO,1,FAMILY,2,DESK,brunette_f,blue,tone_3,olive+green
P11431,Theo,Kumar,YES,9,FAMILY,3,DESK,brunette_f,black,tone_1,red
P11432,Zain,Gupta,NO,1,BUSINESS,0,DESK,brunette_f,blue,tone_2,red
P11433,Aryan,Ryan,NO,1,BUSINESS,0,ONLINE,brunette,blue,tone_6,blue
P11434,Georgia,Wisniewski,NO,2,LEISURE,2,ONLINE,brunette,black,tone_4,blue
P11435,Noor,Bailey,NO,3,LEISURE,0,ONLINE,brunette,blue,tone_3,blue
P11436,Nadia,Chen,NO,3,FAMILY,1,ONLINE,black,blue,tone_6,olive+green
P11437,Priya,Kaminski,NO,1,FAMILY,1,DESK,blonde,blue,tone_1,red
P11438,Amara,Phan,NO,1,LEISURE,0,ONLINE,brunette_f,black,tone_3,red
P11439,Tomasz,Robinson,NO,1,SOLO,1,ONLINE,brunette,black,tone_6,suit
P11440,Hao,Adeyemi,NO,3,FAMILY,1,DESK,blonde_f,blue,tone_6,suit
P11441,Tomasz,Scott,NO,1,SOLO,1,ONLINE,blonde_f,blue,tone_6,suit
P11442,Santiago,Ferrari,NO,2,LEISURE,1,ONLINE,brunette,black,tone_6,red
P11443,Niklas,Collins,NO,2,LEISURE,0,DESK,black_f,black,tone_1,suit
P11444,Faris,Lopez,YES,7,BUSINESS,0,ONLINE,brunette_f,blue,tone_2,suit
P11445,Oscar,Clarke,NO,1,SOLO,1,DESK,black,blue,tone_4,red
P11446,Akira,Perez,NO,1,LEISURE,1,ONLINE,blonde_f,black,tone_5,blue
P11447,Gurpreet,Dhillon,NO,2,SOLO,0,DESK,black,blue,tone_4,olive+green
P11448,Adwoa,Wang,NO,1,LEISURE,2,DESK,brunette_f,blue,tone_4,suit
P11449,Jack,Keita,NO,2,LEISURE,0,ONLINE,black,blue,tone_2,red
P11450,Adam,Li,NO,1,LEISURE,1,KIOSK,black_f,black,tone_1,blue
P11451,Emeka,O'Brien,NO,1,FAMILY,2,ONLINE,brunette,blue,tone_5,red
P11452,Nhi,Boateng,YES,7,LEISURE,1,KIOSK,blonde_f,blue,tone_6,suit
P11453,Quang,Roberts,NO,2,FAMILY,2,ONLINE,black_f,blue,tone_5,red
P11454,Salma,Hussain,NO,3,FAMILY,3,DESK,black_f,blue,tone_6,blue
P11455,Casey,Iyer,NO,2,SOLO,1,DESK,blonde_f,blue,tone_1,blue
P11456,Ren,Tanaka,YES,10,LEISURE,1,DESK,blonde,blue,tone_2,red
P11457,Aaliyah,Doyle,NO,3,LEISURE,1,ONLINE,blonde_f,blue,tone_1,olive+green
P11458,Jules,Brown,NO,2,BUSINESS,0,ONLINE,black_f,blue,tone_3,suit
P11459,Emily,Camara,NO,1,SOLO,1,KIOSK,black,black,tone_2,suit
P11460,Mai,Mehta,NO,1,LEISURE,0,DESK,brunette,black,tone_3,red
P11461,Jisoo,Brar,NO,2,SOLO,2,ONLINE,blonde_f,blue,tone_2,red
P11462,Lena,Bui,NO,1,BUSINESS,0,KIOSK,black,blue,tone_1,red
P11463,Minji,Kumar,NO,2,LEISURE,1,DESK,blonde,black,tone_4,blue
P11464,Aiko,Huynh,NO,2,LEISURE,1,DESK,brunette_f,blue,tone_3,olive+green
P11465,Camille,Zhang,NO,2,LEISURE,2,ONLINE,blonde,blue,tone_5,olive+green
P11466,Isha,Joshi,NO,1,LEISURE,0,KIOSK,brunette_f,blue,tone_3,red
P11467,Khalid,Rao,YES,7,SOLO,0,ONLINE,blonde,blue,tone_4,red
P11468,Isha,Bose,NO,2,LEISURE,1,KIOSK,blonde_f,blue,tone_6,olive+green
P11469,Thao,Muller,NO,1,LEISURE,1,ONLINE,brunette_f,black,tone_4,olive+green
P11470,Nisha,Zhang,NO,2,LEISURE,1,DESK,blonde,black,tone_2,red
P11471,Veer,Balogun,NO,3,LEISURE,1,DESK,black,black,tone_3,suit
P11472,Michael,Nwosu,NO,1,LEISURE,1,DESK,brunette_f,black,tone_6,suit
P11473,Ngozi,Muller,NO,2,SOLO,2,ONLINE,blonde_f,black,tone_1,suit
P11474,Aarav,Watanabe,NO,1,FAMILY,2,KIOSK,blonde,black,tone_5,suit
P11475,Theo,Foster,NO,3,SOLO,1,ONLINE,blonde,black,tone_1,olive+green
P11476,Khalid,Hussain,NO,2,LEISURE,1,DESK,brunette,blue,tone_6,olive+green
P11477,Avery,Brar,NO,1,LEISURE,1,KIOSK,blonde,blue,tone_4,red
P11478,Aarav,Hussain,NO,3,LEISURE,2,ONLINE,black_f,black,tone_5,olive+green
P11479,Ama,Keita,NO,2,FAMILY,2,DESK,blonde_f,black,tone_6,suit
P11480,Anh,Boateng,NO,1,BUSINESS,1,KIOSK,blonde_f,black,tone_3,blue
P11481,Malik,Rossi,YES,10,LEISURE,1,KIOSK,brunette_f,blue,tone_1,olive+green
P11482,Niklas,Rodriguez,NO,1,FAMILY,2,DESK,blonde_f,blue,tone_1,suit
P11483,Avery,Green,YES,9,FAMILY,2,KIOSK,brunette_f,black,tone_4,olive+green
P11484,Luca,Garcia,NO,1,SOLO,1,ONLINE,black_f,blue,tone_6,olive+green
P11485,Casey,Muller,NO,2,FAMILY,2,ONLINE,black,black,tone_1,olive+green
P11486,Hannah,Kang,NO,1,LEISURE,1,ONLINE,black_f,blue,tone_4,red
P11487,Emily,Sharma,NO,1,LEISURE,0,ONLINE,brunette_f,blue,tone_4,blue
P11488,Yuki,Chen,NO,1,SOLO,0,DESK,blonde_f,blue,tone_5,blue
P11489,Jack,Phan,YES,8,BUSINESS,0,ONLINE,brunette,black,tone_2,blue
P11490,Jamie,Perez,YES,7,BUSINESS,1,ONLINE,blonde,blue,tone_4,olive+green
P11491,Ananya,Lewandowski,NO,1,FAMILY,1,KIOSK,blonde,black,tone_1,red
P11492,Yuki,Stewart,YES,7,BUSINESS,0,ONLINE,blonde,black,tone_3,red
P11493,Charlotte,Watson,NO,1,FAMILY,2,KIOSK,black,black,tone_5,suit
P11494,Gurpreet,Ruiz,NO,3,BUSINESS,0,KIOSK,black,blue,tone_4,red
P11495,Alex,Agyeman,NO,2,BUSINESS,1,ONLINE,black,blue,tone_3,suit
P11496,Oscar,Zhang,NO,2,LEISURE,1,KIOSK,brunette_f,black,tone_6,blue
P11497,Charlotte,Walsh,NO,2,FAMILY,3,KIOSK,blonde,blue,tone_5,suit
P11498,Isha,Jimenez,NO,2,BUSINESS,0,KIOSK,brunette,blue,tone_3,red
P11499,Hao,Ali,NO,2,SOLO,2,DESK,black_f,blue,tone_5,suit
P11500,Oisin,Hussain,YES,10,LEISURE,1,KIOSK,black,blue,tone_3,suit
P11501,Manon,Kaminski,NO,1,SOLO,1,KIOSK,brunette,black,tone_3,blue
P11502,Sota,Hoang,YES,5,BUSINESS,0,ONLINE,brunette_f,blue,tone_4,blue
P11503,Quang,Muller,NO,3,BUSINESS,1,KIOSK,blonde_f,black,tone_4,blue
P11504,Samir,Adeyemi,NO,2,LEISURE,1,KIOSK,black_f,black,tone_1,suit
P11505,Hassan,Desai,NO,1,BUSINESS,1,KIOSK,brunette_f,blue,tone_2,olive+green
P11506,Daichi,Watson,NO,2,FAMILY,2,DESK,black,blue,tone_5,blue
P11507,William,Balogun,NO,1,FAMILY,2,ONLINE,black,black,tone_3,olive+green
P11508,Amara,Durand,NO,2,FAMILY,2,KIOSK,blonde,black,tone_6,suit
P11509,Priya,Suzuki,NO,2,FAMILY,2,DESK,blonde,black,tone_4,red
P11510,Kojo,Rao,NO,1,LEISURE,1,KIOSK,black,blue,tone_3,red
P11511,Aanya,Ali,NO,3,SOLO,2,ONLINE,brunette,black,tone_6,suit
P11512,Ishaan,Dubois,NO,1,BUSINESS,1,ONLINE,blonde_f,black,tone_5,suit
P11513,Luke,Li,NO,1,LEISURE,1,DESK,brunette_f,blue,tone_4,blue
P11514,Adam,White,YES,6,LEISURE,1,ONLINE,blonde,black,tone_6,blue
P11515,Hao,Scott,NO,3,LEISURE,1,DESK,black_f,black,tone_6,red
P11516,Morgan,Howard,NO,2,BUSINESS,1,DESK,brunette,blue,tone_3,olive+green
P11517,Jaspreet,Carter,YES,7,LEISURE,1,ONLINE,black_f,black,tone_4,olive+green
P11518,Valentina,Muller,NO,3,LEISURE,1,DESK,black_f,black,tone_5,red
P11519,Aiko,Bamba,NO,3,LEISURE,0,ONLINE,black_f,black,tone_4,olive+green
P11520,Ming,Gill,NO,1,LEISURE,1,KIOSK,black_f,blue,tone_2,blue
P11521,Hannah,Collins,YES,8,SOLO,1,ONLINE,brunette_f,black,tone_5,suit
P11522,Louis,Cho,YES,9,FAMILY,2,KIOSK,black,black,tone_4,suit
P11523,Isla,Iqbal,NO,1,FAMILY,1,KIOSK,black_f,black,tone_2,suit
P11524,Diego,Kaur,NO,2,LEISURE,1,ONLINE,brunette_f,blue,tone_4,blue
P11525,Aoife,Schmidt,NO,1,LEISURE,1,ONLINE,brunette,blue,tone_4,blue
P11526,Diya,Kone,NO,2,FAMILY,2,DESK,blonde_f,black,tone_5,suit
P11527,Alex,Tran,NO,1,BUSINESS,0,ONLINE,blonde_f,black,tone_3,blue
P11528,Lucie,Singh,NO,2,LEISURE,1,DESK,brunette,blue,tone_2,blue
P11529,Hannah,Davies,NO,1,LEISURE,1,ONLINE,blonde_f,black,tone_1,suit
P11530,Adam,Brown,NO,1,BUSINESS,0,KIOSK,brunette_f,black,tone_3,red
P11531,Khalid,Haddad,NO,2,LEISURE,2,ONLINE,black,black,tone_2,red
P11532,Niklas,Durand,YES,5,BUSINESS,1,ONLINE,blonde_f,blue,tone_4,olive+green
P11533,Navdeep,Brar,NO,1,LEISURE,1,DESK,brunette,black,tone_4,olive+green
P11534,Kojo,Li,NO,3,BUSINESS,0,KIOSK,brunette_f,blue,tone_1,suit
P11535,Hamza,Thompson,NO,2,BUSINESS,0,ONLINE,blonde_f,blue,tone_1,olive+green
P11536,Sophie,O'Brien,NO,1,LEISURE,1,ONLINE,blonde,black,tone_6,red
P11537,Olivia,Le,YES,8,LEISURE,1,ONLINE,black,blue,tone_4,red
P11538,Noor,Dang,NO,1,LEISURE,1,ONLINE,blonde_f,blue,tone_3,red
P11539,Tariq,Ruiz,NO,2,LEISURE,1,KIOSK,blonde_f,black,tone_1,blue
P11540,Yusuf,Garcia,NO,1,SOLO,1,ONLINE,black,blue,tone_3,red
P11541,Muhammad,Kaur,NO,2,SOLO,1,ONLINE,brunette,blue,tone_5,suit
P11542,Omar,Mansour,NO,1,BUSINESS,0,ONLINE,black,blue,tone_4,suit
P11543,Yusuf,Zhang,NO,1,FAMILY,2,DESK,black_f,blue,tone_5,suit
P11544,Kiet,Dhillon,NO,1,SOLO,1,KIOSK,black,black,tone_5,olive+green
P11545,Hannah,Kelly,NO,1,BUSINESS,0,ONLINE,black,blue,tone_5,blue
P11546,Layla,Rahman,NO,1,LEISURE,0,ONLINE,black,blue,tone_6,olive+green
P11547,Sam,Romano,NO,3,LEISURE,1,DESK,brunette_f,blue,tone_4,suit
P11548,Noor,Park,NO,2,LEISURE,1,DESK,blonde_f,black,tone_3,blue
P11549,Ava,Pham,NO,2,LEISURE,1,KIOSK,blonde_f,black,tone_6,olive+green
P11550,Ayana,Baker,NO,1,LEISURE,0,ONLINE,brunette_f,blue,tone_1,olive+green
P11551,Kenji,Liu,NO,2,LEISURE,2,DESK,blonde_f,black,tone_3,red
P11552,Nia,Ricci,NO,3,LEISURE,0,ONLINE,black_f,black,tone_5,blue
P11553,Noah,Green,NO,1,FAMILY,2,ONLINE,brunette_f,black,tone_2,olive+green
P11554,Sebastian,Wisniewski,NO,1,LEISURE,1,DESK,blonde,black,tone_5,blue
P11555,Declan,O'Brien,YES,9,LEISURE,0,ONLINE,blonde,blue,tone_5,red
P11556,Michael,Fischer,NO,1,BUSINESS,0,ONLINE,brunette,black,tone_5,red
P11557,Oscar,Bianchi,NO,2,LEISURE,1,KIOSK,blonde,black,tone_6,olive+green
P11558,Rohan,Wang,NO,1,SOLO,1,DESK,brunette,blue,tone_2,blue
P11559,Imran,Mitchell,NO,2,LEISURE,0,DESK,blonde,black,tone_1,red
P11560,Mila,Traore,NO,2,SOLO,1,ONLINE,brunette_f,blue,tone_2,olive+green
P11561,Matteo,Camara,NO,1,BUSINESS,0,ONLINE,blonde_f,blue,tone_4,suit
P11562,Nhi,Russell,NO,3,BUSINESS,2,ONLINE,black_f,black,tone_3,suit
P11563,Ngozi,Lewandowski,NO,2,FAMILY,2,KIOSK,black_f,black,tone_6,blue
P11564,Emilia,Parker,NO,1,LEISURE,1,ONLINE,black,black,tone_5,red
P11565,George,Smith,NO,3,FAMILY,2,KIOSK,black,black,tone_6,blue
P11566,Manpreet,Hoang,NO,2,LEISURE,0,ONLINE,brunette,blue,tone_6,suit
P11567,Salma,Schmidt,NO,1,FAMILY,2,KIOSK,brunette_f,black,tone_4,suit
P11568,Trang,Camara,NO,2,LEISURE,1,ONLINE,brunette,blue,tone_1,blue
P11569,Hugo,Patel,NO,1,LEISURE,1,KIOSK,blonde,blue,tone_4,olive+green
P11570,Sota,Petit,NO,1,BUSINESS,1,ONLINE,blonde_f,black,tone_2,suit
P11571,Amina,Kaminski,NO,1,FAMILY,3,DESK,blonde_f,blue,tone_5,red
P11572,Lucie,Bernard,NO,3,LEISURE,1,ONLINE,brunette_f,blue,tone_1,blue
P11573,Haruto,Cho,NO,1,SOLO,1,ONLINE,blonde,blue,tone_2,olive+green
P11574,George,Desai,YES,6,LEISURE,1,KIOSK,blonde_f,black,tone_2,olive+green
P11575,Oscar,Grant,YES,10,LEISURE,1,KIOSK,black,blue,tone_2,suit
P11576,Imani,Jung,NO,3,LEISURE,1,ONLINE,brunette_f,black,tone_3,olive+green
P11577,Quang,Asante,YES,5,LEISURE,1,KIOSK,brunette_f,black,tone_4,suit
P11578,Manpreet,Gallagher,NO,3,LEISURE,1,KIOSK,blonde,blue,tone_6,blue
P11579,Bethany,Bose,NO,2,LEISURE,0,KIOSK,black,black,tone_5,blue
P11580,Molly,Campbell,NO,2,FAMILY,3,DESK,blonde_f,blue,tone_5,olive+green
P11581,Muhammad,Lopez,NO,1,BUSINESS,0,KIOSK,brunette,blue,tone_2,suit
P11582,Chidi,Roberts,NO,3,FAMILY,2,DESK,blonde_f,blue,tone_3,suit
P11583,Hannah,Baker,NO,2,SOLO,2,KIOSK,black_f,black,tone_1,red
P11584,Aaliyah,White,NO,2,LEISURE,1,KIOSK,brunette_f,blue,tone_2,suit
P11585,Kwame,Dubois,NO,2,FAMILY,3,DESK,blonde_f,blue,tone_6,red
P11586,Ren,Saleh,YES,7,FAMILY,3,ONLINE,black_f,black,tone_6,red
P11587,Ngozi,Robinson,NO,2,SOLO,1,ONLINE,blonde_f,blue,tone_6,blue
P11588,Minho,Parker,NO,2,LEISURE,1,KIOSK,black,blue,tone_6,olive+green
P11589,Abena,Jimenez,NO,2,LEISURE,0,KIOSK,blonde_f,blue,tone_4,blue
P11590,Molly,Martinez,YES,8,LEISURE,1,DESK,brunette,blue,tone_3,olive+green
P11591,Matteo,Yoon,NO,1,SOLO,1,ONLINE,brunette_f,blue,tone_3,blue
P11592,Tunde,Carter,YES,6,LEISURE,1,DESK,black,blue,tone_1,suit
P11593,Linh,Brown,NO,2,SOLO,2,ONLINE,brunette_f,black,tone_1,blue
P11594,Cameron,Lopez,YES,6,FAMILY,3,DESK,brunette,blue,tone_3,olive+green
P11595,Trang,Ali,NO,2,FAMILY,2,DESK,brunette_f,blue,tone_6,suit
P11596,Jack,Vu,NO,2,LEISURE,1,ONLINE,black_f,blue,tone_1,blue
P11597,Dev,Sow,NO,3,FAMILY,2,DESK,black,black,tone_2,suit
P11598,Alessia,Gill,NO,2,LEISURE,1,ONLINE,brunette,blue,tone_5,olive+green
P11599,Yusuf,Nowak,NO,3,LEISURE,1,KIOSK,black,blue,tone_4,red
P11600,Gurleen,Gill,NO,2,LEISURE,1,ONLINE,blonde_f,blue,tone_4,suit
P11601,Chiara,Watanabe,NO,3,SOLO,1,ONLINE,blonde_f,blue,tone_5,blue
P11602,Ngozi,Saleh,NO,1,BUSINESS,1,ONLINE,brunette_f,black,tone_5,red
P11603,Jisoo,Keita,YES,7,FAMILY,2,DESK,blonde,black,tone_4,suit
P11604,Ayana,Ali,NO,1,LEISURE,1,KIOSK,blonde_f,blue,tone_5,blue
P11605,Zofia,Asante,NO,1,BUSINESS,0,ONLINE,brunette_f,black,tone_6,suit
P11606,Casey,Keita,NO,3,LEISURE,1,ONLINE,blonde_f,black,tone_4,suit
P11607,Mila,Malhotra,NO,3,SOLO,0,DESK,black,black,tone_3,red
P11608,Haruto,Okafor,NO,1,LEISURE,1,DESK,black,blue,tone_5,olive+green
P11609,Aiko,Hussain,NO,3,LEISURE,1,DESK,black,blue,tone_1,red
P11610,Gabriel,Fofana,YES,6,BUSINESS,0,ONLINE,black,blue,tone_6,suit
P11611,Taylor,Mahmood,YES,10,BUSINESS,0,ONLINE,black_f,black,tone_6,blue
P11612,Faris,Kumar,NO,2,SOLO,0,KIOSK,brunette_f,black,tone_6,suit
P11613,Emilia,Bianchi,NO,1,LEISURE,1,KIOSK,black,black,tone_5,olive+green
P11614,Simran,Joshi,NO,2,LEISURE,1,DESK,black,blue,tone_3,red
P11615,Declan,Ricci,YES,6,LEISURE,1,ONLINE,brunette_f,blue,tone_6,red
P11616,Theo,Haddad,YES,7,LEISURE,1,DESK,brunette_f,black,tone_3,blue
P11617,Aarav,Saleh,YES,10,FAMILY,3,DESK,blonde,blue,tone_1,suit
P11618,Louis,Chen,NO,2,SOLO,1,ONLINE,black_f,black,tone_2,blue
P11619,Amina,Johnson,NO,3,FAMILY,2,ONLINE,black_f,blue,tone_2,olive+green
P11620,Phoebe,Wilson,YES,6,BUSINESS,0,ONLINE,black,black,tone_6,olive+green
P11621,Rohan,Nowak,NO,2,BUSINESS,0,ONLINE,brunette_f,black,tone_3,suit
P11622,Ishaan,Bianchi,NO,2,FAMILY,2,KIOSK,black,black,tone_2,red
P11623,Bao,Yang,NO,1,LEISURE,1,DESK,black_f,black,tone_4,olive+green
P11624,Krish,Romano,YES,5,BUSINESS,0,ONLINE,blonde,blue,tone_6,blue
P11625,Diego,Choi,YES,10,LEISURE,1,DESK,blonde_f,blue,tone_2,blue
P11626,Mai,Williams,YES,6,SOLO,1,KIOSK,brunette_f,black,tone_3,red
P11627,Dev,Choi,NO,3,LEISURE,0,DESK,black_f,black,tone_4,suit
P11628,Faris,Morgan,NO,3,LEISURE,1,KIOSK,blonde_f,black,tone_3,red
P11629,Violet,Ryan,NO,3,BUSINESS,0,ONLINE,blonde_f,blue,tone_6,suit
P11630,Zofia,Bailey,NO,1,BUSINESS,1,ONLINE,blonde_f,black,tone_3,olive+green
P11631,Dev,Scott,NO,1,LEISURE,1,ONLINE,black,blue,tone_6,olive+green
P11632,Ronan,Li,NO,1,FAMILY,3,ONLINE,blonde,black,tone_5,olive+green
P11633,Oisin,Rao,YES,6,LEISURE,0,KIOSK,brunette,black,tone_2,red
P11634,Jisoo,Ricci,YES,10,FAMILY,2,DESK,blonde,blue,tone_5,olive+green
P11635,Chidi,Takahashi,NO,1,LEISURE,1,ONLINE,brunette_f,blue,tone_6,suit
P11636,James,Verma,NO,2,LEISURE,1,ONLINE,black_f,blue,tone_1,red
P11637,Charlie,Huang,NO,2,FAMILY,1,DESK,blonde_f,blue,tone_2,blue
P11638,Nhi,Khalil,NO,1,LEISURE,2,ONLINE,brunette_f,black,tone_6,olive+green
P11639,Jisoo,Mehta,NO,3,LEISURE,1,ONLINE,blonde,blue,tone_1,olive+green
P11640,Emily,Gill,NO,1,SOLO,1,DESK,black,black,tone_2,blue
P11641,Jian,Iqbal,YES,7,SOLO,0,DESK,black_f,blue,tone_4,red
P11642,Felix,Russell,YES,6,FAMILY,2,DESK,blonde,blue,tone_4,olive+green
P11643,Aarav,Nasser,YES,10,LEISURE,2,KIOSK,black,blue,tone_4,suit
P11644,Emily,Petit,NO,1,BUSINESS,0,ONLINE,black,black,tone_1,olive+green
P11645,Jack,Ito,NO,1,BUSINESS,2,ONLINE,black_f,black,tone_5,blue
P11646,Aryan,Green,NO,1,LEISURE,1,ONLINE,blonde_f,black,tone_5,suit
P11647,Meera,Francis,NO,1,FAMILY,2,DESK,brunette,black,tone_6,suit
P11648,Tariq,Siddiqui,NO,2,LEISURE,0,ONLINE,black_f,black,tone_6,blue
P11649,Kacper,Patel,YES,7,BUSINESS,0,ONLINE,brunette,black,tone_2,suit
P11650,Olivia,Wright,YES,7,FAMILY,2,KIOSK,blonde_f,blue,tone_2,red
P11651,Meera,Fischer,NO,1,LEISURE,1,ONLINE,brunette,blue,tone_6,olive+green
P11652,Luca,Sow,NO,2,FAMILY,2,DESK,blonde,black,tone_5,olive+green
P11653,Lena,Adams,YES,5,BUSINESS,1,ONLINE,blonde_f,black,tone_6,red
P11654,Charlie,Bamba,NO,1,LEISURE,0,DESK,black,black,tone_5,red
P11655,Haruto,Thompson,NO,3,FAMILY,1,DESK,black,black,tone_5,blue
P11656,Niamh,Adeyemi,NO,1,LEISURE,2,ONLINE,brunette_f,black,tone_3,red
P11657,Olivia,Nowak,NO,2,BUSINESS,0,ONLINE,brunette,black,tone_3,red
P11658,Adam,Rossi,NO,1,LEISURE,1,DESK,blonde_f,blue,tone_3,olive+green
P11659,Layla,Siddiqui,NO,3,LEISURE,0,DESK,black_f,blue,tone_1,olive+green
P11660,Jian,Xu,NO,2,LEISURE,1,ONLINE,brunette,blue,tone_3,blue
P11661,Oisin,Xu,NO,3,LEISURE,1,DESK,black_f,black,tone_5,olive+green
P11662,Priya,Keita,NO,2,BUSINESS,1,ONLINE,black_f,black,tone_6,red
P11663,Violet,Kowalski,NO,2,LEISURE,1,ONLINE,brunette,black,tone_1,olive+green
P11664,Zain,Yoon,NO,1,FAMILY,2,ONLINE,blonde_f,blue,tone_4,red
P11665,Karim,Zielinski,NO,2,SOLO,0,DESK,black_f,blue,tone_1,suit
P11666,Taylor,Wilson,NO,1,BUSINESS,1,KIOSK,black_f,black,tone_3,suit
P11667,Gurpreet,Haddad,NO,1,LEISURE,0,ONLINE,black,blue,tone_4,olive+green
P11668,Bilal,Dubois,NO,2,FAMILY,2,DESK,black_f,blue,tone_5,suit
P11669,Arjun,Zhang,NO,2,LEISURE,2,DESK,brunette_f,blue,tone_3,red
P11670,Hamza,Sow,NO,2,BUSINESS,0,DESK,black,black,tone_3,red
P11671,Mila,Kang,NO,1,LEISURE,1,DESK,brunette,blue,tone_1,red
P11672,Violet,Joshi,NO,3,BUSINESS,0,DESK,blonde_f,black,tone_1,suit
P11673,Navdeep,Patel,NO,1,LEISURE,1,ONLINE,black_f,blue,tone_2,suit
P11674,Aanya,Hall,NO,3,SOLO,1,DESK,brunette_f,blue,tone_4,blue
P11675,Zuri,Murphy,NO,1,LEISURE,1,ONLINE,brunette_f,blue,tone_2,olive+green
P11676,Imran,Yang,NO,2,LEISURE,2,ONLINE,black,blue,tone_3,blue
P11677,Hamza,Williams,NO,1,FAMILY,2,DESK,brunette,blue,tone_1,red
P11678,Ella,Campbell,NO,1,FAMILY,2,ONLINE,blonde,black,tone_6,olive+green
P11679,Samir,Okafor,NO,2,BUSINESS,0,KIOSK,blonde_f,blue,tone_3,olive+green
P11680,Minji,Francis,NO,2,SOLO,0,DESK,blonde_f,black,tone_5,olive+green
P11681,Poppy,Saleh,NO,1,FAMILY,3,ONLINE,blonde,black,tone_6,blue
P11682,Marco,Nwosu,YES,6,BUSINESS,0,ONLINE,blonde_f,blue,tone_4,red
P11683,Leon,Mahmood,NO,1,FAMILY,2,KIOSK,blonde,blue,tone_6,blue
P11684,Mia,Park,YES,8,FAMILY,3,DESK,black_f,black,tone_1,olive+green
P11685,Johanna,Eze,NO,1,SOLO,0,ONLINE,blonde,black,tone_1,suit
P11686,Diego,Anderson,NO,1,FAMILY,2,ONLINE,brunette,blue,tone_3,red
P11687,Hao,Yamamoto,YES,9,FAMILY,3,ONLINE,brunette,black,tone_4,suit
P11688,Sota,Parker,NO,1,LEISURE,1,ONLINE,brunette,black,tone_4,suit
P11689,Johanna,Moreau,NO,1,SOLO,0,ONLINE,brunette_f,blue,tone_4,blue
P11690,Taylor,Grant,NO,2,LEISURE,1,DESK,blonde_f,blue,tone_5,olive+green
P11691,Diego,Malhotra,YES,7,BUSINESS,1,ONLINE,blonde,black,tone_3,blue
P11692,Jakub,Stewart,NO,1,SOLO,0,DESK,black,blue,tone_5,olive+green
P11693,Zain,Green,NO,2,LEISURE,1,ONLINE,brunette,black,tone_1,olive+green
P11694,Nadia,Bose,NO,2,LEISURE,1,DESK,blonde_f,black,tone_2,suit
P11695,Akira,Schmidt,NO,2,LEISURE,0,KIOSK,blonde,black,tone_4,red
P11696,Isabella,Hoang,NO,2,BUSINESS,1,ONLINE,black_f,black,tone_3,olive+green
P11697,Nisha,White,NO,1,LEISURE,0,DESK,black,black,tone_2,suit
P11698,Theo,Balogun,YES,6,SOLO,1,DESK,black_f,blue,tone_5,olive+green
P11699,Ava,Moretti,NO,2,FAMILY,2,DESK,brunette_f,black,tone_4,blue
P11700,Bethany,Owusu,NO,2,FAMILY,3,ONLINE,black,black,tone_4,red
P11701,Simran,Weber,NO,3,BUSINESS,0,ONLINE,black,black,tone_3,blue
P11702,Manon,Phan,YES,10,SOLO,1,KIOSK,blonde_f,blue,tone_1,suit
P11703,Rin,Malhotra,NO,2,LEISURE,1,DESK,blonde,blue,tone_2,olive+green
P11704,Yuna,Bernard,NO,2,LEISURE,2,DESK,brunette_f,black,tone_4,blue
P11705,Ishaan,Park,NO,1,BUSINESS,1,DESK,blonde_f,blue,tone_5,suit
P11706,Malik,Hall,NO,1,LEISURE,1,ONLINE,brunette,black,tone_5,olive+green
P11707,Zain,Shah,NO,3,LEISURE,0,ONLINE,brunette_f,black,tone_3,blue
P11708,Hana,Joshi,NO,1,BUSINESS,2,ONLINE,brunette,black,tone_3,olive+green
P11709,David,Yamamoto,NO,3,FAMILY,2,DESK,black,blue,tone_1,suit
P11710,Amina,Nasser,NO,2,BUSINESS,1,ONLINE,blonde_f,black,tone_6,olive+green
P11711,Ruby,Kumar,YES,5,SOLO,1,KIOSK,blonde,blue,tone_2,red
P11712,Arjun,Fofana,NO,2,BUSINESS,0,KIOSK,blonde_f,blue,tone_1,olive+green
P11713,Hyejin,Iqbal,NO,2,LEISURE,1,KIOSK,blonde_f,blue,tone_1,red
P11714,Emilia,Reddy,NO,2,FAMILY,2,KIOSK,blonde,blue,tone_6,suit
P11715,Quang,Bui,NO,1,SOLO,1,KIOSK,blonde,black,tone_1,red
P11716,Soyeon,Kang,NO,2,SOLO,1,ONLINE,blonde_f,blue,tone_2,suit
P11717,Faris,Romano,YES,6,BUSINESS,0,ONLINE,black,black,tone_4,olive+green
P11718,Matteo,Agyeman,NO,2,BUSINESS,0,ONLINE,blonde_f,blue,tone_4,red
P11719,Felix,Sharma,NO,1,FAMILY,2,DESK,blonde_f,black,tone_2,blue
P11720,Manon,Bui,NO,1,FAMILY,2,DESK,brunette_f,blue,tone_4,red
P11721,Matteo,Collins,NO,2,LEISURE,1,ONLINE,black_f,black,tone_2,suit
P11722,Tao,Jimenez,NO,3,LEISURE,1,DESK,blonde,black,tone_1,red
P11723,Zofia,Durand,NO,2,FAMILY,3,DESK,black,blue,tone_6,olive+green
P11724,Riya,Scott,YES,5,SOLO,1,DESK,blonde,blue,tone_1,blue
P11725,Hao,Balogun,NO,1,LEISURE,0,ONLINE,blonde,blue,tone_3,olive+green
P11726,Trang,Diallo,NO,2,FAMILY,2,KIOSK,brunette,blue,tone_4,olive+green
P11727,Hana,Xu,NO,1,FAMILY,1,KIOSK,black_f,black,tone_5,red
P11728,Jelani,Lee,NO,2,LEISURE,1,ONLINE,black,blue,tone_4,red
P11729,Niamh,Vu,YES,10,LEISURE,1,ONLINE,brunette,blue,tone_4,suit
P11730,Santiago,Yoon,NO,2,LEISURE,1,DESK,black,black,tone_6,olive+green
P11731,Rohan,Ferrari,NO,1,LEISURE,1,KIOSK,brunette,black,tone_6,suit
P11732,Yuki,Thompson,NO,1,LEISURE,1,DESK,brunette_f,blue,tone_2,red
P11733,Nhi,Chopra,NO,2,SOLO,0,ONLINE,blonde,blue,tone_5,red
P11734,Nisha,Hall,NO,2,SOLO,1,ONLINE,black_f,black,tone_5,blue
P11735,Avery,Jimenez,NO,1,BUSINESS,0,ONLINE,blonde_f,black,tone_4,suit
P11736,Hao,Nowak,NO,1,SOLO,1,ONLINE,blonde_f,black,tone_5,olive+green
P11737,Kenji,Sandhu,NO,2,LEISURE,1,ONLINE,black,blue,tone_3,olive+green
P11738,Victoria,Mensah,YES,10,LEISURE,2,KIOSK,black,black,tone_6,blue
P11739,Alex,Rahman,NO,2,FAMILY,2,ONLINE,black,blue,tone_3,blue
P11740,Karim,Bianchi,NO,1,BUSINESS,0,ONLINE,brunette_f,black,tone_1,red
P11741,Harpreet,Adeyemi,NO,3,BUSINESS,1,ONLINE,brunette,black,tone_6,blue
P11742,Felix,Zhang,NO,2,BUSINESS,0,DESK,black_f,black,tone_1,red
P11743,Aanya,Rodriguez,NO,1,BUSINESS,0,ONLINE,blonde,black,tone_3,blue
P11744,Noah,Ali,NO,2,FAMILY,2,ONLINE,brunette_f,blue,tone_4,red
P11745,Hassan,Nasser,NO,3,LEISURE,0,KIOSK,black,black,tone_4,suit
P11746,Nhi,Nguyen,NO,2,LEISURE,1,ONLINE,blonde_f,blue,tone_3,blue
P11747,Bethany,Zielinski,NO,1,BUSINESS,0,ONLINE,blonde,black,tone_1,red
P11748,Zuri,Suzuki,NO,1,LEISURE,1,DESK,brunette,black,tone_4,olive+green
P11749,Manon,Nguyen,NO,3,LEISURE,0,KIOSK,blonde_f,blue,tone_2,blue
P11750,Camila,Toure,NO,1,LEISURE,1,ONLINE,black,black,tone_5,suit
P11751,Trang,Rahman,NO,3,LEISURE,2,DESK,brunette,blue,tone_5,red
P11752,Mai,Jimenez,YES,6,LEISURE,1,KIOSK,blonde_f,black,tone_4,olive+green
P11753,Imani,Yoon,YES,10,SOLO,1,KIOSK,blonde_f,black,tone_1,olive+green
P11754,Georgia,Kumar,NO,3,FAMILY,2,DESK,brunette,blue,tone_5,blue
P11755,Jasleen,Sharma,NO,2,LEISURE,1,KIOSK,black,blue,tone_2,suit
P11756,Soyeon,Jimenez,NO,2,LEISURE,1,DESK,blonde_f,blue,tone_5,suit
P11757,Hannah,Muller,NO,2,FAMILY,2,DESK,black,blue,tone_6,olive+green
P11758,Gurpreet,Mehta,NO,1,LEISURE,1,DESK,black_f,black,tone_4,olive+green
P11759,Tariq,Cho,NO,1,LEISURE,1,ONLINE,brunette_f,blue,tone_3,olive+green
P11760,Oisin,Chen,NO,1,SOLO,1,KIOSK,brunette,black,tone_4,red
P11761,Riley,Leroy,NO,3,LEISURE,0,KIOSK,black_f,blue,tone_2,suit
P11762,Matteo,Bui,NO,1,SOLO,1,ONLINE,black_f,black,tone_5,suit
P11763,Alfie,Dang,NO,1,SOLO,1,ONLINE,blonde,blue,tone_3,red
P11764,Bilal,Martinez,NO,1,LEISURE,1,DESK,black,blue,tone_3,olive+green
P11765,Jun,Conti,NO,1,LEISURE,1,ONLINE,blonde_f,black,tone_3,suit
P11766,Isla,Bernard,NO,1,FAMILY,1,DESK,blonde_f,black,tone_5,suit
P11767,Leon,Garcia,NO,3,BUSINESS,0,ONLINE,blonde_f,blue,tone_3,blue
P11768,Mandeep,Bailey,NO,2,FAMILY,2,KIOSK,black_f,black,tone_1,red
P11769,Phoebe,Thomas,YES,7,SOLO,1,ONLINE,blonde,black,tone_6,red
P11770,Riya,Moretti,NO,2,BUSINESS,1,DESK,blonde,blue,tone_3,blue
P11771,Soyeon,Xu,NO,1,BUSINESS,0,ONLINE,brunette,black,tone_4,suit
P11772,Jaspreet,Toure,NO,3,LEISURE,1,ONLINE,brunette,black,tone_6,suit
P11773,Samir,Sandhu,NO,3,FAMILY,3,KIOSK,brunette,black,tone_6,suit
P11774,Zofia,Choi,NO,2,LEISURE,2,KIOSK,black,black,tone_3,red
P11775,George,Russell,NO,3,LEISURE,0,DESK,brunette_f,blue,tone_5,blue
P11776,Jordan,Huang,NO,2,SOLO,0,KIOSK,brunette,blue,tone_6,red
P11777,Niklas,Smith,NO,1,FAMILY,2,KIOSK,black,blue,tone_3,red
P11778,Dev,Carter,YES,10,LEISURE,1,ONLINE,black_f,blue,tone_2,suit
P11779,Sakura,Nair,NO,1,FAMILY,2,KIOSK,black_f,black,tone_5,suit
P11780,Ngozi,Wright,NO,2,LEISURE,1,ONLINE,black_f,black,tone_3,blue
P11781,Arnav,Okafor,NO,2,SOLO,1,DESK,blonde,black,tone_2,olive+green
P11782,Victoria,Francis,NO,3,LEISURE,1,DESK,brunette_f,blue,tone_3,red
P11783,Lena,Johnson,NO,1,FAMILY,3,DESK,black_f,black,tone_2,red
P11784,Tunde,Owusu,NO,1,SOLO,0,KIOSK,black,black,tone_4,olive+green
P11785,Aanya,Ryan,NO,1,LEISURE,1,DESK,black_f,black,tone_4,olive+green
P11786,Arnav,Khalil,YES,6,SOLO,1,KIOSK,brunette,blue,tone_2,red
P11787,Kacper,Martinez,YES,7,SOLO,1,ONLINE,black_f,black,tone_2,suit
P11788,Mateo,Le,NO,3,FAMILY,3,DESK,brunette_f,blue,tone_5,suit
P11789,Samar,Adams,NO,1,BUSINESS,1,ONLINE,black,blue,tone_4,red
P11790,Faris,Green,NO,1,FAMILY,2,DESK,black,blue,tone_6,red
P11791,Arnav,Russell,NO,2,LEISURE,1,ONLINE,brunette_f,blue,tone_4,olive+green
P11792,Priya,Williams,NO,3,FAMILY,1,DESK,black,black,tone_1,blue
P11793,Riya,Nasser,NO,3,SOLO,0,KIOSK,blonde,blue,tone_6,olive+green
P11794,Gabriel,Evans,NO,1,SOLO,1,ONLINE,black,black,tone_3,blue
P11795,Manon,O'Brien,NO,1,FAMILY,2,ONLINE,brunette,blue,tone_3,red
P11796,Kacper,Kapoor,NO,1,LEISURE,1,ONLINE,brunette_f,black,tone_3,red
P11797,Mai,Wang,YES,8,SOLO,2,DESK,blonde_f,black,tone_2,blue
P11798,Hassan,Hall,YES,5,FAMILY,2,DESK,brunette,blue,tone_1,olive+green
P11799,Mai,Adams,NO,1,FAMILY,2,DESK,blonde,blue,tone_3,suit
P11800,Valentina,Petit,NO,1,FAMILY,2,DESK,blonde,black,tone_3,blue
P11801,Ananya,Ricci,NO,2,BUSINESS,1,ONLINE,black_f,black,tone_1,blue
P11802,Arnav,Fofana,NO,2,BUSINESS,1,ONLINE,brunette_f,blue,tone_2,olive+green
P11803,Rohan,Baker,YES,6,FAMILY,2,DESK,blonde,black,tone_1,red
P11804,Minji,Howard,NO,1,FAMILY,2,KIOSK,blonde,black,tone_6,blue
P11805,Quang,Chopra,NO,1,SOLO,1,DESK,brunette,blue,tone_5,suit
P11806,Grace,Pham,NO,1,FAMILY,2,KIOSK,brunette_f,black,tone_5,blue
P11807,Cameron,Petit,NO,2,FAMILY,3,DESK,brunette_f,blue,tone_6,blue
P11808,Trang,Haddad,NO,1,LEISURE,0,DESK,black_f,black,tone_4,blue
P11809,Camille,Okafor,NO,3,FAMILY,2,KIOSK,brunette,blue,tone_4,blue
P11810,Noah,Lee,YES,9,LEISURE,2,DESK,black_f,blue,tone_1,blue
P11811,Ryan,Sow,NO,1,SOLO,1,ONLINE,brunette_f,blue,tone_3,olive+green
P11812,Karim,Tanaka,NO,3,LEISURE,1,ONLINE,black_f,blue,tone_3,suit
P11813,Riya,Chen,NO,2,FAMILY,2,KIOSK,brunette,black,tone_4,olive+green
P11814,Isabella,Schneider,NO,2,BUSINESS,1,KIOSK,blonde_f,black,tone_6,blue
P11815,Diego,White,NO,3,LEISURE,1,ONLINE,black_f,black,tone_6,suit
P11816,Wei,Le,NO,2,BUSINESS,0,KIOSK,brunette,blue,tone_3,blue
P11817,Morgan,Byrne,NO,1,FAMILY,2,ONLINE,black,blue,tone_1,blue
P11818,Rohan,Kelly,NO,2,SOLO,1,ONLINE,black_f,black,tone_6,olive+green
P11819,Soyeon,Smith,NO,2,LEISURE,1,ONLINE,blonde,blue,tone_6,suit
P11820,Anh,Tanaka,NO,2,LEISURE,0,ONLINE,brunette,blue,tone_4,suit
P11821,Ishaan,Anderson,NO,1,SOLO,1,KIOSK,black,blue,tone_1,suit
P11822,Navdeep,Ryan,YES,10,FAMILY,1,DESK,black,black,tone_3,blue
P11823,Layla,Lopez,YES,7,SOLO,1,ONLINE,brunette_f,black,tone_4,olive+green
P11824,Tariq,Wu,NO,2,LEISURE,1,DESK,blonde,black,tone_4,red
P11825,Lena,Scott,YES,7,BUSINESS,0,KIOSK,brunette,blue,tone_3,blue
P11826,Arjun,Nwosu,NO,2,LEISURE,1,ONLINE,black_f,blue,tone_4,blue
P11827,Jacob,Fischer,YES,9,LEISURE,1,ONLINE,brunette_f,blue,tone_4,suit
P11828,Kacper,Huynh,YES,7,FAMILY,3,DESK,brunette_f,black,tone_6,suit
P11829,Samar,Takahashi,NO,1,FAMILY,3,DESK,black_f,black,tone_1,blue
P11830,Adam,Malhotra,NO,1,LEISURE,1,DESK,blonde_f,blue,tone_4,red
P11831,Karan,Schneider,NO,2,BUSINESS,2,KIOSK,blonde,blue,tone_5,suit
P11832,Riya,Jung,NO,2,BUSINESS,0,KIOSK,blonde_f,black,tone_6,suit
P11833,Lena,Lee,NO,2,BUSINESS,0,ONLINE,brunette_f,blue,tone_3,suit
P11834,Krish,Shah,YES,6,LEISURE,1,DESK,blonde_f,blue,tone_5,suit
P11835,Mei,Vu,NO,1,LEISURE,1,ONLINE,brunette,blue,tone_1,olive+green
P11836,Adwoa,Boateng,YES,9,SOLO,1,KIOSK,blonde_f,black,tone_4,suit
P11837,Isla,Liu,NO,2,LEISURE,1,ONLINE,blonde_f,black,tone_2,red
P11838,Sam,Rodriguez,NO,1,LEISURE,0,ONLINE,blonde,blue,tone_1,red
P11839,Sophie,Hoang,NO,1,FAMILY,1,DESK,black,blue,tone_1,olive+green
P11840,Georgia,Fischer,NO,2,SOLO,1,DESK,black_f,blue,tone_4,suit
P11841,Jamie,Muller,NO,2,LEISURE,1,ONLINE,blonde_f,blue,tone_2,blue
P11842,Amina,Chopra,NO,1,BUSINESS,1,KIOSK,brunette_f,blue,tone_5,olive+green
P11843,Kacper,Akhtar,NO,3,FAMILY,2,DESK,black,blue,tone_2,blue
P11844,Thomas,Nwosu,NO,1,FAMILY,2,DESK,blonde_f,black,tone_3,blue
P11845,Nadia,Wu,NO,2,BUSINESS,0,ONLINE,blonde,blue,tone_2,blue
P11846,Arjun,Young,NO,1,LEISURE,1,ONLINE,brunette,black,tone_2,olive+green
P11847,Lily,Lopez,NO,1,SOLO,0,ONLINE,black_f,black,tone_5,suit
P11848,Lena,Tanaka,NO,3,LEISURE,1,DESK,brunette,black,tone_5,suit
P11849,Taylor,Takahashi,NO,3,FAMILY,2,DESK,blonde_f,blue,tone_1,red
P11850,Hugo,Bernard,NO,1,SOLO,1,ONLINE,blonde,black,tone_2,red
P11851,Yasmin,Murphy,NO,3,FAMILY,2,DESK,blonde,blue,tone_4,blue
P11852,Cian,Nowak,NO,1,SOLO,1,KIOSK,brunette,blue,tone_1,olive+green
P11853,Lily,Rossi,NO,1,LEISURE,1,ONLINE,black_f,black,tone_6,olive+green
P11854,Violet,Rahman,NO,2,BUSINESS,1,ONLINE,black_f,black,tone_4,olive+green
P11855,Aaliyah,Saleh,NO,1,SOLO,2,KIOSK,black,black,tone_5,suit
P11856,James,Perez,NO,2,LEISURE,1,ONLINE,blonde_f,black,tone_5,suit
P11857,Avery,Moreau,NO,1,FAMILY,3,DESK,brunette,blue,tone_4,olive+green
P11858,Malik,Reed,NO,3,LEISURE,2,ONLINE,black,blue,tone_5,red
P11859,Taylor,Wisniewski,NO,2,FAMILY,2,DESK,brunette_f,blue,tone_1,red
P11860,Valentina,Vu,NO,3,FAMILY,2,ONLINE,black,black,tone_3,red
P11861,Aditya,Cho,YES,5,BUSINESS,0,KIOSK,blonde_f,blue,tone_1,suit
P11862,Aiko,Carter,NO,2,FAMILY,2,DESK,black_f,black,tone_6,blue
P11863,Noor,Walker,YES,5,FAMILY,2,KIOSK,brunette_f,blue,tone_3,olive+green
P11864,Nisha,Wilson,NO,1,FAMILY,1,DESK,brunette,blue,tone_6,blue
P11865,Abena,Okafor,NO,1,FAMILY,2,DESK,black_f,black,tone_2,red
P11866,Emeka,Vu,NO,1,LEISURE,1,DESK,blonde_f,blue,tone_3,red
P11867,Benjamin,Rossi,NO,1,BUSINESS,1,KIOSK,brunette_f,blue,tone_3,olive+green
P11868,Charlotte,Chen,NO,1,BUSINESS,0,KIOSK,black_f,black,tone_5,blue
P11869,Akira,Taylor,NO,1,LEISURE,1,ONLINE,brunette,blue,tone_6,red
P11870,Aaliyah,Williams,YES,8,LEISURE,1,KIOSK,brunette,blue,tone_6,olive+green
P11871,Meera,Fofana,NO,2,BUSINESS,0,ONLINE,brunette_f,black,tone_6,olive+green
P11872,Benjamin,Weber,NO,2,FAMILY,1,DESK,black,blue,tone_3,suit
P11873,Isabella,Rahman,NO,2,FAMILY,1,DESK,black,blue,tone_3,blue
P11874,Camila,Bernard,NO,3,LEISURE,2,DESK,brunette_f,black,tone_6,suit
P11875,Leo,Malik,NO,1,SOLO,2,ONLINE,brunette_f,blue,tone_3,suit
P11876,George,Adams,NO,1,BUSINESS,0,ONLINE,blonde,black,tone_3,blue
P11877,Jules,Smith,NO,1,FAMILY,3,ONLINE,black,black,tone_1,suit
P11878,Tao,Xu,NO,3,BUSINESS,1,KIOSK,brunette,blue,tone_1,olive+green
P11879,Joon,Ferrari,NO,1,FAMILY,3,DESK,black_f,blue,tone_4,blue
P11880,Aanya,Balogun,NO,1,LEISURE,1,ONLINE,brunette_f,blue,tone_6,suit
P11881,Aryan,Wright,NO,1,LEISURE,1,KIOSK,blonde,black,tone_5,blue
P11882,Jamie,Rossi,NO,1,BUSINESS,1,ONLINE,black_f,black,tone_2,blue
P11883,Vivaan,Le,NO,1,LEISURE,1,KIOSK,brunette_f,black,tone_6,olive+green
P11884,Daichi,Singh,NO,3,LEISURE,0,ONLINE,brunette_f,black,tone_3,red
P11885,Charlie,Mansour,NO,3,FAMILY,2,DESK,blonde_f,blue,tone_6,suit
P11886,Karim,Iyer,NO,2,BUSINESS,0,ONLINE,brunette,black,tone_3,suit
P11887,Noor,Campbell,YES,8,SOLO,1,KIOSK,brunette,blue,tone_2,suit
P11888,Jacob,Tran,NO,2,LEISURE,0,ONLINE,brunette_f,black,tone_2,suit
P11889,Sophie,Eze,NO,1,LEISURE,1,ONLINE,blonde_f,black,tone_2,red
P11890,Khalid,Petit,NO,3,FAMILY,2,ONLINE,black,blue,tone_3,blue
P11891,Soyeon,Choi,NO,1,LEISURE,1,DESK,black_f,black,tone_2,suit
P11892,Orla,Bernard,NO,2,BUSINESS,1,ONLINE,brunette_f,blue,tone_5,blue
P11893,Aoife,Nowak,NO,1,LEISURE,1,ONLINE,brunette_f,black,tone_5,olive+green
P11894,Jasleen,Bennett,NO,1,LEISURE,1,KIOSK,brunette,blue,tone_1,suit
P11895,Hannah,Zhou,NO,3,LEISURE,1,ONLINE,blonde,black,tone_2,olive+green
P11896,Jules,Toure,NO,2,LEISURE,1,ONLINE,black,blue,tone_1,red
P11897,Sakura,Malhotra,NO,3,LEISURE,1,ONLINE,blonde,black,tone_6,blue
P11898,Ava,Iqbal,NO,3,SOLO,2,ONLINE,black,blue,tone_4,suit
P11899,Kabir,Yoon,NO,2,LEISURE,1,KIOSK,brunette,blue,tone_5,suit
P11900,Noor,Li,NO,1,LEISURE,1,DESK,blonde_f,black,tone_3,red
P11901,Victoria,Nair,NO,1,BUSINESS,2,ONLINE,blonde_f,black,tone_1,olive+green
P11902,Eoin,Parker,NO,2,LEISURE,0,ONLINE,blonde,black,tone_6,suit
P11903,Avery,Huang,NO,1,BUSINESS,1,KIOSK,brunette_f,black,tone_5,suit
P11904,Layla,Schneider,NO,3,FAMILY,3,DESK,brunette,blue,tone_4,suit
P11905,Poppy,Agyeman,NO,3,LEISURE,0,DESK,brunette,blue,tone_1,red
P11906,Mariam,Sow,NO,1,BUSINESS,1,ONLINE,brunette_f,black,tone_2,suit
P11907,Khalid,Bamba,NO,2,LEISURE,2,KIOSK,black_f,blue,tone_3,suit
P11908,Oisin,Camara,NO,2,FAMILY,2,ONLINE,blonde,black,tone_3,blue
P11909,Ming,Jung,YES,9,LEISURE,0,ONLINE,brunette,black,tone_3,blue
P11910,Georgia,Gupta,NO,2,LEISURE,1,DESK,brunette,black,tone_1,red
P11911,Emeka,Green,NO,2,LEISURE,2,DESK,blonde_f,blue,tone_2,olive+green
P11912,Alejandro,Taylor,YES,5,FAMILY,1,ONLINE,blonde_f,black,tone_2,red
P11913,Rohan,Jimenez,YES,10,LEISURE,1,DESK,blonde_f,blue,tone_1,blue
P11914,Leo,Walker,NO,1,FAMILY,2,ONLINE,blonde_f,black,tone_4,olive+green
P11915,Aarav,Reed,NO,3,BUSINESS,1,ONLINE,blonde_f,black,tone_3,suit
P11916,Oscar,Singh,YES,5,FAMILY,3,DESK,blonde_f,black,tone_6,red
P11917,Jasleen,Agyeman,NO,3,SOLO,0,ONLINE,brunette,black,tone_3,suit
P11918,Jonas,Iyer,NO,3,FAMILY,2,DESK,black_f,blue,tone_4,red
P11919,Tara,Ryan,NO,1,BUSINESS,1,ONLINE,blonde,black,tone_4,blue
P11920,Molly,Dang,NO,1,LEISURE,1,ONLINE,brunette,blue,tone_4,red
P11921,Sakura,Collins,NO,2,FAMILY,2,DESK,brunette_f,blue,tone_4,red
P11922,Ama,Sidhu,YES,5,LEISURE,0,ONLINE,brunette_f,blue,tone_1,olive+green
P11923,Sota,Sharma,NO,2,BUSINESS,1,KIOSK,brunette_f,black,tone_2,olive+green
P11924,Maeve,Chopra,YES,10,LEISURE,1,ONLINE,brunette_f,black,tone_5,blue
P11925,Simran,Fofana,NO,1,FAMILY,2,DESK,blonde,black,tone_3,red
P11926,Wei,Fofana,NO,2,LEISURE,1,KIOSK,blonde,blue,tone_4,blue
P11927,Harpreet,Siddiqui,NO,1,BUSINESS,2,ONLINE,black_f,black,tone_1,suit
P11928,Bethany,Anderson,NO,1,LEISURE,1,KIOSK,brunette_f,black,tone_5,olive+green
P11929,Rohan,Reddy,NO,1,LEISURE,2,KIOSK,black,black,tone_5,olive+green
P11930,Sebastian,Howard,NO,1,FAMILY,2,ONLINE,blonde,black,tone_1,suit
P11931,Kabir,Bose,NO,2,FAMILY,3,KIOSK,black,black,tone_1,red
P11932,Rohan,Robinson,NO,1,BUSINESS,1,KIOSK,black,black,tone_5,suit
P11933,Amelia,Kang,YES,9,FAMILY,1,DESK,blonde_f,blue,tone_2,red
P11934,Hamza,Mehta,YES,5,LEISURE,1,KIOSK,black_f,black,tone_1,suit
P11935,Manon,Mansour,NO,2,LEISURE,0,ONLINE,blonde,black,tone_4,red
P11936,Hannah,Williams,NO,1,SOLO,0,ONLINE,blonde,black,tone_5,olive+green
P11937,Hao,O'Brien,NO,2,LEISURE,1,ONLINE,brunette,blue,tone_5,blue
P11938,Navdeep,Asante,NO,1,LEISURE,0,ONLINE,black_f,black,tone_3,suit
P11939,Aanya,Evans,NO,1,BUSINESS,1,ONLINE,blonde,blue,tone_6,suit
P11940,Minji,Roberts,YES,5,LEISURE,1,ONLINE,brunette_f,black,tone_1,suit
P11941,Khalid,Adeyemi,NO,1,BUSINESS,0,ONLINE,black_f,blue,tone_5,suit
P11942,Kabir,Asante,YES,6,LEISURE,1,KIOSK,blonde,blue,tone_5,olive+green
P11943,Zain,Martinez,NO,1,LEISURE,1,DESK,blonde,blue,tone_6,blue
P11944,Victoria,Petit,NO,2,LEISURE,2,ONLINE,brunette,black,tone_2,blue
P11945,Jacob,Lewandowski,NO,3,LEISURE,1,DESK,black_f,blue,tone_1,blue
P11946,Arnav,Tanaka,NO,3,LEISURE,1,DESK,brunette,blue,tone_1,blue
P11947,Kacper,Keita,NO,1,LEISURE,0,DESK,blonde_f,blue,tone_4,red
P11948,Muhammad,Liu,NO,1,LEISURE,1,ONLINE,black,black,tone_4,red
P11949,Salma,Jackson,NO,1,FAMILY,1,KIOSK,black,blue,tone_6,olive+green
P11950,Anh,Mahmood,NO,1,LEISURE,1,DESK,blonde,blue,tone_5,suit
P11951,Victoria,Bose,NO,1,LEISURE,1,DESK,brunette_f,black,tone_2,red
P11952,Luke,Dubois,NO,1,FAMILY,2,KIOSK,brunette_f,black,tone_2,suit
P11953,Ava,Bui,NO,1,FAMILY,1,ONLINE,brunette_f,blue,tone_6,olive+green
P11954,Minho,Ryan,NO,1,LEISURE,1,KIOSK,blonde_f,blue,tone_1,suit
P11955,Daichi,Martinez,NO,1,FAMILY,2,DESK,black_f,blue,tone_2,suit
P11956,Sophie,Walsh,NO,1,BUSINESS,1,ONLINE,blonde,blue,tone_1,red
P11957,Aryan,Parker,NO,1,LEISURE,1,KIOSK,black_f,black,tone_3,blue
P11958,Akira,Petit,YES,7,BUSINESS,1,ONLINE,black_f,black,tone_1,red
P11959,Imani,Young,NO,2,SOLO,1,KIOSK,blonde_f,blue,tone_3,suit
P11960,Jun,Baker,YES,10,LEISURE,1,KIOSK,black_f,blue,tone_6,olive+green
P11961,Khalid,Grant,NO,1,LEISURE,1,ONLINE,black,blue,tone_3,suit
P11962,Camila,Shah,NO,1,LEISURE,1,ONLINE,brunette,blue,tone_2,olive+green
P11963,Alejandro,Kelly,NO,2,LEISURE,0,DESK,brunette,black,tone_4,red
P11964,Tariq,Okafor,NO,2,LEISURE,1,KIOSK,black_f,black,tone_4,blue
P11965,Samar,Ali,NO,1,BUSINESS,1,ONLINE,blonde,blue,tone_3,red
P11966,Ishaan,Yoon,NO,2,SOLO,1,ONLINE,brunette,blue,tone_3,blue
P11967,Mariam,Howard,NO,1,FAMILY,2,ONLINE,black_f,black,tone_5,olive+green
P11968,Orla,Williams,NO,2,SOLO,1,ONLINE,blonde,black,tone_3,olive+green
P11969,Aoife,Park,NO,1,SOLO,1,ONLINE,black,blue,tone_6,suit
P11970,Tariq,Petit,NO,1,SOLO,1,DESK,black_f,black,tone_4,blue
P11971,Minho,Jung,NO,1,LEISURE,1,ONLINE,blonde,black,tone_6,red
P11972,Ananya,Iqbal,YES,7,LEISURE,1,KIOSK,blonde_f,black,tone_1,suit
P11973,Ama,Johnson,NO,2,FAMILY,1,KIOSK,brunette_f,blue,tone_4,olive+green
P11974,Kenji,Parker,NO,2,BUSINESS,0,ONLINE,black,black,tone_4,red
P11975,Zofia,Esposito,NO,1,BUSINESS,1,ONLINE,brunette_f,blue,tone_3,olive+green
P11976,Anja,Romano,NO,1,LEISURE,1,DESK,blonde,blue,tone_6,red
P11977,Bethany,Suzuki,NO,1,SOLO,1,ONLINE,black_f,blue,tone_6,blue
P11978,Cameron,Jimenez,NO,2,FAMILY,3,DESK,brunette,blue,tone_4,blue
P11979,Ama,Williams,YES,6,FAMILY,3,DESK,blonde,blue,tone_5,olive+green
P11980,Imani,Wisniewski,YES,9,BUSINESS,1,KIOSK,blonde,black,tone_5,suit
P11981,Emilia,Walsh,NO,1,BUSINESS,0,KIOSK,black,black,tone_2,blue
P11982,Charlie,Doyle,NO,1,FAMILY,2,ONLINE,black_f,black,tone_1,suit
P11983,Ronan,Nair,YES,10,FAMILY,3,ONLINE,black,blue,tone_3,red
P11984,Karim,Zhang,YES,5,FAMILY,2,DESK,brunette,blue,tone_6,suit
P11985,Chiara,Muller,NO,1,LEISURE,0,ONLINE,blonde,black,tone_3,suit
P11986,Rohan,Weber,YES,9,FAMILY,2,ONLINE,brunette_f,blue,tone_5,olive+green
P11987,Cameron,Hoang,NO,1,BUSINESS,0,DESK,black_f,blue,tone_6,olive+green
P11988,Muhammad,Moretti,NO,1,BUSINESS,1,ONLINE,brunette_f,black,tone_1,red
P11989,Sebastian,Patel,YES,7,BUSINESS,1,ONLINE,black,blue,tone_1,red
P11990,Jamie,Haddad,NO,1,BUSINESS,1,ONLINE,black,black,tone_1,olive+green
P11991,George,Robinson,NO,2,LEISURE,1,DESK,brunette_f,blue,tone_3,red
P11992,Gabriel,Zhang,NO,1,SOLO,1,KIOSK,black,blue,tone_4,red
P11993,Aoife,Watson,NO,1,FAMILY,2,KIOSK,blonde_f,blue,tone_2,blue
P11994,Jamie,Ryan,NO,2,LEISURE,1,DESK,black_f,blue,tone_6,red
P11995,Gurpreet,Gill,NO,1,LEISURE,1,ONLINE,black_f,black,tone_3,red
P11996,Jonas,Hoang,NO,2,SOLO,1,DESK,black,blue,tone_4,red
P11997,Reyansh,Joshi,YES,8,LEISURE,1,ONLINE,blonde_f,blue,tone_3,red
P11998,Anh,Reed,YES,6,LEISURE,1,DESK,brunette_f,black,tone_4,blue
P11999,Nisha,Adams,NO,1,LEISURE,0,KIOSK,brunette_f,blue,tone_1,suit
P12000,Emilia,Kumar,NO,2,BUSINESS,0,ONLINE,brunette_f,black,tone_6,olive+green
